event_id,symbol,report_date,timing,fiscal_period,eps_actual,eps_consensus,eps_consensus_asof,revenue_actual,revenue_consensus,next_report_date,material_8k_dates
acf8877a6e1dc77dbae9ee20b06ba874,SY000,2019-05-01,BMO,2019Q1,2.38,2.69,2019-04-30,12294670478.00,11493673659.00,2019-07-31,
db822d9d66263286cb795e3f35742697,SY000,2019-07-31,AMC,2019Q2,2.10,2.34,2019-07-30,4553939594.00,4672447375.00,2019-10-29,
937a156d1295eda0f913ba7a336620b0,SY000,2019-10-29,AMC,2019Q3,2.65,2.41,2019-10-28,8314844005.00,8516669236.00,2020-01-30,
cc54baa5b35d056026ab79bae41033d5,SY000,2020-01-30,BMO,2020Q4,2.97,2.94,2020-01-29,16933932086.00,17445421731.00,2020-04-30,
722b4787306ccdc2c52f1390a9cb94c2,SY000,2020-04-30,BMO,2020Q1,2.09,2.17,2020-04-29,3847236489.00,3832681066.00,2020-07-30,2020-05-12
fbe6bc6e2dbfb49685719fa7a0b6812b,SY000,2020-07-30,BMO,2020Q2,0.83,0.73,2020-07-29,10110883742.00,10406266626.00,2020-10-28,
fd2ebf4ce29d1ad5441d536c2d1a84e8,SY000,2020-10-28,BMO,2020Q3,1.51,1.76,2020-10-27,16003572467.00,15412829059.00,2021-01-29,
9888cd5602905a39d912d64392104c18,SY000,2021-01-29,BMO,2021Q4,2.75,2.85,2021-01-28,5743581196.00,5766628194.00,2021-04-30,
68c52eb7535863faa7d091d6de5bfa84,SY000,2021-04-30,AMC,2021Q1,2.58,2.75,2021-04-29,13207008208.00,13720164822.00,2021-07-30,
d00b7e113125e5e5ca9aa9bfbff33b2b,SY000,2021-07-30,BMO,2021Q2,0.90,0.62,2021-07-29,5497570489.00,5264494182.00,2021-10-28,2021-08-19
791a23b0818a90527fbfd66cd8eb78fc,SY000,2021-10-28,AMC,2021Q3,1.00,1.21,2021-10-27,15771053169.00,15608180411.00,2022-01-28,
5ed3ad732b06932930112583bd205c3c,SY000,2022-01-28,BMO,2022Q4,1.68,1.14,2022-01-27,9798743786.00,9245604873.00,2022-04-29,
fe2e16af0e23d298d47cd7bf5f80fb4b,SY000,2022-04-29,BMO,2022Q1,1.59,1.42,2022-04-28,1565290853.00,1467153757.00,2022-08-01,
0a14706bfb28abf823b3b8414879c64f,SY000,2022-08-01,BMO,2022Q2,1.31,1.43,2022-07-31,17022448470.00,16596926663.00,2022-10-28,
3d9f82005977333434004178320c2648,SY000,2022-10-28,AMC,2022Q3,1.36,1.64,2022-10-27,11494867763.00,11855027752.00,2023-01-31,
199f2146df61072af8f9780da119c347,SY000,2023-01-31,BMO,2023Q4,1.95,2.17,2023-01-30,11266140056.00,11057892231.00,2023-05-02,
cf936552427090ad0fd1b081b27d6c5e,SY000,2023-05-02,AMC,2023Q1,1.57,1.13,2023-05-01,8179566664.00,8367846965.00,2023-08-02,
cd00c0ec576008223429e9cf0b8d2888,SY000,2023-08-02,BMO,2023Q2,1.19,1.33,2023-08-01,7012126819.00,7009873213.00,2023-10-31,
8c66e8cca0dc72a3793f4e4e2bc66d72,SY000,2023-10-31,AMC,2023Q3,3.10,2.83,2023-10-30,10131927727.00,10224026917.00,2024-02-01,
c150a1423883ca4aa301d57a0576a260,SY000,2024-02-01,BMO,2024Q4,2.94,2.77,2024-01-31,19485865324.00,19747758704.00,2024-05-02,
d697c5ae5b39eaa7a90566367f6cfb1a,SY000,2024-05-02,BMO,2024Q1,2.37,2.56,2024-05-01,13279710832.00,13467776887.00,2024-08-02,
2931e695042fc80b154f787b87fd10da,SY000,2024-08-02,AMC,2024Q2,3.08,2.83,2024-08-01,12046851532.00,11395618578.00,2024-10-31,
e802b479a1f232d5fc609c8f7e922dcf,SY000,2024-10-31,BMO,2024Q3,0.88,1.00,2024-10-30,11025037387.00,10802693133.00,2025-02-04,
194399cd6ad6a430de3060048273c42a,SY000,2025-02-04,BMO,2025Q4,1.33,1.32,2025-02-03,17434571219.00,17591444726.00,2025-05-06,
a430421cf2f4791370a11064791f8663,SY000,2025-05-06,BMO,2025Q1,0.97,0.66,2025-05-05,2767336628.00,2741189130.00,2025-08-06,
41d7d560cdd24d109993e841cb2aff71,SY000,2025-08-06,AMC,2025Q2,0.59,0.67,2025-08-05,2874813163.00,2865614211.00,2025-11-04,2025-09-03
82276a8cba45b6cc54c48997d31676e4,SY000,2025-11-04,AMC,2025Q3,1.97,1.79,2025-11-03,3683836873.00,3600813971.00,,
8eb33473f8750036b139eb2d50c6e84b,SY001,2019-04-25,BMO,2019Q1,1.58,1.08,2019-04-24,12970131794.00,12341552230.00,2019-07-25,
190e3453a6279a173a6e57e53c73d1b6,SY001,2019-07-25,AMC,2019Q2,1.77,2.04,2019-07-24,7683386097.00,7978416432.00,2019-10-23,
ebab6a83cd1fda5aa7b27543a0f4f9b7,SY001,2019-10-23,AMC,2019Q3,2.70,2.84,2019-10-22,4709841382.00,4728425635.00,2020-01-24,
81a4e968d16af0a60363b4f82ded3000,SY001,2020-01-24,AMC,2020Q4,2.30,2.06,2020-01-23,11881095292.00,11539745915.00,2020-04-24,
2272daaa8fe98605d626f983ec05acd9,SY001,2020-04-24,BMO,2020Q1,0.47,0.81,2020-04-23,20341190994.00,19348724024.00,2020-07-24,2020-05-11
ef0377fed60526cfa21e59359ef39f6a,SY001,2020-07-24,AMC,2020Q2,2.68,2.44,2020-07-23,5684560323.00,5748595703.00,2020-10-22,
0d6926488f900831391dbe778ad426f3,SY001,2020-10-22,AMC,2020Q3,1.09,1.12,2020-10-21,5772720666.00,6129279286.00,2021-01-25,
c529862dc455ad26907cb620bc377d35,SY001,2021-01-25,AMC,2021Q4,1.85,2.07,2021-01-24,19136849383.00,19098920709.00,2021-04-26,
285397c85901b46d16a5ef4d9f1f5342,SY001,2021-04-26,BMO,2021Q1,1.94,1.88,2021-04-25,15532973739.00,16024818441.00,2021-07-26,
98f78c55760ebd72174ca0037dadabc2,SY001,2021-07-26,AMC,2021Q2,0.85,0.77,2021-07-25,5799245816.00,5676012250.00,2021-10-22,
74830c44605aaca18c82cbc2649cfd6e,SY001,2021-10-22,AMC,2021Q3,1.84,2.04,2021-10-21,18658405281.00,19577578686.00,2022-01-24,
8a1e4029956401096a305958bde3b817,SY001,2022-01-24,AMC,2022Q4,2.66,2.49,2022-01-23,16446178395.00,17070292147.00,2022-04-25,
5d4070eaed403367c4b44735e6258941,SY001,2022-04-25,BMO,2022Q1,2.36,2.38,2022-04-24,6971278496.00,6682083709.00,2022-07-26,
5d57b0c0207ceb397779f61a9f9736cb,SY001,2022-07-26,BMO,2022Q2,1.96,2.18,2022-07-25,7116771528.00,7186868019.00,2022-10-24,
bc6ee1fa5d9052415945df786620d37a,SY001,2022-10-24,AMC,2022Q3,1.53,1.81,2022-10-23,14921177635.00,14913953954.00,2023-01-25,
a6bfaa92ba1508c15703c5f4d1ba49ab,SY001,2023-01-25,BMO,2023Q4,2.57,2.64,2023-01-24,11259484976.00,11970959996.00,2023-04-26,
ff8905db00320243efee7cdedc635b47,SY001,2023-04-26,AMC,2023Q1,2.93,2.98,2023-04-25,16154566946.00,15273956532.00,2023-07-27,
da408d95fd96f8ad153de6c653c8bce3,SY001,2023-07-27,BMO,2023Q2,1.43,1.24,2023-07-26,9060883831.00,9168454758.00,2023-10-25,
4c66cfe5b55906cc10483e5aa49a3ddf,SY001,2023-10-25,AMC,2023Q3,1.79,1.73,2023-10-24,10376232172.00,10102379705.00,2024-01-26,
c0370356a46a783b85830a4a96b6c2d8,SY001,2024-01-26,BMO,2024Q4,2.33,2.12,2024-01-25,15447452825.00,15470607709.00,2024-04-26,
7cfeca1b40443597d794ac77d41b8ee1,SY001,2024-04-26,AMC,2024Q1,1.79,1.88,2024-04-25,16932917347.00,16636327779.00,2024-07-29,
da382b55da80297be425cee8d61d662e,SY001,2024-07-29,AMC,2024Q2,2.01,2.42,2024-07-28,7770023097.00,8164926978.00,2024-10-25,
edb8a7898e973b9048b8f088e04c8b7a,SY001,2024-10-25,BMO,2024Q3,1.65,1.75,2024-10-24,14636009688.00,14689687642.00,2025-01-29,
ffcd879f78d12ac82fca92a077ac54ff,SY001,2025-01-29,BMO,2025Q4,2.04,1.82,2025-01-28,5950390959.00,5976225297.00,2025-04-30,
18756e8cd6c19868ca11a7b265495493,SY001,2025-04-30,BMO,2025Q1,2.52,2.87,2025-04-29,5217127181.00,5149088941.00,2025-07-31,2025-05-15
c7185e758d308ec2404824c95fbed8c8,SY001,2025-07-31,AMC,2025Q2,1.84,2.29,2025-07-30,2349589164.00,2368249495.00,2025-10-29,
d8496ea1491f721ed889364b84b3c128,SY001,2025-10-29,AMC,2025Q3,0.91,0.84,2025-10-28,1352008424.00,1417296484.00,,
4cfbca40332a184d85404da6e3fd87c4,SY002,2019-05-01,AMC,2019Q1,1.74,1.84,2019-04-30,16876496123.00,17749580343.00,2019-07-31,2019-05-20
78f6ecee15736b9fdbc9257328f7b9c6,SY002,2019-07-31,AMC,2019Q2,2.70,2.96,2019-07-30,14816105722.00,15165458775.00,2019-10-29,
793305e51b56b19da816667cdb107844,SY002,2019-10-29,BMO,2019Q3,0.88,1.19,2019-10-28,4902257016.00,4800093721.00,2020-01-30,
5a8809253f7085bad30f3220bfc85941,SY002,2020-01-30,AMC,2020Q4,1.28,1.63,2020-01-29,7291209556.00,7501432355.00,2020-04-30,
336a6f032dcd8b23bb8ef0d4c56417b0,SY002,2020-04-30,AMC,2020Q1,2.66,2.72,2020-04-29,13109901552.00,13224907573.00,2020-07-30,
1f73ec47c3ea46673faa413124764664,SY002,2020-07-30,BMO,2020Q2,0.28,0.55,2020-07-29,15244592290.00,16027826700.00,2020-10-28,
75489372135ac6be3e5c79a08ebd2b35,SY002,2020-10-28,BMO,2020Q3,2.09,1.90,2020-10-27,19288277877.00,19130652417.00,2021-01-29,
bba5069e90a43a63b9e651464ff47cf5,SY002,2021-01-29,AMC,2021Q4,2.49,2.31,2021-01-28,17299748898.00,17256296366.00,2021-04-30,2021-02-11
6425d7c5ec73b54a474c49e7942c6962,SY002,2021-04-30,BMO,2021Q1,2.89,2.47,2021-04-29,17850249456.00,17615403389.00,2021-07-30,
a34ba95c659a9d0fd819de70d4be9fc1,SY002,2021-07-30,AMC,2021Q2,1.61,1.93,2021-07-29,8853918646.00,9770917901.00,2021-10-28,
ffa1aa8e48042f292f888de9624d009e,SY002,2021-10-28,BMO,2021Q3,2.92,2.94,2021-10-27,7050470953.00,7013018433.00,2022-01-28,2021-11-09
0469b40294f63d7587495b7528b41f48,SY002,2022-01-28,AMC,2022Q4,1.34,1.20,2022-01-27,10764692378.00,10335950690.00,2022-04-29,
180628d05cfda4414ad02edb5c031e63,SY002,2022-04-29,AMC,2022Q1,0.30,0.58,2022-04-28,11329153911.00,11246151384.00,2022-08-01,2022-05-24
8b1fadd87e350ac39cdeb6b83a8aafff,SY002,2022-08-01,BMO,2022Q2,1.76,2.21,2022-07-31,18053539956.00,18116948343.00,2022-10-28,
0d2045f03e68a8a2c5f23db562e32e63,SY002,2022-10-28,BMO,2022Q3,0.84,0.86,2022-10-27,2678211455.00,2640662911.00,2023-01-31,
e2e2206fcb09419230b5fcdfab38f920,SY002,2023-01-31,AMC,2023Q4,2.36,2.35,2023-01-30,18498944267.00,18782021031.00,2023-05-02,
158c987fecceee07b5f57e6bb7f8bf30,SY002,2023-05-02,BMO,2023Q1,1.77,1.56,2023-05-01,12498600759.00,11276906156.00,2023-08-02,
db504ae6bc5d5fc01092d1056e2e1855,SY002,2023-08-02,BMO,2023Q2,2.13,2.21,2023-08-01,3479190192.00,3284208743.00,2023-10-31,
2d7243432ec2d4beba7ca13e8986bebe,SY002,2023-10-31,BMO,2023Q3,1.38,1.28,2023-10-30,14167860468.00,13471008960.00,2024-02-01,
27919259671c2f3c5b8c946316739a67,SY002,2024-02-01,BMO,2024Q4,1.75,1.92,2024-01-31,659335846.00,630919294.00,2024-05-02,
28eb06b22e7fb4e324173bcff6a313ff,SY002,2024-05-02,AMC,2024Q1,1.93,1.98,2024-05-01,3384935376.00,3194289669.00,2024-08-02,
7e1a01e5a5176654cd81509eb35d46ce,SY002,2024-08-02,AMC,2024Q2,1.16,1.38,2024-08-01,7329687396.00,7649168611.00,2024-10-31,
b2ea690c75c7326b1d1ce3569f219395,SY002,2024-10-31,BMO,2024Q3,1.64,1.73,2024-10-30,18020467320.00,18901597521.00,2025-02-04,
9168b864bd9c77505daec8f02db85ef1,SY002,2025-02-04,BMO,2025Q4,2.94,2.77,2025-02-03,14365031281.00,14841394721.00,2025-05-06,
52efd359cdb16f3f10d54305dbf917de,SY002,2025-05-06,AMC,2025Q1,1.42,1.84,2025-05-05,2692316591.00,2762046730.00,2025-08-06,
58b7ae1754b7abf0a6ba2c8934e877a3,SY002,2025-08-06,BMO,2025Q2,1.17,1.26,2025-08-05,1279053597.00,1297457568.00,2025-11-04,
b0b756df315342e3d51db9e260e9d8a5,SY002,2025-11-04,BMO,2025Q3,2.36,2.23,2025-11-03,8527236594.00,8480167574.00,,
95cf3c15e5cd59d2a35aa2f3d8102f5f,SY003,2019-06-12,AMC,2019Q1,2.43,2.35,2019-06-11,16732692803.00,16515420975.00,2019-09-11,
1629049e3677a2176f527a70e56ae093,SY003,2019-09-11,BMO,2019Q2,1.85,1.99,2019-09-10,1505053873.00,1512441518.00,2019-12-10,
b9f400b82ce73387f33b3dc754ff7ccf,SY003,2019-12-10,AMC,2019Q3,1.15,1.19,2019-12-09,17283089834.00,16546880141.00,2020-03-12,2019-12-19
aca34f2edf66b69b62dc14d2bed2bd65,SY003,2020-03-12,AMC,2020Q4,3.03,3.00,2020-03-11,18933799325.00,19169104526.00,2020-06-11,
1c43e2cbe0125a4fc4b251d98c56d7b8,SY003,2020-06-11,AMC,2020Q1,2.90,2.47,2020-06-10,14202395029.00,14582993661.00,2020-09-10,
d86ede52c507c8a730230092b91d9a77,SY003,2020-09-10,BMO,2020Q2,0.77,0.78,2020-09-09,9110997032.00,9607672214.00,2020-12-09,
e58c79a427c826666f4fbcd7a8ce2101,SY003,2020-12-09,BMO,2020Q3,1.95,1.92,2020-12-08,9958091772.00,9511737381.00,2021-03-12,
b694e2216b638e44f08bfee1bfaa9b13,SY003,2021-03-12,AMC,2021Q4,1.99,1.99,2021-03-11,14977870217.00,15399332710.00,2021-06-11,
0e53def95d9e344743426fc8348fe11e,SY003,2021-06-11,BMO,2021Q1,2.71,2.95,2021-06-10,13694486056.00,13398527914.00,2021-09-10,
14e284a6c0d94b308e1fc581ee29bea4,SY003,2021-09-10,BMO,2021Q2,0.76,1.02,2021-09-09,12790811714.00,12786046329.00,2021-12-09,
976011873431f09b2d50e664a9cf107a,SY003,2021-12-09,BMO,2021Q3,2.00,2.26,2021-12-08,20164284571.00,19793711730.00,2022-03-11,
b98799ebf7204d833aeae909ba028097,SY003,2022-03-11,AMC,2022Q4,0.65,0.65,2022-03-10,15703447062.00,16052439216.00,2022-06-10,2022-04-01
40f03bddc29ba863a572471b6de630c6,SY003,2022-06-10,BMO,2022Q1,0.80,0.86,2022-06-09,8176594915.00,7963048732.00,2022-09-12,
9573b9ffdda0797cabcbfb1fa153a36f,SY003,2022-09-12,AMC,2022Q2,2.29,2.29,2022-09-11,14480168606.00,13629401458.00,2022-12-09,
489173979d0953e8dd95d0638908011f,SY003,2022-12-09,BMO,2022Q3,0.81,0.72,2022-12-08,4954185522.00,5030100430.00,2023-03-14,
f4eae9691c659edd5b5f09098589934a,SY003,2023-03-14,AMC,2023Q4,3.05,2.92,2023-03-13,18870670517.00,19658673417.00,2023-06-13,
e0d3651d497aafd39e2a29e56c008f74,SY003,2023-06-13,BMO,2023Q1,1.48,1.42,2023-06-12,15967580403.00,15831336617.00,2023-09-13,2023-07-11
ed7be270e50291413c51ff50df7b3d26,SY003,2023-09-13,AMC,2023Q2,2.90,2.82,2023-09-12,8507200319.00,8648227854.00,2023-12-12,
fbb84f341697e7d671c79ab3825654cf,SY003,2023-12-12,AMC,2023Q3,1.02,1.26,2023-12-11,8758932813.00,8619683130.00,2024-03-14,
93e3ae813c5b37d26db8326061ea4fe4,SY003,2024-03-14,BMO,2024Q4,2.48,2.54,2024-03-13,16760023872.00,16479911927.00,2024-06-13,
76e01d0d2bb09ffb624ab33dab5a821e,SY003,2024-06-13,BMO,2024Q1,2.48,2.45,2024-06-12,13191600172.00,11716380731.00,2024-09-13,2024-06-21
ce2b8e194879f2f5392529596b03a572,SY003,2024-09-13,BMO,2024Q2,2.84,2.74,2024-09-12,8575981427.00,9392007327.00,2024-12-12,
38b26fe97d65cf6d0e1e5b71823b2d93,SY003,2024-12-12,BMO,2024Q3,1.21,1.39,2024-12-11,13056124779.00,12912670277.00,2025-03-18,
33b1712109fbc915e0eed7fabebd3d1f,SY003,2025-03-18,AMC,2025Q4,1.64,1.88,2025-03-17,4126918773.00,4228511422.00,2025-06-17,
a7900d7df18d36a73f3f9372118da2dd,SY003,2025-06-17,BMO,2025Q1,1.32,1.19,2025-06-16,11835495980.00,12346150856.00,2025-09-17,
85b9ee55322ffc9a335079bea898b384,SY003,2025-09-17,AMC,2025Q2,1.89,1.80,2025-09-16,6783516004.00,6964160377.00,2025-12-16,
cf76cc5ccb36e8c8f8340d7c9a735c8b,SY003,2025-12-16,AMC,2025Q3,0.85,0.93,2025-12-15,10217357629.00,10207753732.00,,
ca22844563c7a6c4aa714933e4519251,SY004,2019-04-18,BMO,2019Q1,1.56,1.50,2019-04-17,8486758550.00,8632945958.00,2019-07-19,
3e641060e79102e784d8ce0b8e60184f,SY004,2019-07-19,AMC,2019Q2,1.47,1.15,2019-07-18,12078770184.00,12334572546.00,2019-10-17,
e4f8a5f1e554ffbb0dae53c92abd232a,SY004,2019-10-17,AMC,2019Q3,1.05,1.66,2019-10-16,10532604730.00,10600744863.00,2020-01-17,
8070d5b352a77dc697acda74e3fc64b3,SY004,2020-01-17,BMO,2020Q4,2.96,2.71,2020-01-16,14438702086.00,14965593757.00,2020-04-20,
1c3c100535c401a8bfb4c992dad0e1c6,SY004,2020-04-20,AMC,2020Q1,1.68,1.58,2020-04-19,15943386581.00,15993428502.00,2020-07-20,
7bdf43ea1bbb04456fc3a36098c72a3a,SY004,2020-07-20,AMC,2020Q2,0.90,1.26,2020-07-19,18324777304.00,19152529359.00,2020-10-16,2020-08-14
a9b57d34e47f8672581c461cc147e6e6,SY004,2020-10-16,AMC,2020Q3,2.15,2.12,2020-10-15,1107411782.00,1092713433.00,2021-01-19,
81c3343df6ff76cf0aeb921bfb60dcd8,SY004,2021-01-19,BMO,2021Q4,1.28,1.07,2021-01-18,2230904003.00,2163580729.00,2021-04-20,
aa89eeee7c416d5029ab09a791dab3e5,SY004,2021-04-20,AMC,2021Q1,2.93,2.98,2021-04-19,15038944813.00,14755479292.00,2021-07-20,
318482dd4dd1eb42e40a530dd8f9bb88,SY004,2021-07-20,BMO,2021Q2,1.92,2.05,2021-07-19,8269030388.00,8186178393.00,2021-10-18,2021-08-11
1f87e25035d953383bf728b03783457e,SY004,2021-10-18,BMO,2021Q3,1.38,1.31,2021-10-17,13023247500.00,12851933181.00,2022-01-18,
9b66273d79cd0d1a966485d944aad0d7,SY004,2022-01-18,AMC,2022Q4,0.78,0.75,2022-01-17,17687055959.00,17440839182.00,2022-04-19,
4b3fd7a6dd2f65d8877c4fddac893239,SY004,2022-04-19,BMO,2022Q1,2.70,2.57,2022-04-18,2760389002.00,2794004697.00,2022-07-20,
21bca247e3f4979c7b447cabc164889f,SY004,2022-07-20,AMC,2022Q2,3.12,2.97,2022-07-19,19796304913.00,19264843391.00,2022-10-18,
3430fbe509f22af7f4a90405299025f5,SY004,2022-10-18,AMC,2022Q3,1.73,1.75,2022-10-17,13373802076.00,12699593996.00,2023-01-19,
293d8576feba999ad634f5a7c82b5f80,SY004,2023-01-19,BMO,2023Q4,1.80,1.81,2023-01-18,8261311172.00,7846438882.00,2023-04-20,
209ea3bf2a01584b01b35828cde28462,SY004,2023-04-20,AMC,2023Q1,0.88,0.88,2023-04-19,3803303354.00,3647977647.00,2023-07-21,
97a8395188a836f3d8dcd4f53d2c5982,SY004,2023-07-21,AMC,2023Q2,2.29,2.81,2023-07-20,20135793863.00,19927095141.00,2023-10-19,
593a2bcbc7f51199f7d6ccea58c1142e,SY004,2023-10-19,BMO,2023Q3,2.50,2.58,2023-10-18,8854303527.00,9025434641.00,2024-01-22,
4499bf4ccbd41ba88cfdf08dd14dbb74,SY004,2024-01-22,BMO,2024Q4,1.64,1.34,2024-01-21,8671927505.00,9075563770.00,2024-04-22,
4212c86e8e0a96c285928b116a37e322,SY004,2024-04-22,BMO,2024Q1,2.37,2.26,2024-04-21,17864484440.00,17961784858.00,2024-07-23,2024-05-10
be1452a338808d42e03fff938da9298b,SY004,2024-07-23,BMO,2024Q2,1.07,1.26,2024-07-22,19302539727.00,19585719961.00,2024-10-21,
0b379b648adf3c1f86f047f9eb074ae1,SY004,2024-10-21,AMC,2024Q3,2.80,2.81,2024-10-20,16834526957.00,16853513896.00,2025-01-23,
8cad20cb6098f46c429c9f1640f2e7ca,SY004,2025-01-23,BMO,2025Q4,1.86,2.06,2025-01-22,10193556126.00,10622073719.00,2025-04-24,2025-01-31
87d1d25602651fbed60735ca8bd3f322,SY004,2025-04-24,BMO,2025Q1,0.99,0.77,2025-04-23,4460751453.00,4660556271.00,2025-07-25,
89994074658bb51203169fb99c0c4c87,SY004,2025-07-25,AMC,2025Q2,2.77,2.71,2025-07-24,900352187.00,898113167.00,2025-10-23,
54427711dfcce9f65d30e51d873075a6,SY004,2025-10-23,BMO,2025Q3,2.93,2.72,2025-10-22,17565072790.00,17789312635.00,,
d411c2fb9db3713e11880605b3dee7e1,SY005,2019-06-20,BMO,2019Q1,2.24,2.38,2019-06-19,4324174131.00,4188654485.00,2019-09-19,
4c9b03b0ee33c68fcfce69baf3310089,SY005,2019-09-19,AMC,2019Q2,1.13,1.00,2019-09-18,17225444769.00,15936804984.00,2019-12-18,
454c304a618a08217d81f16568db3baa,SY005,2019-12-18,BMO,2019Q3,0.93,1.11,2019-12-17,17829155004.00,17239833051.00,2020-03-20,
3ad604c7996e6cbbda94c0c58595b3ef,SY005,2020-03-20,BMO,2020Q4,0.84,0.89,2020-03-19,4381682207.00,4344779263.00,2020-06-19,
50991a26ca8eff6bbf97c63fdd926064,SY005,2020-06-19,AMC,2020Q1,1.84,1.64,2020-06-18,10761829350.00,10706139811.00,2020-09-18,
c58ca471bcdccb7a11058a10ce80cfcb,SY005,2020-09-18,BMO,2020Q2,0.82,0.87,2020-09-17,14670441575.00,14672337089.00,2020-12-17,
0f9361462b69f4bacfcbe6c00f7133b8,SY005,2020-12-17,AMC,2020Q3,2.20,1.92,2020-12-16,6717957392.00,6731505584.00,2021-03-22,
315a47008a052e36a8a8d51292027702,SY005,2021-03-22,BMO,2021Q4,1.30,1.49,2021-03-21,1989416177.00,2051923309.00,2021-06-21,2021-04-14
219651f2dc554a2bf895ccdac33980ea,SY005,2021-06-21,BMO,2021Q1,2.11,1.76,2021-06-20,1428256152.00,1378986016.00,2021-09-20,
d454922efda4695661013d2eaa7ab25a,SY005,2021-09-20,BMO,2021Q2,0.70,0.78,2021-09-19,8294384507.00,8129579477.00,2021-12-17,
2c763f550cbf4c0fdff88c03f1920d99,SY005,2021-12-17,BMO,2021Q3,2.14,2.25,2021-12-16,17148951592.00,17115156877.00,2022-03-21,
c61d8d94d4eaf9b95ff877e62d6ea8a2,SY005,2022-03-21,AMC,2022Q4,1.81,2.15,2022-03-20,13787466304.00,13636523455.00,2022-06-21,
6968c2acf18bcfd187e83ff4855cb798,SY005,2022-06-21,BMO,2022Q1,0.48,0.68,2022-06-20,990042788.00,1003326653.00,2022-09-20,
c23fed2ec89a278f426a52e811ce822e,SY005,2022-09-20,BMO,2022Q2,0.63,0.80,2022-09-19,961099114.00,958344939.00,2022-12-19,2022-09-27
1a0272f85a8d316b954bb724b2d0952b,SY005,2022-12-19,BMO,2022Q3,2.49,2.72,2022-12-18,10131098037.00,10213101935.00,2023-03-22,
ede2f0d494cbfd5d5c28a6edb5f052fa,SY005,2023-03-22,BMO,2023Q4,2.61,2.07,2023-03-21,11372354944.00,11441936028.00,2023-06-22,
03b1d5fb6143ecd26994c42e698311cb,SY005,2023-06-22,AMC,2023Q1,0.93,1.07,2023-06-21,18944340835.00,19190627768.00,2023-09-21,
83e984a372b6248a265e045c4a515445,SY005,2023-09-21,BMO,2023Q2,2.33,2.22,2023-09-20,15178103608.00,15004963600.00,2023-12-20,
756addbd75e08964490192df6245898d,SY005,2023-12-20,BMO,2023Q3,1.74,2.14,2023-12-19,15910266305.00,16493094431.00,2024-03-22,
c960b8d5d36316a5ad7a1b828a007d0f,SY005,2024-03-22,AMC,2024Q4,1.52,1.20,2024-03-21,17692097933.00,16870966275.00,2024-06-24,
b4ae8d1471af49ddac440321dc1935db,SY005,2024-06-24,BMO,2024Q1,2.13,2.15,2024-06-23,10260640018.00,10567667230.00,2024-09-23,
3de8f4d7e1a4b3779857a24b1b1d31a9,SY005,2024-09-23,AMC,2024Q2,1.98,2.11,2024-09-22,11869758958.00,11961182206.00,2024-12-20,
bb77e4bf05244983aa4c7e19d8319949,SY005,2024-12-20,AMC,2024Q3,2.62,2.87,2024-12-19,17311245365.00,17661103729.00,2025-03-26,
73a1e87a59526aedeafa284e18cfcfb1,SY005,2025-03-26,AMC,2025Q4,1.28,1.36,2025-03-25,5860422489.00,5920899230.00,2025-06-26,
5707b741a377dbf43623423080ad82bb,SY005,2025-06-26,AMC,2025Q1,1.11,1.35,2025-06-25,9123020452.00,8988628471.00,2025-09-25,
60e3d9602033f1d46e5ae52b3494b96b,SY005,2025-09-25,AMC,2025Q2,2.02,2.07,2025-09-24,3767918007.00,3796814819.00,2025-12-24,
e66d6080dda15800adb43e862b46ed61,SY005,2025-12-24,BMO,2025Q3,1.52,1.90,2025-12-23,1144840662.00,1177166952.00,,
9554bcc74b7cec2c8b3151ebcff23817,SY006,2019-05-24,BMO,2019Q1,1.51,1.11,2019-05-23,15628008681.00,16077073172.00,2019-08-23,
8aa6985d3a7ebca0cdd2b0cfcdc782d9,SY006,2019-08-23,AMC,2019Q2,0.34,0.51,2019-08-22,7326105444.00,7286690495.00,2019-11-21,
3d6580e8200a6a467ff8ee438bcdfefa,SY006,2019-11-21,BMO,2019Q3,0.89,1.09,2019-11-20,10119600540.00,9732921050.00,2020-02-25,
49e3f6fd7c82c9be9637857b992c786c,SY006,2020-02-25,AMC,2020Q4,2.06,1.90,2020-02-24,11788075902.00,12081726945.00,2020-05-26,
b69d584a9b1e3471ed1d21d74e00ff21,SY006,2020-05-26,BMO,2020Q1,2.47,2.41,2020-05-25,12775543871.00,12473199984.00,2020-08-24,
6eee039a5461382c7c9fac05523b18ab,SY006,2020-08-24,BMO,2020Q2,1.55,1.41,2020-08-23,16765350019.00,17030459412.00,2020-11-20,2020-09-01
8d25ba1a5bbd6a5f71031ee119dc548a,SY006,2020-11-20,BMO,2020Q3,0.87,0.69,2020-11-19,4146228168.00,4036548013.00,2021-02-24,
d4688a12799e74e3b0663a96fae5ee38,SY006,2021-02-24,AMC,2021Q4,0.82,0.79,2021-02-23,18188772667.00,16927104023.00,2021-05-25,
b9b1b534d35008c242acc359349d1bea,SY006,2021-05-25,BMO,2021Q1,1.73,1.99,2021-05-24,19726885367.00,19656333865.00,2021-08-24,
c6d7ea2abec0fd40452336ad799153d6,SY006,2021-08-24,AMC,2021Q2,1.11,1.10,2021-08-23,8200271689.00,8248037786.00,2021-11-22,
0416ff30baaf29e0fc9d63d69bbfd310,SY006,2021-11-22,BMO,2021Q3,1.81,1.74,2021-11-21,15349343827.00,15693962533.00,2022-02-23,
c1cf032591542a41852cd4184f28a679,SY006,2022-02-23,BMO,2022Q4,-0.12,0.56,2022-02-22,13852427067.00,14042853891.00,2022-05-24,
bdf0e3b6edc3c824e8b09298324300de,SY006,2022-05-24,AMC,2022Q1,1.71,1.84,2022-05-23,17865674617.00,18299998014.00,2022-08-24,
53c3b6dbf596c44ec22d698bf94bc01d,SY006,2022-08-24,BMO,2022Q2,0.48,0.53,2022-08-23,6236842361.00,6363308616.00,2022-11-22,
85be216d2d94718d7f06757635a2e00d,SY006,2022-11-22,BMO,2022Q3,2.08,1.84,2022-11-21,10710667593.00,9909700905.00,2023-02-24,
6eb6a7a6d1c833d5eddb39c136e79db2,SY006,2023-02-24,BMO,2023Q4,1.78,2.10,2023-02-23,1773195823.00,1916599003.00,2023-05-25,
885b5d26dfce185427ce3b82064cf55b,SY006,2023-05-25,AMC,2023Q1,1.64,1.68,2023-05-24,9636753218.00,9801843170.00,2023-08-25,
496f321e450482a83bd12d4e196f2ad7,SY006,2023-08-25,BMO,2023Q2,2.18,2.42,2023-08-24,20216141561.00,19451182472.00,2023-11-24,
d05ac1bd51ab2a6bbbab72c7bed5fa2d,SY006,2023-11-24,AMC,2023Q3,0.36,0.67,2023-11-23,17696628497.00,18791064932.00,2024-02-27,
938f7b55d9443ba45fa9eef860947f35,SY006,2024-02-27,BMO,2024Q4,0.80,1.07,2024-02-26,9909135308.00,10403302250.00,2024-05-28,
67fb9a9f2d96c782e9774c00320850c8,SY006,2024-05-28,BMO,2024Q1,1.88,1.75,2024-05-27,8479613590.00,8349620393.00,2024-08-27,
32b6655bb880b3141041a70cbf933081,SY006,2024-08-27,AMC,2024Q2,0.99,0.70,2024-08-26,4452792569.00,4471176209.00,2024-11-25,
2ee3948d17e77c14b6d550b82cea2e97,SY006,2024-11-25,BMO,2024Q3,2.85,2.86,2024-11-24,674518904.00,692899583.00,2025-02-28,
c9c5c1f73fa7cb71c40f72c16979a1ed,SY006,2025-02-28,AMC,2025Q4,2.76,2.85,2025-02-27,10297304393.00,10303035148.00,2025-05-30,
4de1011b79f12ba32f32b22c2315ee33,SY006,2025-05-30,BMO,2025Q1,1.05,1.15,2025-05-29,8708516212.00,8657844453.00,2025-08-29,
e62e29eb334103076276cb7bbcad3d28,SY006,2025-08-29,AMC,2025Q2,0.79,0.72,2025-08-28,14556833515.00,14266219126.00,2025-11-28,
6dd80942cd49e1c8089d92f104de3e53,SY006,2025-11-28,AMC,2025Q3,2.71,2.65,2025-11-27,2481746356.00,2370887891.00,,
206422b6beb64d8686fd6af41ba21788,SY007,2019-04-08,AMC,2019Q1,0.68,0.64,2019-04-07,11316980161.00,11112039677.00,2019-07-09,
ff2e4f12cc088b6bb99e62be3c6ea219,SY007,2019-07-09,BMO,2019Q2,2.39,2.45,2019-07-08,15887056717.00,16702798629.00,2019-10-07,
bc96555644a84c8c9b88cb6cd355fa3d,SY007,2019-10-07,BMO,2019Q3,1.14,1.40,2019-10-06,5554445367.00,5673204069.00,2020-01-07,
896880d495514f9a68a6c0234dad26b9,SY007,2020-01-07,AMC,2020Q4,1.85,2.04,2020-01-06,2512920525.00,2452828456.00,2020-04-07,
e88b144a1b5961abd605dc3b5bc4e172,SY007,2020-04-07,AMC,2020Q1,1.35,1.39,2020-04-06,10201218823.00,9968593581.00,2020-07-08,
53d997ddd3ce3c4690eedc8dee3e308b,SY007,2020-07-08,BMO,2020Q2,0.82,1.10,2020-07-07,5877684134.00,6455002662.00,2020-10-06,
15bdaa092d03cf1cc69d75a1159911fd,SY007,2020-10-06,AMC,2020Q3,0.86,0.86,2020-10-05,11679392628.00,11609818012.00,2021-01-06,
709580560450e173f68be6e300b5c53c,SY007,2021-01-06,BMO,2021Q4,1.31,1.51,2021-01-05,678088939.00,692759089.00,2021-04-08,
1746e0efbb851d71c80db5ca2b840627,SY007,2021-04-08,BMO,2021Q1,2.64,2.94,2021-04-07,3524657523.00,3449804719.00,2021-07-08,
a030a7ffd00ea6f22eb42daa85b03508,SY007,2021-07-08,AMC,2021Q2,1.09,0.65,2021-07-07,17084526619.00,17481004605.00,2021-10-06,
3a5ab4241865f9778189fbce1129e5dc,SY007,2021-10-06,BMO,2021Q3,1.95,1.86,2021-10-05,9458872422.00,9533930131.00,2022-01-05,
e133d0d56ee3e4d26bfd8aae53e3c49c,SY007,2022-01-05,BMO,2022Q4,3.10,2.70,2022-01-04,13108414238.00,13127142300.00,2022-04-06,
5fe3fead88b18ba428b83fec8c427bba,SY007,2022-04-06,AMC,2022Q1,0.52,0.50,2022-04-05,10941847971.00,10763361637.00,2022-07-08,
4ac6f100fc489b52db437ab8f2abc6f5,SY007,2022-07-08,BMO,2022Q2,0.83,0.70,2022-07-07,9828994873.00,9406917537.00,2022-10-06,
b0e276856b6d5c4fb93eb15fd25e1dd4,SY007,2022-10-06,AMC,2022Q3,1.40,1.19,2022-10-05,12664027345.00,12364024991.00,2023-01-06,
f7fb15158096d8106611a575cc2f1193,SY007,2023-01-06,BMO,2023Q4,2.52,2.25,2023-01-05,1695422092.00,1604524118.00,2023-04-10,
71750d183e066770a47c52294d85d9c2,SY007,2023-04-10,BMO,2023Q1,1.33,1.25,2023-04-09,4568969185.00,4508675928.00,2023-07-11,
9aced51672c34882a804cdc5c4c2fdd2,SY007,2023-07-11,BMO,2023Q2,2.63,2.59,2023-07-10,3668142564.00,3576994690.00,2023-10-09,
c3c37e2fe58668ae8976be2d853c8f12,SY007,2023-10-09,AMC,2023Q3,1.10,1.22,2023-10-08,17510974881.00,17378541132.00,2024-01-09,
8559e06c6638aeb426446d3385bef6e1,SY007,2024-01-09,AMC,2024Q4,1.79,1.65,2024-01-08,10166230698.00,9968677195.00,2024-04-10,
fe5964a2cd5472580100515730b01785,SY007,2024-04-10,AMC,2024Q1,3.21,2.89,2024-04-09,8276228761.00,8482273384.00,2024-07-11,
cb13413139765d79fde1e9a44d5777dd,SY007,2024-07-11,BMO,2024Q2,1.97,1.89,2024-07-10,12297063011.00,12884434748.00,2024-10-09,
8c1a46093bfa9c8fc8abb8d57ba5b5a6,SY007,2024-10-09,AMC,2024Q3,0.61,0.77,2024-10-08,6293636714.00,6024231519.00,2025-01-10,
bc44652236002848da00ea2bc0a3f868,SY007,2025-01-10,BMO,2025Q4,2.79,2.75,2025-01-09,13751489362.00,13385328368.00,2025-04-11,
d6ed05f8f6c31833f0f89c6a2ed9859c,SY007,2025-04-11,BMO,2025Q1,0.93,0.71,2025-04-10,3650909782.00,3614808877.00,2025-07-15,2025-05-06
907d483b10fe0a541b597cb02f11a092,SY007,2025-07-15,BMO,2025Q2,2.68,2.57,2025-07-14,12029829243.00,11742121208.00,2025-10-13,
55b59604de6fb4476ac4d67656e78ec3,SY007,2025-10-13,AMC,2025Q3,2.63,2.76,2025-10-12,17676829451.00,18145352299.00,,
098f79a889fa79e507aefc2627ba75a3,SY008,2019-04-23,AMC,2019Q1,0.91,0.63,2019-04-22,15114682982.00,15015385792.00,2019-07-23,
5bcda39690b6ee23615a2776d17af400,SY008,2019-07-23,AMC,2019Q2,2.00,1.64,2019-07-22,10525731497.00,11100261652.00,2019-10-21,
c7596003334741bc3916a6d6be6ff51f,SY008,2019-10-21,BMO,2019Q3,2.20,2.12,2019-10-20,14737440008.00,15020450999.00,2020-01-22,
6305db2a1c1b3a28c6ffa5f0ca01f5a4,SY008,2020-01-22,AMC,2020Q4,2.42,2.59,2020-01-21,13531450488.00,14012145899.00,2020-04-22,
474c2bb06cc23f95b32575d2740cae87,SY008,2020-04-22,BMO,2020Q1,2.00,1.81,2020-04-21,16691169641.00,16320553151.00,2020-07-22,
15027648ee3ab32dd63494740d611cb2,SY008,2020-07-22,AMC,2020Q2,2.87,2.80,2020-07-21,1639949680.00,1650330864.00,2020-10-20,
21a173b6be0b7c2eab18fd3f7168d4a8,SY008,2020-10-20,BMO,2020Q3,2.69,2.65,2020-10-19,4208162234.00,4022664961.00,2021-01-21,
08665e8f61de03e8d50fdbd98cf0e7b3,SY008,2021-01-21,BMO,2021Q4,0.89,0.98,2021-01-20,11415984474.00,11637375555.00,2021-04-22,
9a6d9e9f87a08535021b6ef95171da61,SY008,2021-04-22,AMC,2021Q1,2.34,2.64,2021-04-21,14083776172.00,14281836117.00,2021-07-22,2021-05-05
b57cc5aeeb60fa2ddefabc63bbf396c6,SY008,2021-07-22,BMO,2021Q2,0.50,0.79,2021-07-21,510367675.00,501081049.00,2021-10-20,
66bbc567fd42cac6c289524347ff5837,SY008,2021-10-20,AMC,2021Q3,2.08,1.99,2021-10-19,4187902290.00,4081786747.00,2022-01-20,
b05ab2877ab0fe6f4e808710217e5a63,SY008,2022-01-20,BMO,2022Q4,1.65,1.88,2022-01-19,8693634522.00,8567949249.00,2022-04-21,
b695d5ee97df6fd67eee94d85a1c1f44,SY008,2022-04-21,AMC,2022Q1,2.36,2.32,2022-04-20,8829613473.00,8697532539.00,2022-07-22,
64c6309d84fae915ef9cebea874c8c91,SY008,2022-07-22,BMO,2022Q2,1.49,1.73,2022-07-21,7882342318.00,8113073903.00,2022-10-20,
dfafce03f6d90baa0ed24582deb83345,SY008,2022-10-20,BMO,2022Q3,2.61,2.54,2022-10-19,16251102890.00,17310347466.00,2023-01-23,
628c13f10db32209c139e0f574d7e6d0,SY008,2023-01-23,AMC,2023Q4,2.35,2.55,2023-01-22,11860692868.00,12078394239.00,2023-04-24,
fb932e5e77fa4ee84f89f167aaf545f4,SY008,2023-04-24,BMO,2023Q1,2.16,2.14,2023-04-23,9861695297.00,10007954229.00,2023-07-25,
a02c37e33b305b97460aace390a92fd7,SY008,2023-07-25,BMO,2023Q2,0.72,0.92,2023-07-24,13770843024.00,13662378184.00,2023-10-23,
f4b1188ad742d2eb9d5aae110ae0dfb2,SY008,2023-10-23,BMO,2023Q3,1.16,1.30,2023-10-22,16915832823.00,16612961057.00,2024-01-24,2023-11-13
b231466f1be71f115e92c0f06790b484,SY008,2024-01-24,AMC,2024Q4,0.79,0.99,2024-01-23,10303998903.00,10382367360.00,2024-04-24,
c688aa6014294433e7026f3781f6d0df,SY008,2024-04-24,AMC,2024Q1,1.00,1.00,2024-04-23,14067318020.00,14303278451.00,2024-07-25,
30d9dee84169a1ae6e11162214ad028e,SY008,2024-07-25,AMC,2024Q2,1.41,1.88,2024-07-24,18597093863.00,18991815291.00,2024-10-23,
ec013cbde1188e65197aef955bbc40f8,SY008,2024-10-23,BMO,2024Q3,2.48,2.44,2024-10-22,13049938213.00,13379625766.00,2025-01-27,
02b89232d141647d56dededc5cd8c553,SY008,2025-01-27,AMC,2025Q4,2.52,2.54,2025-01-26,14814276409.00,15137939082.00,2025-04-28,
2e4d0237574928e8d5cf337c88fad41c,SY008,2025-04-28,AMC,2025Q1,1.80,1.92,2025-04-27,18633290733.00,19427213732.00,2025-07-29,2025-05-08
591f808cd831650405af0ff63f4e4015,SY008,2025-07-29,BMO,2025Q2,2.16,2.36,2025-07-28,7795426737.00,7688013106.00,2025-10-27,
1e21ccfb79753d0af77311f7967bf084,SY008,2025-10-27,AMC,2025Q3,2.70,2.92,2025-10-26,13949753213.00,13921356873.00,,
48d644c3bf075a4ea659a7c4310a5e24,SY009,2019-06-13,AMC,2019Q1,2.90,2.81,2019-06-12,9997614811.00,9583437801.00,2019-09-12,
990d419ea7dd7d936c45aed03927df0a,SY009,2019-09-12,BMO,2019Q2,1.84,1.66,2019-09-11,10305100068.00,10812343290.00,2019-12-11,
b7ba41f33a46e032b4db0a629d4eed41,SY009,2019-12-11,AMC,2019Q3,2.36,2.34,2019-12-10,13906984212.00,13364216124.00,2020-03-13,
733bb13a0cc3d09c1081ddfc1d6f4de6,SY009,2020-03-13,AMC,2020Q4,1.00,0.65,2020-03-12,1497099264.00,1476406365.00,2020-06-12,
47577e979dab1f856bf34af2ededbf65,SY009,2020-06-12,AMC,2020Q1,1.87,1.72,2020-06-11,17161158642.00,17089226013.00,2020-09-11,
8f8d9baf4178862dbfbc051826c450a2,SY009,2020-09-11,BMO,2020Q2,0.77,0.98,2020-09-10,15985386985.00,16187168481.00,2020-12-10,
b3d38407c7bbf9b41a37326e66e33e29,SY009,2020-12-10,BMO,2020Q3,2.19,2.15,2020-12-09,5140910865.00,5358818764.00,2021-03-15,
f819b50b937e9dbb4d71fc5b41887787,SY009,2021-03-15,BMO,2021Q4,2.76,2.66,2021-03-14,10249293614.00,10000038213.00,2021-06-14,
452a64fdd9155a4bae4a3fc036b11178,SY009,2021-06-14,BMO,2021Q1,1.72,1.72,2021-06-13,2392920568.00,2390436799.00,2021-09-13,
c71f7efd8fc7060c7c4b2f95de844bed,SY009,2021-09-13,AMC,2021Q2,2.83,2.50,2021-09-12,2250307425.00,2282630178.00,2021-12-10,
1f27cc81f04951999dd026863862bcc5,SY009,2021-12-10,BMO,2021Q3,0.45,0.57,2021-12-09,3113793444.00,3194549894.00,2022-03-14,
aa9f9ed1fb010be83a20125fdb39c6da,SY009,2022-03-14,AMC,2022Q4,1.94,2.11,2022-03-13,12497403462.00,12409393261.00,2022-06-13,
5710c656245daeaf252aa8aeb8de455e,SY009,2022-06-13,AMC,2022Q1,2.07,1.80,2022-06-12,5106791588.00,5165526721.00,2022-09-13,
f48a5abbf302a7c275951453234fdaa9,SY009,2022-09-13,AMC,2022Q2,1.64,1.74,2022-09-12,4316555609.00,4311439282.00,2022-12-12,
9bd5d58c7cbc6e780f677b65569ae6b0,SY009,2022-12-12,BMO,2022Q3,1.49,1.42,2022-12-11,6540543209.00,6877980579.00,2023-03-15,
7de3bc5d4300997dce02d805c5fcf510,SY009,2023-03-15,BMO,2023Q4,1.33,1.59,2023-03-14,17747534682.00,17041279923.00,2023-06-14,
0e418c588b32a078b88a709482410adc,SY009,2023-06-14,AMC,2023Q1,0.80,0.85,2023-06-13,15960086673.00,17029993372.00,2023-09-14,
d407f955cc3c4eba21055757ba378b3b,SY009,2023-09-14,BMO,2023Q2,2.23,2.43,2023-09-13,7076541791.00,7585618273.00,2023-12-13,
4082d9e3e2af2380604f06d05f88dcde,SY009,2023-12-13,BMO,2023Q3,1.50,1.55,2023-12-12,4789547126.00,4655790562.00,2024-03-15,
61481cda44e3a13c076ed3cdaf942c0d,SY009,2024-03-15,BMO,2024Q4,2.56,2.46,2024-03-14,6613075014.00,6759090440.00,2024-06-14,
343d8ea2362714f99724ee192428c68b,SY009,2024-06-14,AMC,2024Q1,2.74,2.85,2024-06-13,10456151160.00,10955245807.00,2024-09-16,
22754c71c9c675a85c2f513f1fdb3dd3,SY009,2024-09-16,AMC,2024Q2,1.56,1.85,2024-09-15,7291148096.00,7083793276.00,2024-12-13,
7ad9b4cf65c8b1e2e5d275cc5159f007,SY009,2024-12-13,AMC,2024Q3,0.96,1.17,2024-12-12,14092314933.00,13396695265.00,2025-03-19,
e3c6125ed5e1f964b907cea09e7992f9,SY009,2025-03-19,AMC,2025Q4,2.25,2.39,2025-03-18,2005004583.00,1968767897.00,2025-06-18,
657ac85ac33d1c4ad0a36be50d49f38c,SY009,2025-06-18,AMC,2025Q1,2.73,2.75,2025-06-17,13878925993.00,13848433488.00,2025-09-18,
3cdcdc0aa67014fceb22af8d31bd55e5,SY009,2025-09-18,BMO,2025Q2,1.46,1.68,2025-09-17,7624350354.00,7355650691.00,2025-12-17,
25c2df46d7483f3d6fff4e72c5c85f6b,SY009,2025-12-17,BMO,2025Q3,0.71,0.73,2025-12-16,9486990742.00,9882424587.00,,
15716695930839f4c5f4603b2157fa4e,SY010,2019-05-14,BMO,2019Q1,1.94,1.62,2019-05-13,12895430277.00,12353734671.00,2019-08-13,
1540e2606c51c584fafd8edc7dab5904,SY010,2019-08-13,AMC,2019Q2,1.69,1.66,2019-08-12,4251413839.00,4230079935.00,2019-11-11,
99e99d2c88f77ed560aeda2aafdd4007,SY010,2019-11-11,BMO,2019Q3,0.69,0.52,2019-11-10,1314815918.00,1307630881.00,2020-02-12,2019-12-05
9ebb824698a12521b02a69e593717bfe,SY010,2020-02-12,BMO,2020Q4,1.19,1.01,2020-02-11,18486624595.00,18392455960.00,2020-05-13,
2e6bd1c63975120e896bc4f0eaf39651,SY010,2020-05-13,BMO,2020Q1,1.06,1.46,2020-05-12,4495862322.00,4444849381.00,2020-08-12,
a4c07d44b00edd2e39252d5f49c20a76,SY010,2020-08-12,BMO,2020Q2,1.58,1.48,2020-08-11,3281082788.00,3278666215.00,2020-11-10,2020-09-03
f868eca98b34a5436eed454f18f594b7,SY010,2020-11-10,AMC,2020Q3,2.12,2.04,2020-11-09,6613962888.00,6403249177.00,2021-02-11,
32bed1ddc3e50847daef72934b205768,SY010,2021-02-11,AMC,2021Q4,1.97,2.09,2021-02-10,18020692067.00,17579727033.00,2021-05-13,
741407806e072a3d285c26f20ce77bca,SY010,2021-05-13,BMO,2021Q1,1.26,1.22,2021-05-12,17409469057.00,17519982918.00,2021-08-12,
d17207ba1c06a8b2a85fc8e3f8479a83,SY010,2021-08-12,BMO,2021Q2,2.03,2.43,2021-08-11,12901200024.00,12894805968.00,2021-11-10,
20195461a2e155de11e193c2f857d8fb,SY010,2021-11-10,AMC,2021Q3,1.55,1.34,2021-11-09,14404553009.00,14047635750.00,2022-02-10,
22419a4e26f62627361bb8ce0c2c3861,SY010,2022-02-10,BMO,2022Q4,1.22,1.49,2022-02-09,10366824968.00,10258546174.00,2022-05-12,
848be8d463b67515d7546630f1c54e46,SY010,2022-05-12,BMO,2022Q1,1.70,1.49,2022-05-11,12779457547.00,13200328162.00,2022-08-12,
bd8bf331f5a4a9604a190a1301cae728,SY010,2022-08-12,AMC,2022Q2,3.01,2.65,2022-08-11,9675672065.00,9381276939.00,2022-11-10,
57b2b0e65b111c08787d884144cc6cd6,SY010,2022-11-10,AMC,2022Q3,1.67,1.26,2022-11-09,1262648613.00,1262986714.00,2023-02-13,
40ffe2e3d22f3f466c696bd2e8449a6e,SY010,2023-02-13,AMC,2023Q4,1.88,1.90,2023-02-12,12220009642.00,12705590744.00,2023-05-15,
74a7fec496d42dc7e30b0892434190fc,SY010,2023-05-15,AMC,2023Q1,1.86,1.65,2023-05-14,1592278001.00,1647797025.00,2023-08-15,
31ccc6dabdcd44c538046c811a996639,SY010,2023-08-15,BMO,2023Q2,1.74,2.07,2023-08-14,11009069884.00,11045961277.00,2023-11-13,
d8ab5de42bdb1cef68fd50a4d379fc24,SY010,2023-11-13,BMO,2023Q3,1.72,1.75,2023-11-12,7564110372.00,7551765577.00,2024-02-14,
b5d17d679d308ed4277e8476bcc52bf4,SY010,2024-02-14,BMO,2024Q4,2.04,2.48,2024-02-13,14490270380.00,14464044789.00,2024-05-15,
0d6a87e8fd3e6b262f770a2551a6f984,SY010,2024-05-15,AMC,2024Q1,1.12,1.20,2024-05-14,11077614673.00,10560131459.00,2024-08-15,
e24e34293d8c5d43933e51e8658410ac,SY010,2024-08-15,BMO,2024Q2,1.95,1.82,2024-08-14,2553262998.00,2554493271.00,2024-11-13,2024-08-28
dee02ffd055c9eee49713c69d0273b04,SY010,2024-11-13,AMC,2024Q3,0.31,0.58,2024-11-12,5547712482.00,5516655292.00,2025-02-18,
6f8deb3c140b01880d77ac4b8a6f6ea5,SY010,2025-02-18,AMC,2025Q4,2.37,2.36,2025-02-17,8930778925.00,9302229391.00,2025-05-19,
44afafae2706f99cf7dee4d934997022,SY010,2025-05-19,BMO,2025Q1,0.22,0.54,2025-05-18,904062745.00,883821803.00,2025-08-19,
0107fa62b825b4409514e7e202b3e4bd,SY010,2025-08-19,AMC,2025Q2,2.66,2.73,2025-08-18,18399325876.00,17867617031.00,2025-11-17,2025-08-28
0c50464d897844ed64489ee303db3790,SY010,2025-11-17,AMC,2025Q3,2.02,2.10,2025-11-16,6622181028.00,6378426494.00,,
20c662a1cb4881950713399eeeea19cb,SY011,2019-06-19,BMO,2019Q1,2.07,2.18,2019-06-18,17589337396.00,16761856221.00,2019-09-18,
259fba783313c1f2edefef387859bd51,SY011,2019-09-18,AMC,2019Q2,2.85,3.00,2019-09-17,1778606747.00,1724653078.00,2019-12-17,
bf51a84f558bdeb7f8ec55510303eb74,SY011,2019-12-17,BMO,2019Q3,0.73,1.09,2019-12-16,6210022717.00,6285137426.00,2020-03-19,
a604393f657c138126cdc31321c5c7f1,SY011,2020-03-19,BMO,2020Q4,0.66,0.98,2020-03-18,17134696165.00,16834210579.00,2020-06-18,
46c83ef1dcd8a00abf3be0a8d4bf1859,SY011,2020-06-18,BMO,2020Q1,2.17,2.17,2020-06-17,16290792318.00,16919529284.00,2020-09-17,
b2bc094b464d5c0d5d7d997868858761,SY011,2020-09-17,BMO,2020Q2,0.72,0.85,2020-09-16,9739764925.00,10016011545.00,2020-12-16,2020-09-24
29174b87056729d2123854e5d31d4179,SY011,2020-12-16,AMC,2020Q3,2.13,1.83,2020-12-15,6473152764.00,6369259389.00,2021-03-19,
94d5dbbf94c3ac3ab1cdd783f085b8b6,SY011,2021-03-19,BMO,2021Q4,0.75,0.70,2021-03-18,3561276274.00,3392162433.00,2021-06-18,2021-04-12
39a8ffa3ab9e57ece32f58e2dc8daab3,SY011,2021-06-18,BMO,2021Q1,1.69,1.59,2021-06-17,7263257021.00,7420198926.00,2021-09-17,
122e508e79f807ae96cf053e73a9fda4,SY011,2021-09-17,BMO,2021Q2,1.16,1.15,2021-09-16,18630101993.00,18606989135.00,2021-12-16,
0a212ff2febef878155f26cefd2262a6,SY011,2021-12-16,AMC,2021Q3,2.96,2.91,2021-12-15,6875630406.00,6853172774.00,2022-03-18,
1b91a834042bf46f1938c2efcb869dd2,SY011,2022-03-18,AMC,2022Q4,1.18,1.44,2022-03-17,12821051383.00,13795849411.00,2022-06-17,
edb87b1369ce3c9c1140aff624d1d906,SY011,2022-06-17,AMC,2022Q1,0.67,0.84,2022-06-16,5194410193.00,4904799398.00,2022-09-19,
319ca6e9fe6fa6f0b4d0478db3e06465,SY011,2022-09-19,BMO,2022Q2,1.20,1.17,2022-09-18,13559228323.00,14298181743.00,2022-12-16,
9b7548dc6f82e4f25a3ff274b8196cf4,SY011,2022-12-16,BMO,2022Q3,1.03,1.39,2022-12-15,15245083519.00,16044817341.00,2023-03-21,
a1f7da74377be3b3872bc3a84441be48,SY011,2023-03-21,AMC,2023Q4,2.16,1.97,2023-03-20,7374801136.00,7001062277.00,2023-06-21,
22f2e1731956037b0c8cbd8a71a42011,SY011,2023-06-21,BMO,2023Q1,3.10,2.89,2023-06-20,8153857215.00,8121987375.00,2023-09-20,2023-07-03
8fe4d25c2ae3b6fea77eddadb1baee31,SY011,2023-09-20,AMC,2023Q2,2.78,2.78,2023-09-19,14670844090.00,13814675512.00,2023-12-19,
d09bc6c4acd3f4df9dabb2bc1c51964e,SY011,2023-12-19,BMO,2023Q3,1.79,1.82,2023-12-18,4655369420.00,4547144743.00,2024-03-21,
015a7f11c918950439358d7610cef26f,SY011,2024-03-21,BMO,2024Q4,1.87,1.89,2024-03-20,1198461318.00,1213322211.00,2024-06-21,
b1f5ecfcfd62697c78cc9fde4c52bcd3,SY011,2024-06-21,BMO,2024Q1,1.40,1.47,2024-06-20,1309325868.00,1300653058.00,2024-09-20,2024-07-10
9072cd5dec9642a03e35facceea8baab,SY011,2024-09-20,AMC,2024Q2,1.20,1.24,2024-09-19,8689761888.00,8303294615.00,2024-12-19,
706be014967f68e49018affce6629d02,SY011,2024-12-19,BMO,2024Q3,1.98,2.24,2024-12-18,2598482375.00,2638748386.00,2025-03-25,
90a3f832e207c440380ece2315ef15ab,SY011,2025-03-25,AMC,2025Q4,2.98,2.91,2025-03-24,19571203944.00,19320577817.00,2025-06-25,
092662e57bab08fa6aea6b78b04fceaa,SY011,2025-06-25,AMC,2025Q1,1.67,1.65,2025-06-24,9286020796.00,9394959405.00,2025-09-24,
6b7c124b812f0c6079eebcbab3fbf58b,SY011,2025-09-24,BMO,2025Q2,2.74,2.63,2025-09-23,18648238387.00,19085253660.00,2025-12-23,
4541f23973a95f28d7a8eb27f9c8117d,SY011,2025-12-23,AMC,2025Q3,1.74,1.55,2025-12-22,19044892283.00,18885894843.00,,
8d229e717a80f46a22fa24486e85ccf6,SY012,2019-05-31,BMO,2019Q1,1.98,1.97,2019-05-30,10136505505.00,10209200251.00,2019-08-29,
168badb13fe29679b92eafc58964d6f9,SY012,2019-08-29,BMO,2019Q2,2.00,2.02,2019-08-28,1409952582.00,1383413174.00,2019-11-27,
50e0f49b860200f8cef4d5d7561cbf7d,SY012,2019-11-27,BMO,2019Q3,2.12,2.43,2019-11-26,17521918475.00,17706794966.00,2020-03-02,
08587f629e4f008f2ee45e1b633378b3,SY012,2020-03-02,BMO,2020Q4,2.86,2.87,2020-03-01,12683249263.00,12651988323.00,2020-06-01,
91b0f7caf4b41901fbf3ba14eae1c785,SY012,2020-06-01,BMO,2020Q1,2.11,1.92,2020-05-31,10847954210.00,11022990300.00,2020-08-28,2020-06-19
17eeb9e7d8a57cb547edae925d3bd956,SY012,2020-08-28,AMC,2020Q2,1.33,1.41,2020-08-27,13281347935.00,14178449471.00,2020-11-27,
c4e32eac1f7954e721a1575654fc0e6d,SY012,2020-11-27,BMO,2020Q3,0.42,0.50,2020-11-26,2364053584.00,2559823200.00,2021-03-02,
e1257089123e90c7e13d3bf6f0ab7119,SY012,2021-03-02,AMC,2021Q4,1.91,2.04,2021-03-01,844725424.00,847186951.00,2021-06-01,
f7c08dd4551fd82e3c63182544e7c76e,SY012,2021-06-01,BMO,2021Q1,0.72,0.89,2021-05-31,564933444.00,545958347.00,2021-08-30,
b687d288f596502f4997919b054b1c7e,SY012,2021-08-30,BMO,2021Q2,1.17,1.35,2021-08-29,15090490488.00,14431573073.00,2021-11-29,
1ba77736c66128573f8e48f80de8ccdf,SY012,2021-11-29,BMO,2021Q3,1.37,1.33,2021-11-28,9416431081.00,9616072486.00,2022-03-01,
c1cee1bacc7fae9a0486f29e2a69409e,SY012,2022-03-01,BMO,2022Q4,2.48,2.63,2022-02-28,6156153409.00,6434101273.00,2022-05-31,
6d2b540b204538c375ff945b255a229e,SY012,2022-05-31,BMO,2022Q1,0.99,0.86,2022-05-30,18608327914.00,18788471852.00,2022-08-30,
f98749547e3bc34d5caa006decaacf5e,SY012,2022-08-30,AMC,2022Q2,2.06,2.50,2022-08-29,13446572427.00,13738061273.00,2022-11-29,
daeb4b43243f87f27d19fc57b70ad320,SY012,2022-11-29,AMC,2022Q3,0.84,0.82,2022-11-28,13054569121.00,13331201277.00,2023-03-02,
42be52120c8129baeca5320900835c09,SY012,2023-03-02,AMC,2023Q4,2.68,2.74,2023-03-01,11546038439.00,11350654883.00,2023-06-01,
28ca156f5cb5deeb99fcdcecc75ec1d1,SY012,2023-06-01,BMO,2023Q1,0.38,0.63,2023-05-31,15466195639.00,16805009532.00,2023-08-31,
ca71d81857ba041882d550fa67ff292c,SY012,2023-08-31,AMC,2023Q2,2.66,2.64,2023-08-30,1556957428.00,1582266316.00,2023-11-30,
97b8d71302a5a3b871af6f06d70a1b01,SY012,2023-11-30,AMC,2023Q3,1.11,1.03,2023-11-29,4617529065.00,4429802009.00,2024-03-04,
61fec1329d58f37b5c648a561eaacbaa,SY012,2024-03-04,BMO,2024Q4,1.23,1.35,2024-03-03,13589777624.00,14226854896.00,2024-06-03,
ac77d5d29ee1b7c0362715693ecad46c,SY012,2024-06-03,BMO,2024Q1,2.34,2.14,2024-06-02,13494754451.00,13198414651.00,2024-09-03,
f5550f14995cff9987a13a78461f6067,SY012,2024-09-03,BMO,2024Q2,2.06,1.91,2024-09-02,19741699717.00,19637396066.00,2024-12-02,
8f219e205d75628fdd847fcb0022bde1,SY012,2024-12-02,BMO,2024Q3,2.28,2.35,2024-12-01,17187743456.00,18248025286.00,2025-03-06,
f4dfc25603084fe07c5a84acacee3298,SY012,2025-03-06,BMO,2025Q4,2.01,2.24,2025-03-05,7660720942.00,7469515013.00,2025-06-05,
216e5d1267353dedfe42efae9bf57f15,SY012,2025-06-05,AMC,2025Q1,0.49,0.51,2025-06-04,7809654314.00,8113399763.00,2025-09-05,
9a0735b8d57d3e50b4a21cfbde106fec,SY012,2025-09-05,AMC,2025Q2,2.87,2.89,2025-09-04,12398739603.00,11889900984.00,2025-12-04,
5a4eb8c2ea6ad754de35fed336449e8b,SY012,2025-12-04,AMC,2025Q3,1.48,1.78,2025-12-03,11590560072.00,12586047732.00,,
42d64ae90fecd2ed810efc3b77257484,SY013,2019-06-18,AMC,2019Q1,2.17,2.36,2019-06-17,8709296775.00,8763307561.00,2019-09-17,
1bd916941e54053ea8d7b2ab107881e3,SY013,2019-09-17,BMO,2019Q2,2.14,2.11,2019-09-16,1615399401.00,1632443396.00,2019-12-16,
6f91ec7226b5c9819164af413c7fb9d4,SY013,2019-12-16,BMO,2019Q3,0.51,0.88,2019-12-15,4894471488.00,4798883516.00,2020-03-18,
4ff286686572d1b3bdfe7634f73bb985,SY013,2020-03-18,BMO,2020Q4,2.37,2.18,2020-03-17,11232445979.00,11655836128.00,2020-06-17,
dbebad1735740cbb9886bf7b279ab96d,SY013,2020-06-17,AMC,2020Q1,2.63,2.62,2020-06-16,17633825803.00,18559022012.00,2020-09-16,
fb065a1bf02efb25630d2d7d4c7b09b6,SY013,2020-09-16,AMC,2020Q2,1.33,1.51,2020-09-15,5842107382.00,5838245419.00,2020-12-15,
5c5fc0c50e0090a3428d3d923ca274b8,SY013,2020-12-15,AMC,2020Q3,1.23,1.29,2020-12-14,15333484399.00,14856161733.00,2021-03-18,2020-12-31
2a1211be59f42fa8fc903b60bf2e1bff,SY013,2021-03-18,AMC,2021Q4,2.32,2.45,2021-03-17,11588840738.00,11846325136.00,2021-06-17,
d060c92ba28ceb30a37848fa05395515,SY013,2021-06-17,AMC,2021Q1,0.52,0.64,2021-06-16,15643417877.00,15627863992.00,2021-09-16,
974147f1283305efd3b2e2adf2ab2510,SY013,2021-09-16,BMO,2021Q2,1.48,1.54,2021-09-15,14742405488.00,14925756374.00,2021-12-15,
af357663c66588af7b442e9693703457,SY013,2021-12-15,AMC,2021Q3,2.07,1.72,2021-12-14,2577397724.00,2613215836.00,2022-03-17,
7498df29e62cfe893aa82de62145660d,SY013,2022-03-17,AMC,2022Q4,1.05,1.28,2022-03-16,6819833873.00,6608964584.00,2022-06-16,
cd8c5e49445d7bcc91f8a61876146860,SY013,2022-06-16,AMC,2022Q1,1.85,1.85,2022-06-15,12793461775.00,12456241580.00,2022-09-16,
d661b7dad31fe137796a5b61f2aedc76,SY013,2022-09-16,BMO,2022Q2,0.67,0.99,2022-09-15,5682998307.00,5669226949.00,2022-12-15,
1645b3a056c829c659fb0f151dc95ec0,SY013,2022-12-15,AMC,2022Q3,2.61,2.57,2022-12-14,988198880.00,1005754010.00,2023-03-20,
7686beb996d15e8fea6be7afeb23af19,SY013,2023-03-20,AMC,2023Q4,0.92,1.27,2023-03-19,3133128836.00,3343342232.00,2023-06-20,
164eb26dd30a728cdd6a6e582657e793,SY013,2023-06-20,AMC,2023Q1,2.11,2.05,2023-06-19,4947756546.00,4871298813.00,2023-09-19,
a1ae5c1f6a0fb216b7468a3389dc6538,SY013,2023-09-19,AMC,2023Q2,2.18,2.30,2023-09-18,11243471430.00,11479528573.00,2023-12-18,
f98ec27b7d9bdce84a81105c6b30c7b4,SY013,2023-12-18,BMO,2023Q3,0.67,0.78,2023-12-17,9111335186.00,8602889103.00,2024-03-20,
aa949dbf19ff704f7ad3c2cfab4ac553,SY013,2024-03-20,BMO,2024Q4,0.98,1.06,2024-03-19,6741150490.00,6873532288.00,2024-06-20,
f43196c04d0a65151c40f0d03da5e59a,SY013,2024-06-20,AMC,2024Q1,1.76,1.46,2024-06-19,6668579667.00,6938337844.00,2024-09-19,
b0fc5b15d362537ca685f0ad681c525e,SY013,2024-09-19,AMC,2024Q2,1.22,1.11,2024-09-18,4086463035.00,4026471222.00,2024-12-18,
86dc035c761d62574c3be703e69cb4eb,SY013,2024-12-18,AMC,2024Q3,2.47,2.15,2024-12-17,3927049396.00,3725822311.00,2025-03-24,
493905835cd1d255897fef7bf9be0529,SY013,2025-03-24,AMC,2025Q4,1.30,1.50,2025-03-23,19932087061.00,19849015853.00,2025-06-24,
cc105c60fd3eb2de5c21693d39cc6a9a,SY013,2025-06-24,BMO,2025Q1,2.57,2.75,2025-06-23,11984222622.00,12071990736.00,2025-09-23,
a460201934ba4bd52972002454fe3576,SY013,2025-09-23,AMC,2025Q2,1.01,0.76,2025-09-22,17974035270.00,17344804538.00,2025-12-22,
c560f87d4ab5410ec22c538f76c7b6ba,SY013,2025-12-22,AMC,2025Q3,0.92,1.14,2025-12-21,12834246016.00,12609337936.00,,
00f668c22c4325f1656a85a757a6a88e,SY014,2019-04-05,AMC,2019Q1,2.49,2.42,2019-04-04,5536543584.00,5672448017.00,2019-07-08,2019-04-12
c869e919bf62d5477d3e897003589509,SY014,2019-07-08,AMC,2019Q2,0.88,0.97,2019-07-07,1525925378.00,1546774278.00,2019-10-04,
efb57906856c99bad1143ae1f5bc6148,SY014,2019-10-04,BMO,2019Q3,0.91,1.11,2019-10-03,15290730956.00,16278579856.00,2020-01-06,
a95cbfd7b11380644ddf7fda056790c2,SY014,2020-01-06,BMO,2020Q4,2.78,2.82,2020-01-05,6375944540.00,6459196939.00,2020-04-06,
2a1274c48a76a10663281fde0da3e001,SY014,2020-04-06,BMO,2020Q1,1.11,0.79,2020-04-05,14486707035.00,14332105242.00,2020-07-07,
2be3402ff27d6ce4dbf6e1483cd2cddc,SY014,2020-07-07,BMO,2020Q2,3.19,2.96,2020-07-06,14057718217.00,13835783444.00,2020-10-05,
606158e357186c3e3a1782a6cb89956d,SY014,2020-10-05,AMC,2020Q3,1.34,1.36,2020-10-04,6989034740.00,7039968784.00,2021-01-05,
39b43c9292afdd2636c800b469df8180,SY014,2021-01-05,BMO,2021Q4,0.47,0.54,2021-01-04,3623398092.00,3756723427.00,2021-04-07,
f0b43bdeb0357a859b7f3c1048c15b74,SY014,2021-04-07,BMO,2021Q1,1.86,2.32,2021-04-06,10170198140.00,9842736989.00,2021-07-07,
e54ae7768d9c77cd0c2613e393643082,SY014,2021-07-07,AMC,2021Q2,2.61,2.68,2021-07-06,8032910994.00,8213539824.00,2021-10-05,
ffa4b65e84a9c3a6bf42ceb1965677ad,SY014,2021-10-05,AMC,2021Q3,2.57,2.91,2021-10-04,4014896070.00,3925560936.00,2022-01-04,
9ec869e3894b51cf16bc1cacac7e7662,SY014,2022-01-04,BMO,2022Q4,1.18,1.21,2022-01-03,10777062395.00,10741046281.00,2022-04-05,
c8598b6b4d4a434aa53491bdb216557d,SY014,2022-04-05,BMO,2022Q1,2.37,2.18,2022-04-04,19990332735.00,19329823350.00,2022-07-07,
237a82d7f4660ff78fede39e24a71de6,SY014,2022-07-07,AMC,2022Q2,2.51,2.37,2022-07-06,8595645449.00,8692998702.00,2022-10-05,
c35ba1950b797c7e9730eb3ecc7c8b8e,SY014,2022-10-05,BMO,2022Q3,2.05,1.82,2022-10-04,8047456128.00,7865681979.00,2023-01-05,
4bc53cd761377e122460d288fb281a15,SY014,2023-01-05,BMO,2023Q4,1.45,1.19,2023-01-04,1248356895.00,1317050794.00,2023-04-06,
001fdf2edd4967014fb04896df54d753,SY014,2023-04-06,AMC,2023Q1,2.36,2.31,2023-04-05,15600706386.00,15186681493.00,2023-07-10,
761f40b3b2062f91cb35bfb5351aa6f9,SY014,2023-07-10,BMO,2023Q2,0.70,0.83,2023-07-09,12091792329.00,12088731562.00,2023-10-06,
42868833f906f7b5ea6f56710c9298c9,SY014,2023-10-06,BMO,2023Q3,2.15,2.23,2023-10-05,8803084436.00,9067348735.00,2024-01-08,
e14edf529d726ef3e2c118babd6284ef,SY014,2024-01-08,BMO,2024Q4,3.05,2.88,2024-01-07,11493573125.00,11528672754.00,2024-04-09,
eb49035f601edb0738ab75a434f9b696,SY014,2024-04-09,BMO,2024Q1,1.40,1.39,2024-04-08,20400053799.00,19960601252.00,2024-07-10,
1bffc68b3643717f086b24baf756dbd9,SY014,2024-07-10,AMC,2024Q2,1.74,1.51,2024-07-09,1663536645.00,1594794730.00,2024-10-08,
98c2155ae6570b43424e26d47272586e,SY014,2024-10-08,AMC,2024Q3,2.29,2.04,2024-10-07,5355999600.00,5233347374.00,2025-01-08,
88907ac9b8e64bf5e75b661b6a3152a2,SY014,2025-01-08,BMO,2025Q4,0.79,0.82,2025-01-07,19322306780.00,18695820081.00,2025-04-10,
af4a3eed076e7464595cec5bfafbe442,SY014,2025-04-10,AMC,2025Q1,1.73,1.70,2025-04-09,1497897913.00,1520599168.00,2025-07-14,
b1285459c89bc0004b26aa0464d5a4d5,SY014,2025-07-14,AMC,2025Q2,0.76,0.92,2025-07-13,15984680661.00,16770978375.00,2025-10-10,
476535616c489c364f2dad6c6452b7ca,SY014,2025-10-10,AMC,2025Q3,2.71,2.75,2025-10-09,1868749727.00,1826582496.00,,
9eb6824d8cedc30c03db37396f0536df,SY015,2019-05-15,BMO,2019Q1,2.10,1.84,2019-05-14,6587505476.00,6470630510.00,2019-08-14,
456db6ef770602c6c2f5218e8edd988c,SY015,2019-08-14,AMC,2019Q2,1.67,1.82,2019-08-13,2859526328.00,2911703236.00,2019-11-12,2019-09-04
ec1e865ccbd53325c8a3bc1ddc2b910a,SY015,2019-11-12,AMC,2019Q3,1.88,2.21,2019-11-11,13209537495.00,13092586410.00,2020-02-13,
efdd38a2d771f175f8f6c531bdbe8580,SY015,2020-02-13,AMC,2020Q4,1.12,1.43,2020-02-12,913466916.00,915093346.00,2020-05-14,
383cff3ed8e85f620a632e691d4f26e1,SY015,2020-05-14,AMC,2020Q1,0.89,0.80,2020-05-13,18665873791.00,18117590087.00,2020-08-13,
561956cf89f64114e6ac2820a814e303,SY015,2020-08-13,AMC,2020Q2,0.40,0.69,2020-08-12,6817210068.00,6691161438.00,2020-11-11,
95eef8b73d3b90009aee25710d9fb738,SY015,2020-11-11,AMC,2020Q3,2.61,2.61,2020-11-10,2396315001.00,2300762476.00,2021-02-12,
b942ec52cb4a882bc40835bc44a6847a,SY015,2021-02-12,AMC,2021Q4,1.30,1.69,2021-02-11,13370293032.00,13086841053.00,2021-05-14,
4cd4095247a62a560febc593887f3518,SY015,2021-05-14,AMC,2021Q1,2.79,2.80,2021-05-13,10162091566.00,10182669241.00,2021-08-13,2021-05-27
1131832d92ec3f8adfa9aff64643b5b8,SY015,2021-08-13,BMO,2021Q2,1.66,1.27,2021-08-12,14503648970.00,14079761015.00,2021-11-11,
dc7f9d4199be3fd4909631b3c1098f9c,SY015,2021-11-11,BMO,2021Q3,2.56,2.54,2021-11-10,15907639108.00,15210586507.00,2022-02-11,2021-12-03
3f63367b835a295812938300a6b584bc,SY015,2022-02-11,AMC,2022Q4,1.51,1.35,2022-02-10,12467067152.00,13248404311.00,2022-05-13,
cd9c903bbddd5da235cd0f9802b9468b,SY015,2022-05-13,AMC,2022Q1,2.53,2.52,2022-05-12,15436078838.00,15721970629.00,2022-08-15,2022-06-09
4f386967df2f02074d4399c24ed33edf,SY015,2022-08-15,BMO,2022Q2,1.57,1.72,2022-08-14,709649721.00,667294241.00,2022-11-11,
bab2692fd7c3a6aeffbf819de21aefe7,SY015,2022-11-11,AMC,2022Q3,1.10,0.99,2022-11-10,10307835131.00,10262268131.00,2023-02-14,
6670708c2f7f8efd4fc9fd943831d2e8,SY015,2023-02-14,AMC,2023Q4,2.94,2.63,2023-02-13,18628563227.00,18460067746.00,2023-05-16,
f849e85234d945d5f5678dbe8384a260,SY015,2023-05-16,AMC,2023Q1,1.22,1.28,2023-05-15,12034774416.00,12203328171.00,2023-08-16,
e9be2b25bf417682e4dcfddffd5719f2,SY015,2023-08-16,AMC,2023Q2,1.96,1.62,2023-08-15,18444299628.00,17417054548.00,2023-11-14,
5ba8e33e374c3fceafd6e57d66ae5b65,SY015,2023-11-14,AMC,2023Q3,2.20,2.16,2023-11-13,5445127155.00,5256949412.00,2024-02-15,
37fbbd39f28bf796390e6dc08decadce,SY015,2024-02-15,BMO,2024Q4,0.76,0.83,2024-02-14,7688305975.00,8309296926.00,2024-05-16,2024-03-07
081c7b6ff492f7085c166eb793c88284,SY015,2024-05-16,AMC,2024Q1,1.49,1.28,2024-05-15,1869448479.00,1915333527.00,2024-08-16,
bd7164ac5d2b6df6cccf3e0c0c421999,SY015,2024-08-16,BMO,2024Q2,2.38,2.53,2024-08-15,14563337728.00,15244581878.00,2024-11-14,
67300e093951fba814cc241bcff422c8,SY015,2024-11-14,BMO,2024Q3,1.36,1.31,2024-11-13,14709390621.00,14713406433.00,2025-02-19,
5398d2b1f2229d84c7bf962e8ccc7a80,SY015,2025-02-19,BMO,2025Q4,1.20,0.90,2025-02-18,11588020655.00,11504458156.00,2025-05-20,
885e772df7ecd97601d38786cf0b56ca,SY015,2025-05-20,BMO,2025Q1,2.92,2.89,2025-05-19,2581568485.00,2629081654.00,2025-08-20,
5c65bef567cebdf0afb1d35553084fb3,SY015,2025-08-20,BMO,2025Q2,1.72,1.88,2025-08-19,18795316694.00,19480798263.00,2025-11-18,
5c9ef70347e8388145c88328e4acfd36,SY015,2025-11-18,BMO,2025Q3,1.41,1.53,2025-11-17,7515233273.00,7321284003.00,,
599e371cfd9256399a65fa86dd9dbb69,SY016,2019-06-26,BMO,2019Q1,1.57,1.44,2019-06-25,3941431361.00,4183938545.00,2019-09-25,
3386547e9b1c767f52445567d945728a,SY016,2019-09-25,AMC,2019Q2,2.62,2.33,2019-09-24,12011484909.00,11764415402.00,2019-12-24,
59b9f1fedf714495e3ed5dad40e4e2b8,SY016,2019-12-24,BMO,2019Q3,1.95,1.94,2019-12-23,11292550268.00,11293846243.00,2020-03-26,
0e9398e875ddf9561361e6f893328a8e,SY016,2020-03-26,AMC,2020Q4,3.14,2.88,2020-03-25,15881407054.00,16713266911.00,2020-06-25,2020-04-15
ca1c0d1fea4bb4047abd4d546d216636,SY016,2020-06-25,BMO,2020Q1,0.72,0.67,2020-06-24,12984645868.00,12700675322.00,2020-09-24,
66240a43984e7da4b7a9c190423eb184,SY016,2020-09-24,AMC,2020Q2,1.57,1.71,2020-09-23,16079173918.00,15973392982.00,2020-12-23,
340c1fda404e7fa7b042826c295401a9,SY016,2020-12-23,AMC,2020Q3,2.00,1.82,2020-12-22,15766851322.00,15480777753.00,2021-03-26,
a2cbef37aaf844251f54cd10cb9675a6,SY016,2021-03-26,AMC,2021Q4,0.87,1.12,2021-03-25,7703082544.00,7926554800.00,2021-06-25,
5efed2ba17dc3daac6817fa713e6afa3,SY016,2021-06-25,AMC,2021Q1,2.10,2.29,2021-06-24,11677888745.00,11256757336.00,2021-09-24,
e1f3df216281c24df56fcdbae1d06172,SY016,2021-09-24,AMC,2021Q2,1.01,0.70,2021-09-23,9557463302.00,9380732689.00,2021-12-23,
cc31339d6606176c034ea9c5d8967146,SY016,2021-12-23,BMO,2021Q3,2.25,2.12,2021-12-22,16302437568.00,15828237029.00,2022-03-25,
e9000cce84bb6f500ec5bfcaafd65921,SY016,2022-03-25,AMC,2022Q4,3.21,2.95,2022-03-24,11643127921.00,11116702611.00,2022-06-27,
ce1ce6a93c4d58e2b609826467b4d882,SY016,2022-06-27,AMC,2022Q1,1.51,1.28,2022-06-26,8852942725.00,8886129638.00,2022-09-26,
f32a64c22b1909a33260fd787b606830,SY016,2022-09-26,AMC,2022Q2,1.23,0.69,2022-09-25,1157174948.00,1203380397.00,2022-12-23,2022-10-21
7202523fd3bfda5a67e598808aae1780,SY016,2022-12-23,AMC,2022Q3,2.93,2.61,2022-12-22,11741415481.00,12092957431.00,2023-03-28,2023-01-11
1aa1bf1657446bcd891ff8f20cd7926b,SY016,2023-03-28,AMC,2023Q4,1.07,0.93,2023-03-27,10505738541.00,10012302948.00,2023-06-28,
333ea47796bc3955e4c49d89356a6706,SY016,2023-06-28,AMC,2023Q1,2.76,2.74,2023-06-27,16014023614.00,15959859810.00,2023-09-27,
c8d71634b47e618f0505cbb80ff8ff0d,SY016,2023-09-27,AMC,2023Q2,1.64,1.64,2023-09-26,4568753469.00,4632054665.00,2023-12-27,
eca4c96654907494801da9a4ec58ae0c,SY016,2023-12-27,BMO,2023Q3,2.05,2.12,2023-12-26,18108275652.00,18114651017.00,2024-03-28,
74eac38c41069ac7e52f5e6230d5c828,SY016,2024-03-28,AMC,2024Q4,2.77,2.87,2024-03-27,15240586697.00,15165674067.00,2024-06-28,
cf343a5aa96f2722ee3a7211e42d467c,SY016,2024-06-28,AMC,2024Q1,1.40,1.21,2024-06-27,6141671582.00,6114285176.00,2024-09-27,
8b30a4cb15dd0583d246694adf245d5c,SY016,2024-09-27,AMC,2024Q2,2.18,2.17,2024-09-26,12225038328.00,11741304900.00,2024-12-27,
3189e5efca8aa828f4b2f95be43554b8,SY016,2024-12-27,AMC,2024Q3,2.60,2.59,2024-12-26,16262969921.00,16475244318.00,2025-04-01,
6b6116c98fb787f31f4a8e1a3ca4f2ca,SY016,2025-04-01,BMO,2025Q4,2.75,2.49,2025-03-31,11528339049.00,11335286031.00,2025-07-02,
9caebea8a3b502cd1fac03e5f6d07da4,SY016,2025-07-02,BMO,2025Q1,1.36,1.56,2025-07-01,2473698215.00,2513272822.00,2025-10-01,
43a3ff0f512bdd67c3c67766353464aa,SY016,2025-10-01,BMO,2025Q2,3.16,2.84,2025-09-30,8696277307.00,8968267649.00,2025-12-31,2025-10-17
2a3b79c18942c6df041af583dfe5f9ae,SY017,2019-06-04,AMC,2019Q1,1.47,1.23,2019-06-03,7589782275.00,7686040800.00,2019-09-03,
4b09a7e090aa1203977dc37e733ccf7c,SY017,2019-09-03,AMC,2019Q2,1.68,1.68,2019-09-02,10214096633.00,10778426313.00,2019-12-02,
40a13f145fa85dceb3bf4ac10af4e451,SY017,2019-12-02,BMO,2019Q3,1.94,2.36,2019-12-01,8311727381.00,8499458522.00,2020-03-04,
595e784d4d7e22ecbebe0ff912c437e2,SY017,2020-03-04,AMC,2020Q4,2.99,2.75,2020-03-03,14932203553.00,15334635885.00,2020-06-03,
15455191120b2b03fe00882fc1d45cb7,SY017,2020-06-03,AMC,2020Q1,1.71,1.27,2020-06-02,10695449888.00,10643010097.00,2020-09-01,
a8ca8817a59b35b79172f0b4744079f4,SY017,2020-09-01,BMO,2020Q2,0.27,0.62,2020-08-31,13455992315.00,13894354782.00,2020-12-01,
86590518f553afc45c25ce6f61d1fec8,SY017,2020-12-01,BMO,2020Q3,2.72,2.73,2020-11-30,4537360061.00,4342760114.00,2021-03-04,
d95c9e8cbecec7bbb419ec515640d67d,SY017,2021-03-04,AMC,2021Q4,2.73,2.87,2021-03-03,15582356676.00,16247156067.00,2021-06-03,
fffe887e047bbd134883c81989c436b2,SY017,2021-06-03,BMO,2021Q1,1.32,1.76,2021-06-02,16929417381.00,16774603819.00,2021-09-01,
3c0f4a9274c7a5b139435c375de74673,SY017,2021-09-01,BMO,2021Q2,2.66,2.80,2021-08-31,17582613647.00,17839012353.00,2021-12-01,2021-09-14
31f5c264008e1b8fc172be8642ab4d4d,SY017,2021-12-01,BMO,2021Q3,2.69,2.74,2021-11-30,4574708774.00,4629792305.00,2022-03-03,
98baf37f8104d02cdbb17147c386683c,SY017,2022-03-03,AMC,2022Q4,1.56,1.44,2022-03-02,11181123609.00,10838154908.00,2022-06-02,2022-03-15
75a97b39d61265fd7f59a64a8b265c9c,SY017,2022-06-02,BMO,2022Q1,0.99,1.14,2022-06-01,16868568390.00,17166981277.00,2022-09-01,
40856321e00ea8eb12879395b4adfd8b,SY017,2022-09-01,BMO,2022Q2,0.60,0.74,2022-08-31,3249268744.00,3404249867.00,2022-12-01,
47aa1e6def2a90ee4bb345446b6390e4,SY017,2022-12-01,AMC,2022Q3,0.96,1.22,2022-11-30,4228561318.00,4405985423.00,2023-03-06,
42614cd898f14f785b8e4913e8bef53a,SY017,2023-03-06,AMC,2023Q4,1.34,1.72,2023-03-05,13488745625.00,13095316442.00,2023-06-05,
bf953f87383a99b9fab5b7c621ac7fe1,SY017,2023-06-05,BMO,2023Q1,2.78,2.84,2023-06-04,5182923510.00,5349614401.00,2023-09-05,
e4f3582640b3816ded4c3ba70e54a447,SY017,2023-09-05,BMO,2023Q2,1.01,1.20,2023-09-04,3321737065.00,3205914251.00,2023-12-04,
443f5215429478808971bb60a924578c,SY017,2023-12-04,AMC,2023Q3,2.13,2.22,2023-12-03,1283140368.00,1255852138.00,2024-03-06,
83cdb7698d6ee501c973f8eb8a1afe30,SY017,2024-03-06,BMO,2024Q4,2.70,2.77,2024-03-05,8094443404.00,8602674334.00,2024-06-05,2024-03-25
ac5aabb0a59da48cfdee9b2757119df6,SY017,2024-06-05,BMO,2024Q1,2.21,2.53,2024-06-04,839755546.00,855780058.00,2024-09-05,2024-06-25
a88c4f046c7a227570d146152cfa1d70,SY017,2024-09-05,BMO,2024Q2,1.46,1.17,2024-09-04,17943331510.00,17316748587.00,2024-12-04,
7be5b6b23bba28966bac1580386513ec,SY017,2024-12-04,AMC,2024Q3,1.21,1.33,2024-12-03,14320889368.00,13654406014.00,2025-03-10,
7563193e88b9889c9c35b06b8a999083,SY017,2025-03-10,BMO,2025Q4,1.07,1.21,2025-03-09,3704840362.00,3806137326.00,2025-06-09,
cc9939e263d59565ea17234c930173e3,SY017,2025-06-09,AMC,2025Q1,0.71,0.98,2025-06-08,6564774725.00,6471973134.00,2025-09-09,
ac4ff671390be92ccef2ed545d872ae0,SY017,2025-09-09,BMO,2025Q2,2.61,2.86,2025-09-08,5940637099.00,5852773295.00,2025-12-08,
df16b660bf2835677919716c4c8b483f,SY017,2025-12-08,AMC,2025Q3,2.37,2.22,2025-12-07,17862482248.00,16635240522.00,,
17ce8d7ad26348e822741bac0d043af5,SY018,2019-06-18,BMO,2019Q1,3.00,2.84,2019-06-17,10608161219.00,10892146554.00,2019-09-17,
54a55a28db5eba0d6b46b621a3f34447,SY018,2019-09-17,AMC,2019Q2,0.99,0.65,2019-09-16,19173824642.00,18171733489.00,2019-12-16,
553a300d1c60aade3621881b0d44d890,SY018,2019-12-16,AMC,2019Q3,0.72,0.71,2019-12-15,2944425454.00,2940981182.00,2020-03-18,
74ea6f71d5f3ae82285b586468be88d4,SY018,2020-03-18,BMO,2020Q4,1.47,1.51,2020-03-17,17293255732.00,16986078182.00,2020-06-17,
a7a736e9426c5d582a519ad440438dc0,SY018,2020-06-17,BMO,2020Q1,1.49,1.66,2020-06-16,9443172904.00,9100007691.00,2020-09-16,
6ec72f8c27b346de98ae8225c18ad1f6,SY018,2020-09-16,AMC,2020Q2,2.26,2.25,2020-09-15,13327686863.00,13784420772.00,2020-12-15,
17e9cb0666ea807fa2ac063739b474d1,SY018,2020-12-15,AMC,2020Q3,2.09,2.13,2020-12-14,7125018509.00,7363556350.00,2021-03-18,
0ae99c0b0ccbfcf3cdeca4ab109efe82,SY018,2021-03-18,AMC,2021Q4,1.40,2.01,2021-03-17,17863965389.00,18632262897.00,2021-06-17,
a0da86a6a41dbbbf36acfca0fcd57ac7,SY018,2021-06-17,AMC,2021Q1,2.96,2.66,2021-06-16,9990788624.00,9955096248.00,2021-09-16,
623df8c69bfd7f2a6eecaf31f4e4f6fb,SY018,2021-09-16,BMO,2021Q2,2.23,2.52,2021-09-15,660361185.00,680758665.00,2021-12-15,
145d191e2238205b65f86448d3ea9d32,SY018,2021-12-15,BMO,2021Q3,2.97,2.79,2021-12-14,14011653351.00,13170562170.00,2022-03-17,2022-01-05
590c795ff269054452d7e085bcf6b01a,SY018,2022-03-17,AMC,2022Q4,1.54,1.71,2022-03-16,2913808714.00,2807260872.00,2022-06-16,
a8d3ef5e0943e3d1a74bb51d3e369baa,SY018,2022-06-16,AMC,2022Q1,1.35,1.33,2022-06-15,813543186.00,862616017.00,2022-09-16,
31b1591d15ac33383b1f79c114b7e5a5,SY018,2022-09-16,BMO,2022Q2,2.62,2.28,2022-09-15,18098054264.00,18564140454.00,2022-12-15,
091b3a18f233c7d63c14f1c9a2df495f,SY018,2022-12-15,BMO,2022Q3,2.16,2.31,2022-12-14,14859358504.00,15035924309.00,2023-03-20,
667934ee04c7a9c4938ae5ff0d83730a,SY018,2023-03-20,BMO,2023Q4,3.05,2.91,2023-03-19,17098679105.00,17212160927.00,2023-06-20,
8c13971afd33e2fab6260df14158f96f,SY018,2023-06-20,AMC,2023Q1,1.42,1.34,2023-06-19,13574697263.00,13308830691.00,2023-09-19,
284a2d81607707cb5e4971d23543d044,SY018,2023-09-19,AMC,2023Q2,1.04,1.15,2023-09-18,14238324434.00,14497926943.00,2023-12-18,
13c2415665b8e037b5525daba726bd77,SY018,2023-12-18,BMO,2023Q3,0.34,0.57,2023-12-17,17511917804.00,17957542543.00,2024-03-20,
9223d6eee3fe8a38df8308b9ad289bd5,SY018,2024-03-20,BMO,2024Q4,2.37,2.52,2024-03-19,8118432927.00,8137344139.00,2024-06-20,2024-04-04
a64a761fd05b51196f8893a87e085697,SY018,2024-06-20,BMO,2024Q1,3.05,2.80,2024-06-19,19185257043.00,19121663880.00,2024-09-19,2024-07-15
f6782a4dc982aedf142c28cdc6550099,SY018,2024-09-19,BMO,2024Q2,1.95,1.94,2024-09-18,8420236267.00,8815091233.00,2024-12-18,
f21854f1a5ef3e082d23d78688a4ae76,SY018,2024-12-18,AMC,2024Q3,2.55,2.71,2024-12-17,11956758260.00,12161714513.00,2025-03-24,
1f33f17742aee838cc10fc87afc165b5,SY018,2025-03-24,BMO,2025Q4,1.01,1.33,2025-03-23,605976463.00,575771368.00,2025-06-24,
5db98673f996ca2cbe48deb072d8617f,SY018,2025-06-24,BMO,2025Q1,0.97,0.94,2025-06-23,19262822465.00,19315971239.00,2025-09-23,
fd912ecd527458b1654100d8402be53e,SY018,2025-09-23,AMC,2025Q2,1.32,1.27,2025-09-22,15163560477.00,16038552976.00,2025-12-22,
b7d539f479ba0577ebfeee082f8a68a4,SY018,2025-12-22,BMO,2025Q3,2.36,2.21,2025-12-21,6453072315.00,6439480085.00,,
527a44eef3f8a10a4b87279bc30ed34e,SY019,2019-05-20,AMC,2019Q1,0.70,1.10,2019-05-19,3667209404.00,3563249510.00,2019-08-19,
a4d23f822e65af16d0d4a7f6fc53e2c0,SY019,2019-08-19,BMO,2019Q2,0.68,0.73,2019-08-18,4685802428.00,5068029419.00,2019-11-15,
5b825adf4f517e3967c5b52d9120ce06,SY019,2019-11-15,BMO,2019Q3,1.85,1.59,2019-11-14,5942990502.00,5803673131.00,2020-02-19,2019-12-10
af3fbfd717153626946acb43a4adb0ce,SY019,2020-02-19,BMO,2020Q4,2.03,1.96,2020-02-18,4258265228.00,4073452231.00,2020-05-19,
866793c2b82e03ed0851e1b6510c6c52,SY019,2020-05-19,BMO,2020Q1,1.97,1.98,2020-05-18,8217482367.00,8062199863.00,2020-08-18,
64c7ed9bf047a44f68cae46987683a11,SY019,2020-08-18,BMO,2020Q2,2.54,2.11,2020-08-17,3396551446.00,3458353932.00,2020-11-16,
6a769866cae9543e1ee1e16fa3412626,SY019,2020-11-16,BMO,2020Q3,3.10,2.56,2020-11-15,3747233499.00,3874796678.00,2021-02-18,
901f1b57a9d2daee6eaa2a93df6b732b,SY019,2021-02-18,AMC,2021Q4,2.61,2.86,2021-02-17,706731569.00,690045440.00,2021-05-19,
dc6fb1c45c17fabefe515aa8fc85df9c,SY019,2021-05-19,AMC,2021Q1,0.24,0.56,2021-05-18,6124815882.00,6216647230.00,2021-08-18,
edd484ffcd38b319a75924f65f4c7a73,SY019,2021-08-18,AMC,2021Q2,2.06,2.37,2021-08-17,1806698269.00,1907750877.00,2021-11-16,
e657009fb31b9bd828e331ba8f2963a1,SY019,2021-11-16,BMO,2021Q3,2.25,2.26,2021-11-15,1507567247.00,1467844723.00,2022-02-16,
60fcd8b2aa45bb9bdf88df45be59c49f,SY019,2022-02-16,BMO,2022Q4,1.88,2.22,2022-02-15,1929931074.00,1883211745.00,2022-05-18,
978abc4fc735ce961dd0809492ccf8f1,SY019,2022-05-18,BMO,2022Q1,2.40,2.20,2022-05-17,19657271826.00,19054996570.00,2022-08-18,
f60ecccd8a04dfed16ca3aeb1473a081,SY019,2022-08-18,AMC,2022Q2,0.49,0.69,2022-08-17,1866895556.00,1911788521.00,2022-11-16,
7000108eaeaf2aa6783638c145ba485d,SY019,2022-11-16,BMO,2022Q3,1.52,1.13,2022-11-15,17383425904.00,15950305108.00,2023-02-17,
e4003709a2776c08cd759b92e111985c,SY019,2023-02-17,BMO,2023Q4,1.43,1.86,2023-02-16,1033055232.00,1047215122.00,2023-05-19,
4229a199d7b8d29f3dfe771b89f5cdc2,SY019,2023-05-19,BMO,2023Q1,2.50,2.41,2023-05-18,11915459200.00,11986647774.00,2023-08-21,
ff56c262b3d64933b10ae706a6cf6f45,SY019,2023-08-21,BMO,2023Q2,3.41,2.95,2023-08-20,18865441179.00,18709571952.00,2023-11-17,2023-09-15
8a32200096d881c590a164058034e9be,SY019,2023-11-17,BMO,2023Q3,3.14,2.96,2023-11-16,4663762704.00,4852688826.00,2024-02-21,2023-12-08
064eee3e7de889f2c28c5e9b5dcae14a,SY019,2024-02-21,AMC,2024Q4,2.01,2.40,2024-02-20,11659182508.00,11960101797.00,2024-05-21,
f638c0d3b81346fea70abec61349517e,SY019,2024-05-21,BMO,2024Q1,0.98,0.85,2024-05-20,8234003846.00,8041551751.00,2024-08-21,
df59ce16f74962aea76031e843925804,SY019,2024-08-21,BMO,2024Q2,2.55,2.84,2024-08-20,3215700112.00,3350144043.00,2024-11-19,2024-09-04
34c4dd9c868b42d70325eaf96c97d488,SY019,2024-11-19,BMO,2024Q3,2.13,1.97,2024-11-18,13599407262.00,13342215997.00,2025-02-24,
9087b537458eaa88ccfe884e976607ad,SY019,2025-02-24,AMC,2025Q4,1.17,1.11,2025-02-23,19830055217.00,19388482232.00,2025-05-23,
6b32b3514df25f4b32b2661ccdb7cbd2,SY019,2025-05-23,AMC,2025Q1,2.42,2.35,2025-05-22,11385565771.00,11377369879.00,2025-08-25,2025-06-02
120c92daf68826d53607040a1a9578da,SY019,2025-08-25,AMC,2025Q2,1.58,1.86,2025-08-24,4681383693.00,4825917014.00,2025-11-21,
60dbf7a3882e113832778b38bfcb2253,SY019,2025-11-21,BMO,2025Q3,1.01,1.04,2025-11-20,16603321489.00,16278773240.00,,
84152f87b3ca8005450a6c9146283631,SY020,2019-04-04,AMC,2019Q1,0.57,0.74,2019-04-03,6970627477.00,6970889393.00,2019-07-05,
f453d008dc8038d74d7bd7b1b971b459,SY020,2019-07-05,BMO,2019Q2,1.83,1.69,2019-07-04,15244400219.00,15415157055.00,2019-10-03,
240bc6fdc1c02c8c076d0ed730140c77,SY020,2019-10-03,AMC,2019Q3,1.13,1.10,2019-10-02,14445206542.00,13767687695.00,2020-01-03,
80a21d2e4b1f1d4d2dbdcacd47c55398,SY020,2020-01-03,BMO,2020Q4,2.61,2.56,2020-01-02,8806149264.00,8918726557.00,2020-04-03,
494b6d06b242db7cb208e0cb9fb3077e,SY020,2020-04-03,AMC,2020Q1,1.75,1.88,2020-04-02,13057273796.00,12696056619.00,2020-07-06,
9848627ad4b1badab13422aa24862b24,SY020,2020-07-06,AMC,2020Q2,0.81,0.92,2020-07-05,16206321990.00,16045940701.00,2020-10-02,
da8d40f9a8970a5ac648761f1b0375ef,SY020,2020-10-02,AMC,2020Q3,2.23,2.17,2020-10-01,7715219101.00,8189882380.00,2021-01-04,
5977c79725c8b35d94bcb5ddce77117d,SY020,2021-01-04,AMC,2021Q4,0.41,0.78,2021-01-03,19443391291.00,19761699332.00,2021-04-06,
5fe04c7e385706d15c260fa0825f62e5,SY020,2021-04-06,BMO,2021Q1,0.62,0.63,2021-04-05,6684901172.00,6189689390.00,2021-07-06,
6fd7cebbc6c74961ff0c18dfe4bc65df,SY020,2021-07-06,AMC,2021Q2,1.29,1.16,2021-07-05,11283307517.00,12139533655.00,2021-10-04,
928f3ecd3ad20b65ed7239aeaa00de91,SY020,2021-10-04,AMC,2021Q3,2.76,2.86,2021-10-03,4099974941.00,4391093065.00,2022-01-03,
623f9d22926ff833a5a1d06e69a944fb,SY020,2022-01-03,BMO,2022Q4,0.63,0.60,2022-01-02,16911361572.00,16551932226.00,2022-04-04,
5506b1ecdcdd5fc9fc78e123b74d5ed0,SY020,2022-04-04,AMC,2022Q1,2.58,2.81,2022-04-03,10296031962.00,10618248337.00,2022-07-06,
049f425b23390fe0052f4ceab04e1d7e,SY020,2022-07-06,AMC,2022Q2,2.54,2.94,2022-07-05,2837518830.00,2667284371.00,2022-10-04,
189b9988345509fe39e54114d588a15b,SY020,2022-10-04,BMO,2022Q3,2.19,2.49,2022-10-03,16483530670.00,16598466328.00,2023-01-04,
84e866848b8fd674173791b496506c34,SY020,2023-01-04,AMC,2023Q4,1.54,1.74,2023-01-03,9286491656.00,9034252464.00,2023-04-05,
96c428607c988165a3f288d552a5bfae,SY020,2023-04-05,BMO,2023Q1,2.37,2.44,2023-04-04,12127956536.00,11858648018.00,2023-07-07,
88fcb6d0585bf662818c3c87e9f38054,SY020,2023-07-07,AMC,2023Q2,1.78,1.37,2023-07-06,2861070724.00,2814620611.00,2023-10-05,
089fb03b0ec13a9a7556fc448de8c597,SY020,2023-10-05,AMC,2023Q3,1.31,1.17,2023-10-04,9028201265.00,8765579888.00,2024-01-05,2023-10-12
2b3a9d423673fc1a470c693f4b69aac3,SY020,2024-01-05,BMO,2024Q4,1.73,1.49,2024-01-04,8553318576.00,7831499222.00,2024-04-08,
24447638d514796222b912a03dc5e83b,SY020,2024-04-08,BMO,2024Q1,1.42,1.68,2024-04-07,17451996940.00,17794959621.00,2024-07-09,
700a6805fc2676e84c7395269031c373,SY020,2024-07-09,AMC,2024Q2,1.47,1.65,2024-07-08,3600345924.00,3695214665.00,2024-10-07,
b65416a21253263e5e40acc69459e4f7,SY020,2024-10-07,BMO,2024Q3,0.71,0.72,2024-10-06,19775269594.00,18390766946.00,2025-01-07,
eb06e49a9f3e7a4f0e51bf29862929f7,SY020,2025-01-07,AMC,2025Q4,2.28,2.32,2025-01-06,8383892286.00,8689504097.00,2025-04-09,
b3741cb639e782f39d26802e7e7e2502,SY020,2025-04-09,AMC,2025Q1,1.33,1.19,2025-04-08,16753752877.00,17131437404.00,2025-07-11,
abefe898ef448476d70414485d3af672,SY020,2025-07-11,AMC,2025Q2,1.42,1.43,2025-07-10,19060704058.00,18262569821.00,2025-10-09,
42c8cad89911e9a4dfb3418c2c2b9d87,SY020,2025-10-09,AMC,2025Q3,1.48,1.76,2025-10-08,3062269621.00,2923109060.00,,
f17fd46e957560f0956cf4917126a171,SY021,2019-05-22,AMC,2019Q1,1.61,1.28,2019-05-21,16620648976.00,16200926462.00,2019-08-21,
f14845182f56b3bc6cbc9983f751639b,SY021,2019-08-21,BMO,2019Q2,1.17,1.03,2019-08-20,2426752452.00,2420779577.00,2019-11-19,
95aa27aaf2599f7c991dcd0f4fe74c6d,SY021,2019-11-19,BMO,2019Q3,0.59,1.07,2019-11-18,15981118969.00,16855439530.00,2020-02-21,
77cf9417292d30b62228cf51c46db2b3,SY021,2020-02-21,BMO,2020Q4,1.10,1.57,2020-02-20,7235986981.00,6902962332.00,2020-05-21,
247a111e06d9cc9663494c3a885b9d25,SY021,2020-05-21,AMC,2020Q1,1.51,1.40,2020-05-20,13132413954.00,13538026036.00,2020-08-20,
588379d025ab28c5795e09b83f9bdfc4,SY021,2020-08-20,AMC,2020Q2,1.30,1.53,2020-08-19,1365456303.00,1393621463.00,2020-11-18,
9f9c2990308d93053fc80d33a57364a5,SY021,2020-11-18,BMO,2020Q3,0.75,0.74,2020-11-17,17143443783.00,17256851362.00,2021-02-22,
deb2166d5ebb8ff603c4cf12f871bc9c,SY021,2021-02-22,BMO,2021Q4,2.71,2.46,2021-02-21,8402467813.00,7956446590.00,2021-05-21,
349b29ad4463a1f928031c1d0bb77eb2,SY021,2021-05-21,AMC,2021Q1,0.87,0.82,2021-05-20,11796732178.00,12004973454.00,2021-08-20,
ccf34c46de5a801f7101254acaec4c2b,SY021,2021-08-20,BMO,2021Q2,2.22,1.86,2021-08-19,14389326891.00,13981510269.00,2021-11-18,
17b53fc970bcd8a1f568b545a04ab39e,SY021,2021-11-18,BMO,2021Q3,2.76,2.84,2021-11-17,8418653899.00,8388895702.00,2022-02-18,
28bc1a9866caba41b3fa9005c0519dba,SY021,2022-02-18,BMO,2022Q4,1.26,1.24,2022-02-17,10810676136.00,11239303759.00,2022-05-20,
b25c262292d92c16cba685970a8cac40,SY021,2022-05-20,BMO,2022Q1,1.77,1.48,2022-05-19,19246094158.00,18847999390.00,2022-08-22,
a9b8150df72c21a599ea2d4639d4f577,SY021,2022-08-22,BMO,2022Q2,1.04,0.95,2022-08-21,18912710877.00,19371851302.00,2022-11-18,
4b759baa934a68e140a62b1b4c5a79e8,SY021,2022-11-18,BMO,2022Q3,1.97,2.18,2022-11-17,2949460303.00,3015829799.00,2023-02-22,
54eece33059fb98ad98e8aad9a2cdb75,SY021,2023-02-22,BMO,2023Q4,2.40,2.88,2023-02-21,9466212361.00,9953157465.00,2023-05-23,2023-03-13
e1b0fd1fd946d5b938d345d511355cb4,SY021,2023-05-23,AMC,2023Q1,0.85,0.88,2023-05-22,18039756458.00,18382165384.00,2023-08-23,
7ea2391d8505c83258c04e7cc55c2ab4,SY021,2023-08-23,BMO,2023Q2,0.61,0.63,2023-08-22,1301958359.00,1294599065.00,2023-11-21,
ba111fdd6d10ede9adf31683616bb857,SY021,2023-11-21,BMO,2023Q3,2.65,2.63,2023-11-20,20054002976.00,19993229478.00,2024-02-23,
ddc2fd87061a2f6626d5a0d558c6dcc3,SY021,2024-02-23,BMO,2024Q4,2.60,2.19,2024-02-22,15157682001.00,14967968385.00,2024-05-23,
98de8c51c10ff2cd9476ad186c63efd9,SY021,2024-05-23,AMC,2024Q1,0.64,0.62,2024-05-22,4758849433.00,4513404157.00,2024-08-23,
bfbb6081edcf392e1dd898a93a34977f,SY021,2024-08-23,BMO,2024Q2,2.70,2.77,2024-08-22,5522711422.00,5650636344.00,2024-11-21,
d9dbe486da4a7de58a2c8062355948c2,SY021,2024-11-21,AMC,2024Q3,1.96,1.93,2024-11-20,17155359105.00,17332496904.00,2025-02-26,
349096c82b44031fc70efa8650166826,SY021,2025-02-26,AMC,2025Q4,1.92,2.09,2025-02-25,4771396562.00,4684382068.00,2025-05-28,
01b30259d939bee99ae41e3790ed9cc7,SY021,2025-05-28,BMO,2025Q1,1.40,1.53,2025-05-27,13396314772.00,13434119557.00,2025-08-27,
fab928264e5d7d41344eeed68d7ce2ab,SY021,2025-08-27,AMC,2025Q2,2.35,2.44,2025-08-26,17327900125.00,17389441762.00,2025-11-25,
32e5f29e43609edcf3a9a92119411007,SY021,2025-11-25,BMO,2025Q3,1.99,1.99,2025-11-24,11234956809.00,11499643198.00,,
7336ec1f97760c85d21f21be259bdf1c,SY022,2019-05-30,AMC,2019Q1,1.88,2.00,2019-05-29,19373525006.00,19365607448.00,2019-08-28,
2b61fbeec929a5094bba06171c324a42,SY022,2019-08-28,BMO,2019Q2,1.27,0.89,2019-08-27,15028934134.00,16019371763.00,2019-11-26,
759487d8090564c063ca04b5f2da270f,SY022,2019-11-26,AMC,2019Q3,3.00,2.87,2019-11-25,15273348730.00,14373588116.00,2020-02-28,
0a5119c6121b8cbc515f858f38635f1d,SY022,2020-02-28,BMO,2020Q4,0.77,0.77,2020-02-27,18215495564.00,18538064050.00,2020-05-29,
41a4709d30c4ec6d4b8582c44ad75c03,SY022,2020-05-29,BMO,2020Q1,1.61,1.46,2020-05-28,6796796283.00,6631751417.00,2020-08-27,
6cf61ea013573d50e311d243d96123f9,SY022,2020-08-27,AMC,2020Q2,2.28,2.09,2020-08-26,14008963584.00,13732178909.00,2020-11-25,
41c41f75f33a6a2a2733298c0113a107,SY022,2020-11-25,BMO,2020Q3,2.96,2.80,2020-11-24,16240411663.00,16919877197.00,2021-03-01,
bc7365b8dca21ca0219039d29866d357,SY022,2021-03-01,AMC,2021Q4,2.18,2.51,2021-02-28,9640143170.00,9523043266.00,2021-05-28,
7e1cd27607bd8bcc130bead1f27097d5,SY022,2021-05-28,BMO,2021Q1,1.05,1.22,2021-05-27,739778894.00,764196537.00,2021-08-27,
b732ea8de62776e4d540a6f9d708a908,SY022,2021-08-27,AMC,2021Q2,1.60,1.22,2021-08-26,4267823777.00,4059907334.00,2021-11-26,
b346b31d830fae9864eaa9cdf1b7e815,SY022,2021-11-26,AMC,2021Q3,1.92,2.17,2021-11-25,11143463881.00,12069693613.00,2022-02-28,
e9d52281d608eae7928fb8314702dfe9,SY022,2022-02-28,AMC,2022Q4,1.27,1.04,2022-02-27,2579633201.00,2474613634.00,2022-05-27,2022-03-11
de06244e61ba67a8baf462df38f0e1c5,SY022,2022-05-27,BMO,2022Q1,1.81,1.69,2022-05-26,776940997.00,768319700.00,2022-08-29,
4aac0bdaae0a86d554f72c13af9d5e12,SY022,2022-08-29,AMC,2022Q2,1.67,1.67,2022-08-28,1727386075.00,1629225233.00,2022-11-28,
efde9fd12d86ac5c343df6173be08dc5,SY022,2022-11-28,BMO,2022Q3,2.45,2.37,2022-11-27,19767143208.00,19298498628.00,2023-03-01,
e6c7eeaffc096781625f1ac829449711,SY022,2023-03-01,AMC,2023Q4,2.12,2.17,2023-02-28,4238470973.00,4220759813.00,2023-05-31,
3afc781c4a95a8c7a2fe0f1202a1af4c,SY022,2023-05-31,BMO,2023Q1,2.16,2.17,2023-05-30,15025817192.00,15445751426.00,2023-08-30,
59390a09293f18561212a018ed6de278,SY022,2023-08-30,AMC,2023Q2,1.79,1.74,2023-08-29,18079156410.00,19212671507.00,2023-11-29,
b8c3e7024ba5fb96f94a961da9d467cd,SY022,2023-11-29,BMO,2023Q3,0.88,1.10,2023-11-28,9813249055.00,9250544381.00,2024-03-01,
5e2973b5966fff52e6121677dc536d2d,SY022,2024-03-01,BMO,2024Q4,3.21,2.93,2024-02-29,6123104164.00,6062175367.00,2024-05-31,
40a7fd1491e1e24f845d80f7ef4574d4,SY022,2024-05-31,AMC,2024Q1,2.84,2.91,2024-05-30,11131576736.00,11416441739.00,2024-08-30,
a3b197d46f84ad1911bc1b6530b90c68,SY022,2024-08-30,BMO,2024Q2,1.64,1.71,2024-08-29,19424729807.00,19779722070.00,2024-11-29,2024-09-13
1b8309fb1f31c5552052c3ca751aadc1,SY022,2024-11-29,AMC,2024Q3,2.69,2.88,2024-11-28,17248166469.00,18679306222.00,2025-03-05,
4d156f711d43e10acb585fba55373d58,SY022,2025-03-05,AMC,2025Q4,0.40,0.51,2025-03-04,17340549509.00,17558405115.00,2025-06-04,
727c463d2f018ac7ef01ecdbadd840a6,SY022,2025-06-04,BMO,2025Q1,0.97,0.65,2025-06-03,16124705265.00,15550520123.00,2025-09-04,
362da4c0c6ee8a6d15f6733fd5d3855b,SY022,2025-09-04,BMO,2025Q2,3.05,2.62,2025-09-03,18608256054.00,18769423149.00,2025-12-03,
e29b7384aef10fd190f5e7a7c1266d9c,SY022,2025-12-03,AMC,2025Q3,1.93,2.24,2025-12-02,1944461607.00,2120829155.00,,
f6ab869928073921df6dfe310d3c4866,SY023,2019-04-22,BMO,2019Q1,1.83,1.74,2019-04-21,6166841125.00,6097154223.00,2019-07-22,
4dac02600f63e04953ea9d524d277170,SY023,2019-07-22,BMO,2019Q2,2.22,2.52,2019-07-21,4318135121.00,4476544376.00,2019-10-18,
474ad24d56c130c894fbe9ed01cde1bf,SY023,2019-10-18,BMO,2019Q3,0.88,0.99,2019-10-17,14648578525.00,14651823787.00,2020-01-21,
fbadceb639837452f5975f27990c205b,SY023,2020-01-21,BMO,2020Q4,1.46,1.64,2020-01-20,2011741974.00,2014428418.00,2020-04-21,
55c13d13e3e3b443c1e9bbd4e17910db,SY023,2020-04-21,BMO,2020Q1,2.18,2.30,2020-04-20,16964345907.00,17080594606.00,2020-07-21,
58e8b14c7dfb06aff133a3c611f0ae63,SY023,2020-07-21,AMC,2020Q2,0.83,0.56,2020-07-20,3566780139.00,3525643439.00,2020-10-19,
d5fa0079f4ffda2139d2eeb65d719fef,SY023,2020-10-19,BMO,2020Q3,2.79,2.64,2020-10-18,1389185297.00,1370441341.00,2021-01-20,2020-11-05
c3c48e21cb10bc1ed9960a06e8c06867,SY023,2021-01-20,AMC,2021Q4,1.28,1.03,2021-01-19,8116762698.00,8404107743.00,2021-04-21,
ef6dc4d1b900f0c8bc14e72d3a950186,SY023,2021-04-21,BMO,2021Q1,1.83,1.75,2021-04-20,814806021.00,799189562.00,2021-07-21,
066e655f62d7a7e9e1fcf99d9089a688,SY023,2021-07-21,AMC,2021Q2,2.88,2.77,2021-07-20,19837305689.00,19757841261.00,2021-10-19,
e3b44ea5afde4a6a4c693a0c8187fdca,SY023,2021-10-19,BMO,2021Q3,2.77,2.92,2021-10-18,6723113829.00,6337499173.00,2022-01-19,
ada12d0e4aae315115a2e55ccf5f7544,SY023,2022-01-19,BMO,2022Q4,1.17,1.22,2022-01-18,8367638217.00,8350419944.00,2022-04-20,
3b4896ffff51b0159f45ba9f852e6ab3,SY023,2022-04-20,BMO,2022Q1,0.95,1.24,2022-04-19,18307887812.00,19331375276.00,2022-07-21,
641d4f0158dd8f9b9b919b261eac5497,SY023,2022-07-21,BMO,2022Q2,2.21,2.36,2022-07-20,13298265246.00,13321002174.00,2022-10-19,2022-08-16
d8cb383c99b171b52ddf7b68744d0ffa,SY023,2022-10-19,BMO,2022Q3,0.73,0.93,2022-10-18,8676619904.00,8518518966.00,2023-01-20,
75984d6e87add5ab3d1986a342e0c38f,SY023,2023-01-20,BMO,2023Q4,2.10,2.01,2023-01-19,4288352128.00,4251272374.00,2023-04-21,2023-02-16
be91821e8c2feb15cd8bdbe9b5a6eaf6,SY023,2023-04-21,BMO,2023Q1,1.60,1.46,2023-04-20,1884611576.00,1853721517.00,2023-07-24,
18a3b839234f54cf95a0b649e67e7966,SY023,2023-07-24,BMO,2023Q2,1.36,1.14,2023-07-23,2602084649.00,2542134577.00,2023-10-20,
567a76b6bc396e41a4359c55ca23402c,SY023,2023-10-20,BMO,2023Q3,2.61,2.67,2023-10-19,17239410315.00,16804236566.00,2024-01-23,
f3a135a48d0826d2a7f37b56b8cd238a,SY023,2024-01-23,BMO,2024Q4,0.63,0.51,2024-01-22,8588379111.00,8365891602.00,2024-04-23,
83116ff9114ec397cbdfe0bbdc52f7ea,SY023,2024-04-23,AMC,2024Q1,1.64,1.59,2024-04-22,7031515505.00,6861369429.00,2024-07-24,
fb4b06564ad0efe22e1f4b7f2a8735fa,SY023,2024-07-24,BMO,2024Q2,2.18,1.99,2024-07-23,2174109522.00,2128844595.00,2024-10-22,
83ebd87fde9d6395f29f054dd5078c7f,SY023,2024-10-22,BMO,2024Q3,2.41,2.22,2024-10-21,10369575786.00,10245332070.00,2025-01-24,
d7cbf41ec524ecb87e329a5ebea20a2c,SY023,2025-01-24,AMC,2025Q4,1.45,1.60,2025-01-23,17889187461.00,17967524695.00,2025-04-25,
e499e5fb99703e0e04ee03e45a632f0e,SY023,2025-04-25,BMO,2025Q1,0.59,0.53,2025-04-24,17559361435.00,17322775943.00,2025-07-28,
a9f9960ebb8d070c760a397dfb2955b1,SY023,2025-07-28,AMC,2025Q2,2.84,2.62,2025-07-27,8364269614.00,8362276904.00,2025-10-24,
04d6a229585c818ea161dacdccc015fe,SY023,2025-10-24,AMC,2025Q3,0.71,0.96,2025-10-23,13419407478.00,13644630853.00,,
598f4e522ae02898f41bed791d3d3f72,SY024,2019-04-15,BMO,2019Q1,0.82,0.76,2019-04-14,3255304494.00,3378292403.00,2019-07-16,
d512f891992c146a52548d01ee013eab,SY024,2019-07-16,BMO,2019Q2,1.22,1.05,2019-07-15,18091631792.00,17667160247.00,2019-10-14,
5b05b0d37ee584fcb48d0cbecaa7c405,SY024,2019-10-14,BMO,2019Q3,2.62,2.15,2019-10-13,1328043645.00,1347001553.00,2020-01-14,
76d1e5812df08b595720deec52629e10,SY024,2020-01-14,BMO,2020Q4,2.81,2.51,2020-01-13,18526041493.00,18722028698.00,2020-04-15,
9b0eab19236ccf3f883c6ee2ca77e929,SY024,2020-04-15,BMO,2020Q1,2.09,1.84,2020-04-14,18724689096.00,18294129841.00,2020-07-15,
c4f00e51bba86c35ddb7e789999d9510,SY024,2020-07-15,AMC,2020Q2,0.57,0.68,2020-07-14,10567097441.00,10983594812.00,2020-10-13,
fa52cd433cd942b6b310a671e56b00ff,SY024,2020-10-13,AMC,2020Q3,1.39,1.24,2020-10-12,3825853301.00,3901366871.00,2021-01-13,
04cddbea03afe881b1ed822720077c64,SY024,2021-01-13,AMC,2021Q4,1.46,2.02,2021-01-12,15677790429.00,15512376381.00,2021-04-15,
c0d2c32bab9f914cd95111d39cc1809e,SY024,2021-04-15,BMO,2021Q1,2.38,2.46,2021-04-14,3516368818.00,3582664363.00,2021-07-15,
63068658c31843584404a93cbf6cc53d,SY024,2021-07-15,AMC,2021Q2,1.81,2.05,2021-07-14,633528838.00,637862470.00,2021-10-13,
d2db1ac6669c0043f291eb5d44a10e54,SY024,2021-10-13,AMC,2021Q3,1.53,1.84,2021-10-12,17636566475.00,17350860286.00,2022-01-12,
2bdeb8aad5aa0752657390af5f33227e,SY024,2022-01-12,BMO,2022Q4,2.68,2.88,2022-01-11,13546961557.00,13245479437.00,2022-04-13,
e923a19dabe8391844a964121d518b90,SY024,2022-04-13,BMO,2022Q1,1.79,1.45,2022-04-12,10021710813.00,9878874522.00,2022-07-15,
78789099cf202fca10fd34e3365ca454,SY024,2022-07-15,AMC,2022Q2,1.02,1.46,2022-07-14,5712475740.00,5923723742.00,2022-10-13,2022-08-11
08c9b9bc870a6fa90a9d2edf18b9d8af,SY024,2022-10-13,BMO,2022Q3,0.54,0.57,2022-10-12,5811839761.00,5862820822.00,2023-01-13,
ed48e468e40781f0cc818d8d0c6a3c9d,SY024,2023-01-13,BMO,2023Q4,1.14,1.13,2023-01-12,11672028399.00,12000345316.00,2023-04-17,
d4feafc605bc5e343ab7a1e676f4df72,SY024,2023-04-17,BMO,2023Q1,1.55,1.76,2023-04-16,5665900710.00,5654554420.00,2023-07-18,
38983ddf48d430d2e0210f8c49861f57,SY024,2023-07-18,BMO,2023Q2,2.33,2.16,2023-07-17,9948138270.00,9764851276.00,2023-10-16,
f05d6f6f6c68002502f009205c1a3623,SY024,2023-10-16,BMO,2023Q3,1.69,1.68,2023-10-15,1905284841.00,1928148465.00,2024-01-17,
d6eecde5eee17941a7ea2c7115104925,SY024,2024-01-17,AMC,2024Q4,0.42,0.66,2024-01-16,7798081380.00,7780891930.00,2024-04-17,
99ac0b418adb1f9ea2a72ee79ec89b31,SY024,2024-04-17,BMO,2024Q1,0.86,1.06,2024-04-16,4072068968.00,4051192915.00,2024-07-18,
40838f124ee246849935cafd4cf087e3,SY024,2024-07-18,AMC,2024Q2,1.63,1.59,2024-07-17,15129473015.00,15415091003.00,2024-10-16,
f47a9a5c5907f0f4351a564cc920edcb,SY024,2024-10-16,BMO,2024Q3,0.83,0.88,2024-10-15,10426216551.00,9812250983.00,2025-01-17,
130d0c7943eb27d9b5358b411e91cc7e,SY024,2025-01-17,AMC,2025Q4,2.75,2.84,2025-01-16,15745141523.00,15817961805.00,2025-04-21,
55a38b7c6f5b200945e9cba5f9481553,SY024,2025-04-21,BMO,2025Q1,2.71,2.46,2025-04-20,9275020810.00,9516912038.00,2025-07-22,
31cb082ac8c8c7757a241c74d850d1bd,SY024,2025-07-22,AMC,2025Q2,1.69,2.00,2025-07-21,17422246260.00,18166649719.00,2025-10-20,
a0bc00a65c9c8abb23e56ff93a3142da,SY024,2025-10-20,BMO,2025Q3,0.75,1.31,2025-10-19,9131372759.00,9355006549.00,,
940da5a1b5960dcea4f192e8ff063b27,SY025,2019-04-02,AMC,2019Q1,2.06,1.91,2019-04-01,1775286261.00,1752434403.00,2019-07-02,
17532e115729481e1ac5afd20abe5508,SY025,2019-07-02,BMO,2019Q2,1.87,2.07,2019-07-01,10552215313.00,10420969139.00,2019-10-01,
21eaff09a2a27e1f686363e70997c5f0,SY025,2019-10-01,BMO,2019Q3,1.51,1.37,2019-09-30,15890674360.00,16227126080.00,2019-12-31,2019-10-10
699677dfbd55cf705cb036a301692ffc,SY025,2019-12-31,BMO,2019Q4,1.78,1.42,2019-12-30,17807668449.00,17617321434.00,2020-04-01,
302d6763be09c4859caf50e3a933f43c,SY025,2020-04-01,AMC,2020Q1,0.87,0.97,2020-03-31,12298170590.00,12388560226.00,2020-07-01,
9999351f6b870f24f645c3f96d7bdd82,SY025,2020-07-01,BMO,2020Q2,1.80,1.54,2020-06-30,561245373.00,590188543.00,2020-09-30,
45e96c0793de4cd077164912682e557e,SY025,2020-09-30,AMC,2020Q3,1.67,2.33,2020-09-29,14781196535.00,15222441305.00,2020-12-30,
bd731910acfe3e329d1cff771cbb05b9,SY025,2020-12-30,AMC,2020Q4,2.88,2.70,2020-12-29,20152715608.00,19806699660.00,2021-04-01,2021-01-26
33a354d93379ccf7eccf9a4ffaa2532e,SY025,2021-04-01,AMC,2021Q1,1.95,2.19,2021-03-31,12850177417.00,12397774987.00,2021-07-01,
4a50795e2a178c9b5271f2b2ee99beb1,SY025,2021-07-01,BMO,2021Q2,0.53,0.50,2021-06-30,17665446713.00,17889677256.00,2021-09-30,
85ce66005707305dcd895c70a0d71e5c,SY025,2021-09-30,AMC,2021Q3,0.47,0.61,2021-09-29,10769258023.00,11266980403.00,2021-12-30,
c899f0ae054b0cba5205e5966ff155fa,SY025,2021-12-30,AMC,2021Q4,0.55,0.69,2021-12-29,18126525833.00,18360311879.00,2022-03-31,
d0b98fce0a30d2ff61f38519f4f7b541,SY025,2022-03-31,AMC,2022Q1,1.49,1.39,2022-03-30,4834221962.00,4855397458.00,2022-07-01,2022-04-26
4cc06f3a824baa355b90301fccf0aacc,SY025,2022-07-01,AMC,2022Q2,2.65,2.61,2022-06-30,12481184890.00,12531874612.00,2022-09-30,
a599a648dece99df5f25a8626064eea1,SY025,2022-09-30,BMO,2022Q3,1.96,2.26,2022-09-29,15385968490.00,15829943748.00,2022-12-30,
9882c4a51e208d65667b39b9a291e46a,SY025,2022-12-30,BMO,2022Q4,2.55,2.47,2022-12-29,16294858341.00,17311331551.00,2023-04-03,
6af0235b9638189bd9891f1484e39e67,SY025,2023-04-03,AMC,2023Q1,2.51,2.51,2023-04-02,10577523645.00,10322679168.00,2023-07-05,
7e9287cbb4da5e9e3ff701b711295123,SY025,2023-07-05,BMO,2023Q2,1.03,1.11,2023-07-04,8365335744.00,8582242820.00,2023-10-03,2023-07-13
c5b2187a2b94c007b298fd84319e953a,SY025,2023-10-03,BMO,2023Q3,2.78,2.77,2023-10-02,19799132944.00,19919444072.00,2024-01-03,
a185ef7b3798d745c31baeadb6287471,SY025,2024-01-03,BMO,2024Q4,1.38,2.05,2024-01-02,2933140858.00,2966297116.00,2024-04-04,
2d1b9d9846cf3b51aa3feb225e822209,SY025,2024-04-04,AMC,2024Q1,2.07,2.37,2024-04-03,1353053916.00,1453865058.00,2024-07-05,
cec8e9cd4a5d4436c9437f9c95ee394e,SY025,2024-07-05,BMO,2024Q2,0.77,0.71,2024-07-04,14723700807.00,15223238834.00,2024-10-03,
cecc6599dfc266925f3f8bacf300c59e,SY025,2024-10-03,AMC,2024Q3,0.66,0.74,2024-10-02,16598289589.00,16616045769.00,2025-01-03,
08feb80bc513494400d09edd5d17194e,SY025,2025-01-03,AMC,2025Q4,1.66,1.62,2025-01-02,18929128272.00,18225288062.00,2025-04-07,2025-01-28
6bec06c2a46fea99b238e3aab620783a,SY025,2025-04-07,BMO,2025Q1,2.02,1.82,2025-04-06,4352986129.00,4402242854.00,2025-07-09,
7b41e4a5965a4d6e916f5bbc4b6147e7,SY025,2025-07-09,BMO,2025Q2,1.79,1.91,2025-07-08,18096294678.00,18732113074.00,2025-10-07,
26c04a780c8ece12edc40ac01666a867,SY025,2025-10-07,AMC,2025Q3,1.20,1.09,2025-10-06,3257711065.00,3297646764.00,,
854cc8f41b0b725e8ccfb83dcc3439c8,SY026,2019-05-07,AMC,2019Q1,1.19,0.97,2019-05-06,9258252451.00,9588130843.00,2019-08-06,
58ba533ff3a88f79a41e4039e3565e1b,SY026,2019-08-06,BMO,2019Q2,1.24,1.40,2019-08-05,15137650507.00,15507315324.00,2019-11-04,
2246d7b5c24e73b2630be27cefb3ec2f,SY026,2019-11-04,AMC,2019Q3,2.71,2.71,2019-11-03,17891632834.00,18638819034.00,2020-02-05,
38ec8e9bdaffafcbb824c53ede193832,SY026,2020-02-05,BMO,2020Q4,0.56,0.73,2020-02-04,4664995128.00,4714203643.00,2020-05-06,
8b0f7c4a6a96b3c49a4fcba32350e48a,SY026,2020-05-06,BMO,2020Q1,2.76,2.49,2020-05-05,1867336676.00,1836971188.00,2020-08-05,
5bdb54abe11ee20b2fa0a1e948e93416,SY026,2020-08-05,AMC,2020Q2,1.12,0.94,2020-08-04,6637271332.00,6666596307.00,2020-11-03,
8d6a9e8265c206af87339dbcda7d37d2,SY026,2020-11-03,BMO,2020Q3,0.15,0.54,2020-11-02,3908830561.00,4215580867.00,2021-02-04,
29ab016a9d58be9d32b74d30026a0419,SY026,2021-02-04,BMO,2021Q4,2.35,2.17,2021-02-03,17971742363.00,18311032218.00,2021-05-06,2021-02-24
2a90a4be5073ddd7239c754a83a06097,SY026,2021-05-06,BMO,2021Q1,1.22,1.31,2021-05-05,19592776775.00,19350158124.00,2021-08-05,
c47d717ecc165921c68bd7c995de436b,SY026,2021-08-05,BMO,2021Q2,2.25,1.96,2021-08-04,5219262941.00,5232883344.00,2021-11-03,
20d44d88aba9807ebb67b5fe9a91e5d0,SY026,2021-11-03,BMO,2021Q3,2.60,2.56,2021-11-02,2913271046.00,2928390270.00,2022-02-03,
0445b95e6839fc11a6f10da4fcb71566,SY026,2022-02-03,BMO,2022Q4,0.73,0.88,2022-02-02,10059223309.00,9656056760.00,2022-05-05,
60e1c028d9db9b7c0161a412ade20568,SY026,2022-05-05,AMC,2022Q1,1.16,1.33,2022-05-04,13735366334.00,13338444774.00,2022-08-05,
1f8ad94f3eb32337ff7f5bb20f2d9e79,SY026,2022-08-05,BMO,2022Q2,2.40,2.42,2022-08-04,3828858344.00,3937051178.00,2022-11-03,
52dcf54429c827cef82c942a6c70974b,SY026,2022-11-03,BMO,2022Q3,2.16,2.47,2022-11-02,19108061431.00,19499014749.00,2023-02-06,
9cbea69a8b5c8e80c7a64f949cfabe34,SY026,2023-02-06,BMO,2023Q4,2.68,2.49,2023-02-05,4826365060.00,5067032142.00,2023-05-08,2023-02-15
0fffbc5b4702dbd429f47e2d0925119f,SY026,2023-05-08,BMO,2023Q1,1.56,1.80,2023-05-07,7285596259.00,7567213797.00,2023-08-08,2023-06-05
70f619dd9b9773ea59aea49b9b735c2b,SY026,2023-08-08,BMO,2023Q2,1.16,1.47,2023-08-07,19807882968.00,19855460664.00,2023-11-06,
bc30132bac16aa1c06d1964bc9e34ca4,SY026,2023-11-06,BMO,2023Q3,2.23,2.36,2023-11-05,14677304187.00,15048404092.00,2024-02-07,
aa156bdede05b26d1b672cf755c12189,SY026,2024-02-07,AMC,2024Q4,2.91,2.97,2024-02-06,4804561789.00,4962742640.00,2024-05-08,
30fc09c398e4caf33fa0e3c8c47a6bf6,SY026,2024-05-08,AMC,2024Q1,2.96,2.73,2024-05-07,12800809096.00,12676443455.00,2024-08-08,
f360374282d65adcd1789fd49716d27e,SY026,2024-08-08,BMO,2024Q2,0.69,0.56,2024-08-07,6084366356.00,5736130876.00,2024-11-06,
a0a2f972c8673c00067a2a77dc271c4f,SY026,2024-11-06,AMC,2024Q3,2.36,2.54,2024-11-05,11025636705.00,11117986626.00,2025-02-10,
85fa1d7430dfb379860264d3e64be9b9,SY026,2025-02-10,AMC,2025Q4,2.92,2.97,2025-02-09,3672685651.00,3643535498.00,2025-05-12,
ae3905dd449de03d02dcda2bf6e85d45,SY026,2025-05-12,BMO,2025Q1,1.76,1.73,2025-05-11,15968862641.00,15743774503.00,2025-08-12,
199bdf50c2d26ba7b5c85dab81c0a477,SY026,2025-08-12,BMO,2025Q2,2.61,2.44,2025-08-11,1024009998.00,1062893498.00,2025-11-10,
2fdf0feea5c65d18887eb05a0465467c,SY026,2025-11-10,BMO,2025Q3,0.61,0.94,2025-11-09,7537823276.00,8158725116.00,,
1a347cf952de794a6f4c4f7ecaaab523,SY027,2019-06-25,BMO,2019Q1,2.13,2.34,2019-06-24,19080148898.00,19221838897.00,2019-09-24,
2682f810f37626d40026b437dfccde4e,SY027,2019-09-24,AMC,2019Q2,1.50,1.49,2019-09-23,10658945572.00,10421887165.00,2019-12-23,
1c598d236d1193aba5c2c25e7d31e43b,SY027,2019-12-23,BMO,2019Q3,2.20,2.19,2019-12-22,14610528102.00,14898127372.00,2020-03-25,
b5b8809722ae3568b1f8f094f40254cc,SY027,2020-03-25,BMO,2020Q4,2.29,2.29,2020-03-24,1307222250.00,1291894705.00,2020-06-24,
08caf45da350c8a5f2cb0b3358bb2fed,SY027,2020-06-24,BMO,2020Q1,1.47,1.58,2020-06-23,5522708651.00,5496247700.00,2020-09-23,
822e3aba0057bd8cd6bd24d8822ec8b6,SY027,2020-09-23,AMC,2020Q2,1.26,1.07,2020-09-22,5083845873.00,5133611445.00,2020-12-22,
b9ab00c8b28e1808306473178a561f82,SY027,2020-12-22,AMC,2020Q3,2.83,2.55,2020-12-21,16496603389.00,16372098853.00,2021-03-25,
a0875b8299f6151db10060569942410e,SY027,2021-03-25,BMO,2021Q4,1.12,0.87,2021-03-24,509100100.00,500969254.00,2021-06-24,
013ca0e48adebadda9a4104a62ea0f67,SY027,2021-06-24,AMC,2021Q1,2.51,2.47,2021-06-23,10473440870.00,10434969124.00,2021-09-23,
c461c7d21a0ec46f3b630f3b755277c2,SY027,2021-09-23,AMC,2021Q2,2.16,1.97,2021-09-22,4249349631.00,4113697333.00,2021-12-22,
a710d74e0bc595d030883a891bff675a,SY027,2021-12-22,BMO,2021Q3,1.51,1.80,2021-12-21,12087429705.00,11821673753.00,2022-03-24,
d72ee84fc31eec447c5a3001759c60e5,SY027,2022-03-24,BMO,2022Q4,2.87,2.76,2022-03-23,1005080054.00,1013668538.00,2022-06-24,
dcfbbccde9bd615b2c7ee7c22c33f694,SY027,2022-06-24,BMO,2022Q1,1.87,1.92,2022-06-23,7776892631.00,7822932970.00,2022-09-23,
8411af7a87d0841c56c647b91ac8d009,SY027,2022-09-23,BMO,2022Q2,0.71,0.85,2022-09-22,8994964443.00,9109265998.00,2022-12-22,2022-10-11
94d8d36b3844da0137f8c9589f0ab54a,SY027,2022-12-22,BMO,2022Q3,2.97,2.87,2022-12-21,639940782.00,629910235.00,2023-03-27,
b71d5ce90d27bcfd40ab9b408208313a,SY027,2023-03-27,AMC,2023Q4,2.24,2.44,2023-03-26,9157873939.00,9075897996.00,2023-06-27,2023-04-12
fda629a4245c0fb5bfef405b87055ca8,SY027,2023-06-27,BMO,2023Q1,2.27,2.37,2023-06-26,18662969863.00,18111664546.00,2023-09-26,
5cdce83e528085d170ebec2b59bf50e7,SY027,2023-09-26,BMO,2023Q2,2.83,2.86,2023-09-25,8410399933.00,8447583600.00,2023-12-26,
84dbfe3d41be7d1925c83bc25fca625d,SY027,2023-12-26,BMO,2023Q3,1.29,1.15,2023-12-25,13658098042.00,14075757386.00,2024-03-27,
722247a9a143552fd63433d2653ef8e2,SY027,2024-03-27,BMO,2024Q4,2.01,2.14,2024-03-26,8069961772.00,8283196239.00,2024-06-27,
85543e5c13553d5734e66cd5ddaec19d,SY027,2024-06-27,BMO,2024Q1,1.04,0.73,2024-06-26,20181247630.00,19901628912.00,2024-09-26,2024-07-22
892707e4caaf2a76952d83e72f545d4b,SY027,2024-09-26,AMC,2024Q2,2.88,2.68,2024-09-25,2179152817.00,2225610443.00,2024-12-26,
73d1ceba06c1ad6fcd26252bb084b13a,SY027,2024-12-26,BMO,2024Q3,1.98,1.99,2024-12-25,16935959061.00,17440041587.00,2025-03-31,
848be05ebefa5736c413c0b487728bba,SY027,2025-03-31,BMO,2025Q4,0.72,0.72,2025-03-30,12320111974.00,12981518452.00,2025-07-01,
4441bd4ed856e3d832173b59e50072c1,SY027,2025-07-01,BMO,2025Q1,1.03,0.66,2025-06-30,14273068938.00,14227019026.00,2025-09-30,
a36543c363f260a1a532ddfd08c497a7,SY027,2025-09-30,BMO,2025Q2,1.20,1.69,2025-09-29,3884940266.00,4042864083.00,2025-12-30,
1c2085769ef4823d6f0a7af77d9dd28e,SY028,2019-04-25,BMO,2019Q1,2.40,2.89,2019-04-24,12359128848.00,12358132235.00,2019-07-25,
e0c5c2328363a8c9d1be068252166297,SY028,2019-07-25,AMC,2019Q2,1.65,1.50,2019-07-24,3508910122.00,3478208117.00,2019-10-23,2019-08-15
b7a818665310bb7c87e1c2a34af3328e,SY028,2019-10-23,BMO,2019Q3,2.02,1.99,2019-10-22,16449089900.00,17098746071.00,2020-01-24,
399396a9f8b459bf2312ca43a3de9680,SY028,2020-01-24,AMC,2020Q4,2.05,1.90,2020-01-23,10568910868.00,10946314188.00,2020-04-24,
7fe0b1d5bb8e3a4725890c5095277fdf,SY028,2020-04-24,BMO,2020Q1,3.22,2.67,2020-04-23,20725253829.00,19626231981.00,2020-07-24,2020-05-11
129d973a2434402d9307298466df0b6f,SY028,2020-07-24,BMO,2020Q2,1.72,1.86,2020-07-23,15444615849.00,15382075613.00,2020-10-22,
11906129d710df47a6b04e7ccfa51aef,SY028,2020-10-22,BMO,2020Q3,0.94,0.77,2020-10-21,13622332489.00,14151784371.00,2021-01-25,
c7760e92276255f18f7cf3c0b640cd2f,SY028,2021-01-25,AMC,2021Q4,2.72,2.91,2021-01-24,13690996564.00,13756622960.00,2021-04-26,
c01265ffb7fb6a4beb5325aa7fb6a386,SY028,2021-04-26,AMC,2021Q1,2.42,2.12,2021-04-25,15590499666.00,15672391657.00,2021-07-26,
f876b34669ccec1946a0c25a79938a72,SY028,2021-07-26,AMC,2021Q2,2.50,2.58,2021-07-25,14434029216.00,14331822734.00,2021-10-22,
3f065fa35b9229b30fcacf5b5042e566,SY028,2021-10-22,AMC,2021Q3,1.74,1.33,2021-10-21,4973615041.00,5230774892.00,2022-01-24,
c56a610209f5e370d6a72eac7a987914,SY028,2022-01-24,AMC,2022Q4,1.41,1.33,2022-01-23,8345112484.00,8228072797.00,2022-04-25,
d256268d6dea970eb8b19e1694ccb7b4,SY028,2022-04-25,AMC,2022Q1,1.06,1.04,2022-04-24,647020196.00,644496757.00,2022-07-26,
54474399bbe00f59150a7ecc6e705681,SY028,2022-07-26,AMC,2022Q2,2.66,2.84,2022-07-25,20130139911.00,19173487352.00,2022-10-24,
8e15071b8629a6954fe260f97c22d561,SY028,2022-10-24,BMO,2022Q3,3.11,2.81,2022-10-23,1870038989.00,1826732734.00,2023-01-25,
1b56e12ea3189f21a338c4299b28d6b3,SY028,2023-01-25,AMC,2023Q4,0.72,0.62,2023-01-24,3610909772.00,3581446562.00,2023-04-26,
e91425e3fb11341168d85599777e54e6,SY028,2023-04-26,BMO,2023Q1,1.26,0.84,2023-04-25,8200537833.00,8147520264.00,2023-07-27,
ad626493bf10a91cad1b5fadafb85142,SY028,2023-07-27,AMC,2023Q2,2.69,2.79,2023-07-26,14375899631.00,14159364810.00,2023-10-25,
99d3ce81a72ff91b7c6cf695964b5c83,SY028,2023-10-25,AMC,2023Q3,3.20,2.91,2023-10-24,8152643018.00,7836526096.00,2024-01-26,
df9b092558c21c4ec802f1bc49f4f9c0,SY028,2024-01-26,AMC,2024Q4,2.59,2.72,2024-01-25,17584694231.00,18144124994.00,2024-04-26,
23474a68acd30d6ada85fc2a7444160c,SY028,2024-04-26,AMC,2024Q1,1.93,2.00,2024-04-25,18249941483.00,18568378346.00,2024-07-29,
6fea074d1375710033d2b7307a93655d,SY028,2024-07-29,BMO,2024Q2,1.70,1.62,2024-07-28,9897417304.00,9744848985.00,2024-10-25,
c084833d77ae85eadf64eba2533ae56e,SY028,2024-10-25,AMC,2024Q3,1.96,1.74,2024-10-24,6286553933.00,6493286242.00,2025-01-29,
88a90ce183f3c851650f473b0dd3b078,SY028,2025-01-29,BMO,2025Q4,2.26,2.27,2025-01-28,769947720.00,771540103.00,2025-04-30,
c10aa45046d9d17408f3312aecb0972b,SY028,2025-04-30,BMO,2025Q1,1.16,0.96,2025-04-29,11430506048.00,11699918633.00,2025-07-31,
57338b32ca42ed35bfa36d6871c59635,SY028,2025-07-31,BMO,2025Q2,3.11,2.80,2025-07-30,11537337993.00,11228199524.00,2025-10-29,
af4fe7ce44b752bd62082b9e9104d94e,SY028,2025-10-29,AMC,2025Q3,1.84,1.47,2025-10-28,6676276903.00,6261282288.00,,
4747e37772f36d06d4a5792e18e0de73,SY029,2019-06-25,AMC,2019Q1,2.26,2.04,2019-06-24,13894158349.00,14125391113.00,2019-09-24,
d7a5635a7d3ac9dbfc1bfef10cf18b37,SY029,2019-09-24,BMO,2019Q2,0.79,0.79,2019-09-23,8937146679.00,8921768556.00,2019-12-23,
f0b06a1b503c110571deacf2a86b5d8c,SY029,2019-12-23,AMC,2019Q3,1.57,1.61,2019-12-22,9604142213.00,9713555598.00,2020-03-25,
662951554e32a4ffab351bf6c9634fdc,SY029,2020-03-25,AMC,2020Q4,0.86,0.57,2020-03-24,9246030421.00,8896539248.00,2020-06-24,
03e6a07fd1afc951f00e992b6f27434e,SY029,2020-06-24,BMO,2020Q1,2.16,2.14,2020-06-23,8184005999.00,8330645253.00,2020-09-23,
892742354d96b816fdd9cf78129563f9,SY029,2020-09-23,BMO,2020Q2,2.13,1.92,2020-09-22,18195866344.00,18609618375.00,2020-12-22,
0aef074cdc4f5d55ba4061a1b0a241a7,SY029,2020-12-22,AMC,2020Q3,0.88,0.98,2020-12-21,10102705798.00,9985655390.00,2021-03-25,
cdda43b5e561ba8d1b9af4c03a79c43e,SY029,2021-03-25,BMO,2021Q4,0.65,0.67,2021-03-24,15275043690.00,15670695971.00,2021-06-24,
3d2c117dbd28d1a1af6c6e2f099eae91,SY029,2021-06-24,BMO,2021Q1,2.06,1.78,2021-06-23,13748016509.00,12798476977.00,2021-09-23,
8e2f36906d2f94c9b72bcbbd8a78eb3e,SY029,2021-09-23,BMO,2021Q2,3.20,2.93,2021-09-22,18983749195.00,19324652828.00,2021-12-22,
5639c0acc53ca9546fb1459f76e3c128,SY029,2021-12-22,AMC,2021Q3,0.63,0.51,2021-12-21,15017989747.00,14939358269.00,2022-03-24,
33495c92d7d37ca3a06eb5f6534e5bfc,SY029,2022-03-24,BMO,2022Q4,1.79,2.06,2022-03-23,18932690619.00,19091490572.00,2022-06-24,
28a167aff4a0921b76f523a467fee3f9,SY029,2022-06-24,BMO,2022Q1,2.25,2.22,2022-06-23,18206919908.00,18746801573.00,2022-09-23,
1f4462f29059d03a3f178d464f24f9f0,SY029,2022-09-23,AMC,2022Q2,0.80,0.70,2022-09-22,9909605894.00,10319735994.00,2022-12-22,
e892e7bee50f7df9add97ff5f6a7a431,SY029,2022-12-22,AMC,2022Q3,1.39,1.10,2022-12-21,19052535616.00,19090146389.00,2023-03-27,
b98bdfb8e4a974973552e6ba0d8417e0,SY029,2023-03-27,BMO,2023Q4,0.81,0.92,2023-03-26,11168156574.00,10918661673.00,2023-06-27,
44202720329420abf90268baee4af2de,SY029,2023-06-27,AMC,2023Q1,2.47,2.30,2023-06-26,11009725839.00,10281013370.00,2023-09-26,
12f48d434d692b70af9dd28d760712f5,SY029,2023-09-26,AMC,2023Q2,2.20,2.07,2023-09-25,8450948465.00,8428653628.00,2023-12-26,
765f99224434f955a4cbb2f452f5a3ce,SY029,2023-12-26,BMO,2023Q3,1.37,1.52,2023-12-25,9230173095.00,9324663417.00,2024-03-27,
b5e32464642f7dbf2428dee065819689,SY029,2024-03-27,AMC,2024Q4,1.23,0.99,2024-03-26,18336590220.00,18011448106.00,2024-06-27,
2e286e191491153873c5a214fab3f348,SY029,2024-06-27,BMO,2024Q1,0.25,0.57,2024-06-26,16644121893.00,16366291594.00,2024-09-26,
28db1e6cf2621650a2106ce617e60c38,SY029,2024-09-26,AMC,2024Q2,2.23,2.34,2024-09-25,15920056775.00,16826288563.00,2024-12-26,
f86b6e70b819b014bea601ae3e3578ae,SY029,2024-12-26,AMC,2024Q3,3.03,2.81,2024-12-25,9787088186.00,9188094047.00,2025-03-31,2025-01-23
894040893fa34b33138a87edab07a181,SY029,2025-03-31,BMO,2025Q4,1.68,1.71,2025-03-30,19287199255.00,19197467434.00,2025-07-01,
dcefce9eb40516c9e56d7f38d380d8fc,SY029,2025-07-01,BMO,2025Q1,0.37,0.77,2025-06-30,14068380666.00,14571515633.00,2025-09-30,
f57ca6868a0421e706400bc4713a3d7e,SY029,2025-09-30,BMO,2025Q2,1.36,1.54,2025-09-29,18816145287.00,18083847333.00,2025-12-30,
33358df2fd8477a3ca75404df8386c83,SY030,2019-05-01,AMC,2019Q1,1.01,0.91,2019-04-30,10489184402.00,10083179330.00,2019-07-31,
afc211a1bea723d36b1970c37a86db60,SY030,2019-07-31,BMO,2019Q2,1.44,1.54,2019-07-30,12683153715.00,13061945450.00,2019-10-29,
124a40f82544374ca0936c2440834f15,SY030,2019-10-29,BMO,2019Q3,1.08,1.03,2019-10-28,9176550622.00,9248514840.00,2020-01-30,
b747d0253602259accb21c1e7e784b7f,SY030,2020-01-30,BMO,2020Q4,0.92,0.68,2020-01-29,5335142715.00,5163449909.00,2020-04-30,
ecb0dbaa42dbbacc6460738566270baf,SY030,2020-04-30,BMO,2020Q1,2.05,2.18,2020-04-29,11009153276.00,10687747895.00,2020-07-30,
39956fde30c0127861edb29a27734d80,SY030,2020-07-30,AMC,2020Q2,2.79,2.67,2020-07-29,12541954561.00,12869689379.00,2020-10-28,
66aca137b412bdebe2e5e2810c9e5ece,SY030,2020-10-28,BMO,2020Q3,2.58,2.72,2020-10-27,5273714506.00,5234382287.00,2021-01-29,
1957df2c479347e38941176f6c62084f,SY030,2021-01-29,BMO,2021Q4,2.55,2.48,2021-01-28,2352118036.00,2219077093.00,2021-04-30,
88f7b6854fa1a771e56fb4315919bc11,SY030,2021-04-30,AMC,2021Q1,0.73,1.53,2021-04-29,18061369688.00,18486277592.00,2021-07-30,2021-05-26
ef1b7957ada928180a0ddaacbdb15ad7,SY030,2021-07-30,BMO,2021Q2,1.41,0.89,2021-07-29,11878729989.00,11871578902.00,2021-10-28,
02e4c6705d4856d219d66e9cc0a43c07,SY030,2021-10-28,BMO,2021Q3,1.15,0.82,2021-10-27,10220532563.00,10395155825.00,2022-01-28,
ac9ab8b32e47522304fb9e19070bbf65,SY030,2022-01-28,AMC,2022Q4,1.50,1.40,2022-01-27,5123463206.00,5143701995.00,2022-04-29,
50e0e89005888bbfcc598bdcac2c0a51,SY030,2022-04-29,AMC,2022Q1,2.63,2.98,2022-04-28,976643375.00,1000332000.00,2022-08-01,
64383ceb49ba21c6ec01ef87b473e950,SY030,2022-08-01,BMO,2022Q2,2.44,2.27,2022-07-31,11752594157.00,11915778997.00,2022-10-28,
336268c15911ba25a7d0f69b37568d9d,SY030,2022-10-28,BMO,2022Q3,1.91,1.89,2022-10-27,6663213786.00,6462534977.00,2023-01-31,
cac2624f38aea10ffa5ea5e2f3ad3d91,SY030,2023-01-31,AMC,2023Q4,2.47,2.83,2023-01-30,7087918921.00,7518721696.00,2023-05-02,
dadfd5cc400cebdcbe72c3de5fb6b4f8,SY030,2023-05-02,AMC,2023Q1,1.13,1.02,2023-05-01,3797383563.00,3641274296.00,2023-08-02,
85db59340c608143fb1bc574a866c8e0,SY030,2023-08-02,AMC,2023Q2,1.98,1.80,2023-08-01,13826762079.00,14001595190.00,2023-10-31,2023-08-18
3599c4018e8544f5630412e20b0bd4b4,SY030,2023-10-31,BMO,2023Q3,2.16,2.31,2023-10-30,11712991736.00,11577676111.00,2024-02-01,
e8e7bedd962fc215c72446917967d76f,SY030,2024-02-01,AMC,2024Q4,0.74,1.01,2024-01-31,6650802370.00,6656757122.00,2024-05-02,
f8d02d1dde6c20be499fd7e452fa11dc,SY030,2024-05-02,BMO,2024Q1,2.19,2.24,2024-05-01,1492508398.00,1527360381.00,2024-08-02,
cc99bb567a5db49e5140ddafcc06b900,SY030,2024-08-02,BMO,2024Q2,1.44,1.62,2024-08-01,1147096049.00,1157192554.00,2024-10-31,
bc5cab506d55476dbf07ba8dd343cc78,SY030,2024-10-31,AMC,2024Q3,1.26,0.97,2024-10-30,3202536628.00,3020532799.00,2025-02-04,
48fa8a527b9ff57e7b34363a60e6b4e9,SY030,2025-02-04,AMC,2025Q4,3.20,2.88,2025-02-03,3010188726.00,2975233966.00,2025-05-06,
9279921204162046c1991d14d1e318c2,SY030,2025-05-06,BMO,2025Q1,2.02,1.94,2025-05-05,9705623630.00,9374862805.00,2025-08-06,
14cb37f8b2a1ddc722b3fa0bc2ef089c,SY030,2025-08-06,BMO,2025Q2,1.95,2.06,2025-08-05,11914667059.00,11912046924.00,2025-11-04,
31a496cd48ea9ff28db0f91ded6a2714,SY030,2025-11-04,BMO,2025Q3,2.00,1.69,2025-11-03,18386355527.00,18058404886.00,,
2212d813a61ec05982e8735664550240,SY031,2019-06-05,BMO,2019Q1,1.06,1.12,2019-06-04,4283209179.00,4400402862.00,2019-09-04,
b1db4876c070f43c794ba955b769a8af,SY031,2019-09-04,BMO,2019Q2,1.50,1.56,2019-09-03,20364130828.00,19927002142.00,2019-12-03,
a34945d6b24632f61cb56fde6fa84ba5,SY031,2019-12-03,BMO,2019Q3,3.06,2.71,2019-12-02,15455286202.00,14947839693.00,2020-03-05,
d6d38e92e39804670278ab9d69dda51f,SY031,2020-03-05,AMC,2020Q4,1.54,1.31,2020-03-04,14997139691.00,15249708309.00,2020-06-04,
fe5180e5d9dbddc2c2ca227aba7bb57d,SY031,2020-06-04,AMC,2020Q1,1.72,1.98,2020-06-03,5620216803.00,5593059614.00,2020-09-02,
83f3be847e5bd9fcf0d78c837bbdb0bb,SY031,2020-09-02,BMO,2020Q2,0.74,0.81,2020-09-01,15503441845.00,15617970764.00,2020-12-02,
98495edf9ee0758f4fcf79f8550d7e99,SY031,2020-12-02,BMO,2020Q3,0.19,0.70,2020-12-01,15848628434.00,16121445015.00,2021-03-05,2020-12-23
ea3722f3ee9b9fe1ea27ed99a6a40886,SY031,2021-03-05,BMO,2021Q4,2.28,2.21,2021-03-04,7212980302.00,7087112505.00,2021-06-04,
4c80b04724c7c5ebc43bac188c6880a7,SY031,2021-06-04,BMO,2021Q1,1.63,1.88,2021-06-03,7108288195.00,7071466710.00,2021-09-02,
3f7a52016cf293f654414ff093390677,SY031,2021-09-02,AMC,2021Q2,1.32,1.02,2021-09-01,9196177897.00,9254570969.00,2021-12-02,
5cdc5ab871d6bbeed8d601e42af2d41a,SY031,2021-12-02,BMO,2021Q3,2.26,2.17,2021-12-01,4498929456.00,4571912377.00,2022-03-04,
8c26c4af2931d79c1ae2ede8244565c3,SY031,2022-03-04,AMC,2022Q4,1.89,1.77,2022-03-03,11827955723.00,11420468508.00,2022-06-03,2022-03-30
20b6e70a3fea7f8811ab0068457df9c0,SY031,2022-06-03,BMO,2022Q1,2.94,2.63,2022-06-02,7011065720.00,7301213539.00,2022-09-02,2022-06-29
dd507330677061f3cd7e891106d4b5aa,SY031,2022-09-02,BMO,2022Q2,1.38,1.43,2022-09-01,14154405003.00,13375276783.00,2022-12-02,
1958da24a9034fc98f60c07459ab9b6b,SY031,2022-12-02,AMC,2022Q3,1.69,1.50,2022-12-01,17679313941.00,17437186820.00,2023-03-07,
66d270aa65e4a7f6dcd7e20614b286c4,SY031,2023-03-07,AMC,2023Q4,1.73,1.91,2023-03-06,17711681639.00,18464159587.00,2023-06-06,
a37a9821f8ff274844f3b0aa0d6299f8,SY031,2023-06-06,AMC,2023Q1,2.71,2.89,2023-06-05,10285778176.00,10582006645.00,2023-09-06,
9acb0261028e0bf7b3da73e21860649e,SY031,2023-09-06,AMC,2023Q2,0.72,0.74,2023-09-05,3852642382.00,3695154558.00,2023-12-05,
31f6ce778b9236ff11f5ccb992fe8b45,SY031,2023-12-05,BMO,2023Q3,1.66,1.68,2023-12-04,1112324480.00,1061835257.00,2024-03-07,
b6054f9b83e17196bb9cfce54bece7c7,SY031,2024-03-07,BMO,2024Q4,1.85,1.83,2024-03-06,10148110248.00,9948399981.00,2024-06-06,
bb1e3d23a336097befcd9d90df360862,SY031,2024-06-06,AMC,2024Q1,2.93,2.70,2024-06-05,4574080373.00,4458949237.00,2024-09-06,
67b066d9f2853d430caab2eff6f28747,SY031,2024-09-06,BMO,2024Q2,1.64,1.64,2024-09-05,8426717917.00,8384514028.00,2024-12-05,
81f5b487d1cb7c16d5e41652c2ed29b1,SY031,2024-12-05,BMO,2024Q3,2.62,2.47,2024-12-04,3248702751.00,3326765779.00,2025-03-11,
9f451294d400b444a4cda45faefa0229,SY031,2025-03-11,BMO,2025Q4,1.13,1.35,2025-03-10,18820762301.00,17920238079.00,2025-06-10,2025-03-31
46e12e70a03196a45a7c24299f6dd2a7,SY031,2025-06-10,BMO,2025Q1,1.07,1.23,2025-06-09,5422464848.00,5508055621.00,2025-09-10,
b8b20b24d40acd89d02583996b8bd76f,SY031,2025-09-10,AMC,2025Q2,0.79,0.72,2025-09-09,3166627531.00,3162737520.00,2025-12-09,
4f05cfcc5efc6170f777a3d1593bf2d4,SY031,2025-12-09,BMO,2025Q3,2.71,2.90,2025-12-08,4183265339.00,4455046996.00,,
fa8ba0a510723c288e59d9d5178a4703,SY032,2019-06-26,BMO,2019Q1,0.94,0.84,2019-06-25,7136277803.00,7507511808.00,2019-09-25,
26a85384ad9171000920da25516fa96e,SY032,2019-09-25,BMO,2019Q2,1.02,1.01,2019-09-24,8484222312.00,8758962955.00,2019-12-24,
716aea758af7534ee08c4603bd353e89,SY032,2019-12-24,AMC,2019Q3,1.10,1.09,2019-12-23,6173647711.00,5946079722.00,2020-03-26,
8dc11d501e1072a3305860a585f1bd1b,SY032,2020-03-26,AMC,2020Q4,0.23,0.50,2020-03-25,13577460940.00,13907997973.00,2020-06-25,
0874ffac35e9161979273af8e473080c,SY032,2020-06-25,BMO,2020Q1,2.83,2.61,2020-06-24,10424134663.00,10155911558.00,2020-09-24,
b339ca215ada9deb08707c2e9d65b594,SY032,2020-09-24,BMO,2020Q2,1.87,1.90,2020-09-23,6175152942.00,6184381834.00,2020-12-23,
4bb111d2679db48ed4480d2c100d8bf2,SY032,2020-12-23,BMO,2020Q3,2.23,2.19,2020-12-22,11384420942.00,11275544590.00,2021-03-26,
bc93b20204a33c0e82057bf5bcd898bc,SY032,2021-03-26,AMC,2021Q4,1.22,1.24,2021-03-25,16686800547.00,17327509851.00,2021-06-25,
24f93d197d1904954429daa4a14272fe,SY032,2021-06-25,BMO,2021Q1,0.78,0.68,2021-06-24,10898752528.00,11036464762.00,2021-09-24,
7a3dcb59114f5c9aa4cd3c2f5c54194a,SY032,2021-09-24,BMO,2021Q2,0.98,1.21,2021-09-23,5495142635.00,5712412315.00,2021-12-23,
ee6a2088ebb1cdb0767121eb9cfaeef0,SY032,2021-12-23,AMC,2021Q3,0.71,0.55,2021-12-22,19276764092.00,19394004141.00,2022-03-25,
f667c1bed1ef9199982ea2b298d8fa55,SY032,2022-03-25,BMO,2022Q4,1.07,0.86,2022-03-24,12298681925.00,12298186632.00,2022-06-27,
cdc772b143bd14bdfc0f2c179aaa2340,SY032,2022-06-27,BMO,2022Q1,2.48,2.81,2022-06-26,18632794701.00,18904180363.00,2022-09-26,
62af4be3eac0d42b5e0239d76fb215a3,SY032,2022-09-26,BMO,2022Q2,2.59,2.48,2022-09-25,17652489330.00,17394018962.00,2022-12-23,
a39e098bed0bb7ffccd34d36cf0ea605,SY032,2022-12-23,AMC,2022Q3,2.23,2.10,2022-12-22,4545845600.00,4913425465.00,2023-03-28,
2fe729ec51e9107fab1c6ade465fba22,SY032,2023-03-28,BMO,2023Q4,1.23,1.06,2023-03-27,637988837.00,630159451.00,2023-06-28,
b298c227a27709d175c1bb745d29446d,SY032,2023-06-28,BMO,2023Q1,0.61,0.75,2023-06-27,19125824716.00,18284924504.00,2023-09-27,
bb34fec5f0739a1b4438df2c0a4e0c11,SY032,2023-09-27,BMO,2023Q2,2.50,2.26,2023-09-26,16476433009.00,16936574199.00,2023-12-27,
cbb2e6a4632f80c9f988c68f554ee41a,SY032,2023-12-27,BMO,2023Q3,2.66,2.44,2023-12-26,17221777069.00,16103052706.00,2024-03-28,
bc982dc0f18d030c6758abf4828c8b76,SY032,2024-03-28,AMC,2024Q4,2.52,2.89,2024-03-27,10214675620.00,10924591476.00,2024-06-28,2024-04-19
98410aa2ea7437b9175c9c56ed956840,SY032,2024-06-28,AMC,2024Q1,0.82,0.77,2024-06-27,11745248532.00,11162479330.00,2024-09-27,
eebc19684f6b827283c86c5b94238448,SY032,2024-09-27,AMC,2024Q2,2.66,2.43,2024-09-26,13644815632.00,13342206389.00,2024-12-27,
419ef6b9c6b4aee6cc901cea0c92c0c4,SY032,2024-12-27,AMC,2024Q3,2.52,2.27,2024-12-26,9889181104.00,9301858973.00,2025-04-01,
c36cd47279ab304d976fbd690649bcbf,SY032,2025-04-01,BMO,2025Q4,2.72,2.89,2025-03-31,12190891250.00,12426670327.00,2025-07-02,
11cd2192e354b61bb22d15b21a5988c9,SY032,2025-07-02,AMC,2025Q1,2.43,2.17,2025-07-01,9959418079.00,9817076939.00,2025-10-01,
26e9e50d2adb08bd56d78f564eb9d806,SY032,2025-10-01,AMC,2025Q2,1.53,1.27,2025-09-30,8310837010.00,8213341206.00,2025-12-31,
d220798e0c8b865cf67b4ec35f99a664,SY033,2019-05-21,AMC,2019Q1,1.77,1.56,2019-05-20,14559259946.00,14036185377.00,2019-08-20,
474d85ec19c87dbc03f06ca596e29415,SY033,2019-08-20,BMO,2019Q2,0.38,0.57,2019-08-19,18097882244.00,17686692143.00,2019-11-18,
491453bd479e75c6f0c57fb0040d076d,SY033,2019-11-18,AMC,2019Q3,2.64,2.90,2019-11-17,17628580878.00,18343631235.00,2020-02-20,
518b83aaac9b655bda568ac7300f1ad9,SY033,2020-02-20,BMO,2020Q4,1.37,1.52,2020-02-19,13733034233.00,13123999318.00,2020-05-20,
3efd7c034335577672b26842344edf03,SY033,2020-05-20,AMC,2020Q1,1.15,0.96,2020-05-19,1064718188.00,1095877516.00,2020-08-19,
2db2fae4d111ab2ea4f36161133941fc,SY033,2020-08-19,BMO,2020Q2,2.32,2.64,2020-08-18,15023451327.00,15092461919.00,2020-11-17,
9df163c5ea47d4d54391f89432b83292,SY033,2020-11-17,AMC,2020Q3,0.36,0.59,2020-11-16,10267956069.00,10124984523.00,2021-02-19,
1a680270add5d3ccbdbaa9255b1d316e,SY033,2021-02-19,AMC,2021Q4,1.53,1.67,2021-02-18,4465734721.00,4392426069.00,2021-05-20,
8813603101381eddff13bb7183237c52,SY033,2021-05-20,AMC,2021Q1,2.55,2.69,2021-05-19,7464482736.00,8497788823.00,2021-08-19,2021-06-11
117e6e4d88277c44c73ad7fb5db391d6,SY033,2021-08-19,AMC,2021Q2,0.61,0.65,2021-08-18,10767314993.00,10531983327.00,2021-11-17,
d655c50224b42df805908f31cb485ec9,SY033,2021-11-17,BMO,2021Q3,1.55,1.84,2021-11-16,10889779249.00,11094960102.00,2022-02-17,
c4d7661e465e7f3c5bdb17b2d6db624e,SY033,2022-02-17,BMO,2022Q4,2.35,2.31,2022-02-16,19698268349.00,18656712077.00,2022-05-19,
4ca0f2aaf95408f0e9caed74b8f167dc,SY033,2022-05-19,BMO,2022Q1,2.43,2.61,2022-05-18,10103410309.00,10593318736.00,2022-08-19,
c3905ceed7525b7c46a738901c8a9cd4,SY033,2022-08-19,AMC,2022Q2,2.12,2.21,2022-08-18,840472779.00,834003996.00,2022-11-17,
0694c97079602680528e624bebb2c3a0,SY033,2022-11-17,BMO,2022Q3,2.49,2.22,2022-11-16,17097117579.00,17355231026.00,2023-02-21,
55fb727929819634a4df2c5335db1818,SY033,2023-02-21,AMC,2023Q4,2.63,2.74,2023-02-20,8898313126.00,9307860207.00,2023-05-22,2023-03-20
af4598bfd051544bca9f13916f5727ad,SY033,2023-05-22,BMO,2023Q1,2.56,2.43,2023-05-21,3854771760.00,3859731392.00,2023-08-22,2023-06-06
b334d8f639cd2a84e2855237d1f11dd5,SY033,2023-08-22,BMO,2023Q2,1.99,1.96,2023-08-21,5002785433.00,5180903955.00,2023-11-20,
2e7a46b9cdeb628ab205bf9b05552358,SY033,2023-11-20,AMC,2023Q3,1.83,1.86,2023-11-19,922804731.00,902731817.00,2024-02-22,
397e65d2a95fbd18f250c1c1384735df,SY033,2024-02-22,BMO,2024Q4,0.79,0.80,2024-02-21,5375930914.00,5131847398.00,2024-05-22,
7193e2f9a2a5f5352598f28db0eb74ac,SY033,2024-05-22,AMC,2024Q1,1.20,1.31,2024-05-21,16477094865.00,18119556523.00,2024-08-22,
2dd4400dd1a278bf5ada6bbb4c26ea19,SY033,2024-08-22,BMO,2024Q2,2.27,2.19,2024-08-21,14669615392.00,14519246941.00,2024-11-20,2024-09-13
00722407699a9a411f3e81c8084cc081,SY033,2024-11-20,AMC,2024Q3,2.09,2.12,2024-11-19,10013236024.00,10114876842.00,2025-02-25,
f2665509e9604a5b0de2904e4941dd39,SY033,2025-02-25,AMC,2025Q4,1.22,1.14,2025-02-24,14102967490.00,14190172000.00,2025-05-27,
ab0e0c561379a6e4a1fa8b5df9e60717,SY033,2025-05-27,AMC,2025Q1,0.65,0.78,2025-05-26,11137144108.00,10724000442.00,2025-08-26,
7998cb17d0505a453e476429898c1d6e,SY033,2025-08-26,BMO,2025Q2,1.95,2.03,2025-08-25,4123875821.00,4105682137.00,2025-11-24,
dc95d1c7b5b0f640b494cdc2345be466,SY033,2025-11-24,AMC,2025Q3,2.91,2.92,2025-11-23,2246414713.00,2230254280.00,,
97fd116358e53c30b963f0b8d7c0d9f5,SY034,2019-06-25,BMO,2019Q1,1.37,1.43,2019-06-24,6314877312.00,5968778346.00,2019-09-24,
5172c24b8bf3fb1dc3debf4464d19119,SY034,2019-09-24,AMC,2019Q2,1.85,1.88,2019-09-23,17997667145.00,17802198680.00,2019-12-23,
819c5fc460ea1b096a08f3b6732cdcb1,SY034,2019-12-23,BMO,2019Q3,1.32,1.48,2019-12-22,16986968111.00,16846764854.00,2020-03-25,
a73fdb2173c8f335f56d4a1acf8f7e0c,SY034,2020-03-25,AMC,2020Q4,0.83,0.96,2020-03-24,16156043577.00,17200500743.00,2020-06-24,
e1c7e8c201afee31789972e0286ff2c7,SY034,2020-06-24,BMO,2020Q1,3.16,2.98,2020-06-23,14351217946.00,14532933850.00,2020-09-23,
9b80a910d64401430d7d74201230dec2,SY034,2020-09-23,AMC,2020Q2,1.07,1.12,2020-09-22,2391344880.00,2356368582.00,2020-12-22,
25702b98106fd781f8257a5b3dabf545,SY034,2020-12-22,BMO,2020Q3,2.76,2.38,2020-12-21,20658639607.00,19621447737.00,2021-03-25,
b38b09d500580919c28c04b84d85d28b,SY034,2021-03-25,AMC,2021Q4,2.67,2.62,2021-03-24,18314759488.00,19338817406.00,2021-06-24,
7ff84ccb60e219c18169608fa7d114a4,SY034,2021-06-24,BMO,2021Q1,1.70,2.03,2021-06-23,7014361918.00,7064339905.00,2021-09-23,
a89bfdf4eb1e794179bc10796d08ed9d,SY034,2021-09-23,AMC,2021Q2,2.66,2.76,2021-09-22,8012461287.00,8122031729.00,2021-12-22,
ff574f463b6188727b511fd04c9f68b6,SY034,2021-12-22,BMO,2021Q3,1.15,0.96,2021-12-21,9578139800.00,9550818606.00,2022-03-24,
6cddfb7def0c224b7a57ca0c8d18e822,SY034,2022-03-24,AMC,2022Q4,1.14,1.01,2022-03-23,14562523016.00,14729728302.00,2022-06-24,
712429dc8950149492a68e50f51d3129,SY034,2022-06-24,AMC,2022Q1,0.53,0.63,2022-06-23,8083406887.00,7927095896.00,2022-09-23,
73a3067434c5f7a18f0f7005cbddd159,SY034,2022-09-23,AMC,2022Q2,0.65,0.74,2022-09-22,10449698832.00,10252734535.00,2022-12-22,
3829ec91ce6d9724cdaa9bf233ddeb90,SY034,2022-12-22,AMC,2022Q3,2.97,2.92,2022-12-21,12025394555.00,12497610573.00,2023-03-27,
040e0b7eb41fa08aa9e77164b59aceb4,SY034,2023-03-27,BMO,2023Q4,1.25,1.01,2023-03-26,4629585726.00,4370682265.00,2023-06-27,
da23133d60fc8e92aba942e13036368c,SY034,2023-06-27,BMO,2023Q1,2.79,2.65,2023-06-26,6671572477.00,6602704415.00,2023-09-26,
2da4ceb67e36bb2c14c264cdbe267d44,SY034,2023-09-26,AMC,2023Q2,2.98,2.85,2023-09-25,1402935749.00,1332990772.00,2023-12-26,
3f9b9b7d78147709568da06b2d5df85d,SY034,2023-12-26,AMC,2023Q3,0.71,0.55,2023-12-25,10513355876.00,10156282461.00,2024-03-27,
8ff15a7b12503747bd07f1cdfff584b3,SY034,2024-03-27,BMO,2024Q4,2.60,2.92,2024-03-26,10657830836.00,10798121212.00,2024-06-27,
eb898229afd95ac09f1c2a9ad61829d0,SY034,2024-06-27,BMO,2024Q1,0.92,1.03,2024-06-26,2527258197.00,2798865720.00,2024-09-26,
bae265dfe3764e883f5f2c5ac9033fd2,SY034,2024-09-26,AMC,2024Q2,0.74,1.00,2024-09-25,728746290.00,724336101.00,2024-12-26,
db3301dac6dc4f03e1cf140da37ca363,SY034,2024-12-26,AMC,2024Q3,1.14,0.95,2024-12-25,7703250066.00,8181106171.00,2025-03-31,
570ae6b6a73bf67832e47a516298011b,SY034,2025-03-31,BMO,2025Q4,1.61,1.64,2025-03-30,5332745743.00,5761298203.00,2025-07-01,
75585af0e58c2269b659d64bf3e77512,SY034,2025-07-01,BMO,2025Q1,1.46,1.42,2025-06-30,3524827389.00,3501316914.00,2025-09-30,
d651d23aefb89c45658bfb59d2916425,SY034,2025-09-30,BMO,2025Q2,2.21,1.91,2025-09-29,11803107307.00,11488754515.00,2025-12-30,
454165d6f92b25d61b3b84697ee26487,SY035,2019-05-21,BMO,2019Q1,1.49,1.71,2019-05-20,17266098137.00,17234456475.00,2019-08-20,
1f4c724704cd8f2796371dbbfd556d70,SY035,2019-08-20,AMC,2019Q2,2.96,2.90,2019-08-19,1863189702.00,1852820596.00,2019-11-18,
b47cbad327c5d1802cf95fa672cb0610,SY035,2019-11-18,AMC,2019Q3,1.37,1.56,2019-11-17,17582401187.00,17228201932.00,2020-02-20,
561295b0a8ea592d9dc3c029a6d84893,SY035,2020-02-20,AMC,2020Q4,1.05,1.11,2020-02-19,13376706550.00,12558216313.00,2020-05-20,
efb931737e67e785f21b0a4f96ac5ea2,SY035,2020-05-20,AMC,2020Q1,1.74,1.82,2020-05-19,12517920524.00,13177829853.00,2020-08-19,
b16e57d1dc64dc6c696cd2efd2ad99ff,SY035,2020-08-19,BMO,2020Q2,1.93,2.36,2020-08-18,6001492185.00,6195393883.00,2020-11-17,
819dd871354e9adf48f0f723677a3145,SY035,2020-11-17,AMC,2020Q3,2.53,2.45,2020-11-16,1849505946.00,1754245596.00,2021-02-19,
f16b8fe5e2f854a3553e721841d0d52b,SY035,2021-02-19,BMO,2021Q4,1.62,1.28,2021-02-18,11190997178.00,11002935739.00,2021-05-20,
28bca84f19e8377e6df449ea12d6ee83,SY035,2021-05-20,BMO,2021Q1,2.94,2.85,2021-05-19,4356631041.00,4439805656.00,2021-08-19,2021-06-08
087effecd0dd244cacf39a1979419fd1,SY035,2021-08-19,BMO,2021Q2,0.63,0.75,2021-08-18,18175371053.00,18127021130.00,2021-11-17,
f42bcf7ba5e8a2b553253a58bc0381be,SY035,2021-11-17,BMO,2021Q3,0.51,0.80,2021-11-16,1923926337.00,1901715192.00,2022-02-17,
4990a3b6a55fc97c0cde7d2f308e83af,SY035,2022-02-17,AMC,2022Q4,2.80,2.70,2022-02-16,15478614262.00,14958543139.00,2022-05-19,
3326337891d4a2307ee8814a7a0570bc,SY035,2022-05-19,BMO,2022Q1,3.03,2.91,2022-05-18,7903417544.00,8162678168.00,2022-08-19,
0abad69494f77ab3f2b65df25ba59754,SY035,2022-08-19,AMC,2022Q2,2.46,2.34,2022-08-18,14013020822.00,14688357875.00,2022-11-17,
1970c3e15458b423537b076cc44795b8,SY035,2022-11-17,AMC,2022Q3,1.26,1.07,2022-11-16,15668135426.00,15605617141.00,2023-02-21,
37a33eaa2bb8eb52a0fa96f825d36bc7,SY035,2023-02-21,BMO,2023Q4,1.11,1.17,2023-02-20,4058110580.00,4077180256.00,2023-05-22,
8cbe958ea5df4f1342415babd4faed17,SY035,2023-05-22,AMC,2023Q1,1.69,2.04,2023-05-21,9371926731.00,8869894688.00,2023-08-22,
173d6b324e363e428c76082c9a6e0592,SY035,2023-08-22,AMC,2023Q2,1.87,2.09,2023-08-21,18983056016.00,18162067500.00,2023-11-20,
3987b7f178a83daa20675b27ef74fa0f,SY035,2023-11-20,AMC,2023Q3,1.40,1.22,2023-11-19,8779223322.00,8323311641.00,2024-02-22,
f2461841140ce3474c613dadd78c701c,SY035,2024-02-22,BMO,2024Q4,1.11,1.09,2024-02-21,7227621578.00,7957493691.00,2024-05-22,2024-03-20
54a02cdfdf3c15db2d485e608dede979,SY035,2024-05-22,AMC,2024Q1,1.34,1.47,2024-05-21,11077462627.00,11414742014.00,2024-08-22,
83903d4dd3b641cf53007c2ee350054d,SY035,2024-08-22,AMC,2024Q2,2.21,2.38,2024-08-21,16632694574.00,16861423268.00,2024-11-20,
f7fcb3db32969d32ca2e1fe6ee944c4b,SY035,2024-11-20,BMO,2024Q3,1.26,1.22,2024-11-19,12082293207.00,12261348215.00,2025-02-25,
7b83a45e3aaa474b3e675d1d2c1c4ae0,SY035,2025-02-25,AMC,2025Q4,2.41,2.94,2025-02-24,12726296111.00,12445642244.00,2025-05-27,
face5c0f3a9db162831afed14bc44d01,SY035,2025-05-27,BMO,2025Q1,1.56,1.72,2025-05-26,3538409965.00,3540773994.00,2025-08-26,
a8d334745c0a03a3367e019dea7a2748,SY035,2025-08-26,BMO,2025Q2,1.83,1.43,2025-08-25,5884916077.00,6105133485.00,2025-11-24,
79fb070e0ccb7fc40155e1b3a390a49a,SY035,2025-11-24,AMC,2025Q3,1.59,1.55,2025-11-23,8874548308.00,9337135870.00,,
7eaef9d83880d5eb546b1945ad732bd8,SY036,2019-04-22,BMO,2019Q1,2.65,2.51,2019-04-21,1372219431.00,1456483775.00,2019-07-22,
4fb181af14f49855352a8888d4f2e237,SY036,2019-07-22,AMC,2019Q2,3.19,2.83,2019-07-21,12783515459.00,12845494781.00,2019-10-18,
1ac1b42828890a223b913c30bee71f1a,SY036,2019-10-18,BMO,2019Q3,2.12,2.25,2019-10-17,14271260301.00,14062261383.00,2020-01-21,
49aec777a39199fcbc220144f1e1a3e9,SY036,2020-01-21,BMO,2020Q4,0.80,0.83,2020-01-20,12836553016.00,12855634022.00,2020-04-21,
49ab9371a5cac2234acf17065fda876a,SY036,2020-04-21,AMC,2020Q1,1.99,2.15,2020-04-20,19249446322.00,19049639652.00,2020-07-21,
bb1429fd28f7fc94e25a3995553862df,SY036,2020-07-21,BMO,2020Q2,2.71,2.63,2020-07-20,3320034360.00,3297275518.00,2020-10-19,
7d3047793a628814f4f0c3374b80972b,SY036,2020-10-19,BMO,2020Q3,1.08,0.98,2020-10-18,7383049141.00,7286541097.00,2021-01-20,
29da0151ddb664e249e81f7fc942e0c4,SY036,2021-01-20,BMO,2021Q4,1.17,1.41,2021-01-19,7463378516.00,7587067781.00,2021-04-21,
60d30e86589cd8c9cfbc44f4bfb75b95,SY036,2021-04-21,AMC,2021Q1,1.76,1.68,2021-04-20,3625277380.00,3591179507.00,2021-07-21,2021-05-17
2a5e184c80e2905af510609b09921bd0,SY036,2021-07-21,AMC,2021Q2,2.23,2.29,2021-07-20,6071811129.00,6234909287.00,2021-10-19,
bc65099f1e47e9ea193f6625712d4784,SY036,2021-10-19,AMC,2021Q3,0.71,0.51,2021-10-18,17667721009.00,17577582343.00,2022-01-19,2021-11-02
d694944088c658cdd2c20b77073b8722,SY036,2022-01-19,BMO,2022Q4,2.24,2.18,2022-01-18,6809297285.00,6525555896.00,2022-04-20,
889e90a778bbe160281c17a98328d1dd,SY036,2022-04-20,AMC,2022Q1,1.05,1.45,2022-04-19,19042817317.00,19029557667.00,2022-07-21,
0a3cc1017f98eba65871ef4feb222c23,SY036,2022-07-21,AMC,2022Q2,0.92,0.83,2022-07-20,1413204245.00,1404301097.00,2022-10-19,2022-08-02
3c7034d0ad893388bc30f27ca7ddc47e,SY036,2022-10-19,AMC,2022Q3,2.26,2.23,2022-10-18,12441194547.00,13010916937.00,2023-01-20,
760dad7f3b55a00784100560c1744a38,SY036,2023-01-20,AMC,2023Q4,2.70,2.66,2023-01-19,1014218904.00,1005732441.00,2023-04-21,
9f20874fbd821e310ebc032e0cb4c9df,SY036,2023-04-21,AMC,2023Q1,0.52,0.61,2023-04-20,11081724778.00,11018766491.00,2023-07-24,
de53ab936d3742e5cb4c337d2d9b820e,SY036,2023-07-24,BMO,2023Q2,0.63,0.63,2023-07-23,6483227656.00,6703658246.00,2023-10-20,
365b421f52bdc5010cc34af066f02bb4,SY036,2023-10-20,BMO,2023Q3,2.37,1.94,2023-10-19,5465503770.00,5182756472.00,2024-01-23,
11a5d20095194b1f258c7495f198f491,SY036,2024-01-23,BMO,2024Q4,2.71,2.96,2024-01-22,15741506715.00,15988756018.00,2024-04-23,
911659d6934b64da62f7730e59187cfa,SY036,2024-04-23,AMC,2024Q1,0.43,0.84,2024-04-22,13446668734.00,13612359357.00,2024-07-24,
fbc6fbb5cd09603b1995d5b4a2eedfdd,SY036,2024-07-24,AMC,2024Q2,1.81,2.21,2024-07-23,15049941843.00,15331527232.00,2024-10-22,2024-08-05
e7d9d910b7845d1f7b10a0e543440baa,SY036,2024-10-22,AMC,2024Q3,0.72,0.78,2024-10-21,6004739011.00,6361514696.00,2025-01-24,
08d9e262fdd8e19b65ba5db294b61137,SY036,2025-01-24,BMO,2025Q4,0.73,0.96,2025-01-23,13170598723.00,13063912350.00,2025-04-25,
6c447f91dba5f80597d6b6013e5768b1,SY036,2025-04-25,BMO,2025Q1,2.46,2.11,2025-04-24,14414132864.00,13661248137.00,2025-07-28,
a57ddb56e361f15ebad7518397d48cbf,SY036,2025-07-28,AMC,2025Q2,2.65,2.46,2025-07-27,13792561518.00,13810722125.00,2025-10-24,
9fe0d213a98f949726292afdbba05866,SY036,2025-10-24,AMC,2025Q3,2.83,2.96,2025-10-23,3340678073.00,3535448430.00,,
c564a1fc9a15153df4774024676c261d,SY037,2019-06-26,BMO,2019Q1,2.64,2.51,2019-06-25,7672121255.00,7489881964.00,2019-09-25,2019-07-09
0b414145264fdc95ad6f45c004d847ba,SY037,2019-09-25,BMO,2019Q2,0.90,1.02,2019-09-24,1328541774.00,1260441294.00,2019-12-24,
25906e2a6974eefa7b78756ee4984ada,SY037,2019-12-24,BMO,2019Q3,2.44,2.28,2019-12-23,912403873.00,866271118.00,2020-03-26,
2d20d2d3bf10147540f6ef37278b537e,SY037,2020-03-26,AMC,2020Q4,1.57,1.71,2020-03-25,10264530868.00,10500220307.00,2020-06-25,
cb198d7f8c3bf5ce3c8d729f75afeeb0,SY037,2020-06-25,AMC,2020Q1,2.66,2.75,2020-06-24,637225853.00,633685480.00,2020-09-24,2020-07-23
84deac17b6e802bd1b5875a7648dd193,SY037,2020-09-24,BMO,2020Q2,2.17,2.02,2020-09-23,5625484657.00,5976750707.00,2020-12-23,
86f155fd5b5524eaa56537124cc54c04,SY037,2020-12-23,BMO,2020Q3,1.13,1.16,2020-12-22,16297824136.00,16059818214.00,2021-03-26,
936ab55bc36643cbe0180266d8f7c7b5,SY037,2021-03-26,AMC,2021Q4,1.33,1.04,2021-03-25,19000884076.00,19372463295.00,2021-06-25,
a34d60cd7a6a6e9c594a4134f3ae10f5,SY037,2021-06-25,BMO,2021Q1,0.81,0.97,2021-06-24,2128287919.00,2023787975.00,2021-09-24,
fd22f966f7c636b443add673a1e0c004,SY037,2021-09-24,BMO,2021Q2,2.89,2.97,2021-09-23,5533416640.00,5579495922.00,2021-12-23,
792f1e7e037648231dfe305e4b9c0381,SY037,2021-12-23,BMO,2021Q3,1.65,1.62,2021-12-22,6744751391.00,6587709804.00,2022-03-25,
63221177b350b3a4abfb67c8eb5f471c,SY037,2022-03-25,AMC,2022Q4,2.89,2.75,2022-03-24,4303683001.00,4323924189.00,2022-06-27,2022-04-18
d233badc84ad52bc971bef2bfb706643,SY037,2022-06-27,AMC,2022Q1,2.24,2.35,2022-06-26,3777016597.00,3882944930.00,2022-09-26,
3ed6c4dff043dba625fbb379141f9140,SY037,2022-09-26,BMO,2022Q2,2.48,2.51,2022-09-25,11422667151.00,11197465574.00,2022-12-23,
3c30aca3e29711eae73f5ff3eaa5eeed,SY037,2022-12-23,BMO,2022Q3,2.08,2.13,2022-12-22,13127120933.00,13698987543.00,2023-03-28,
10cefff0c8bb3f92fa6a7e00845db239,SY037,2023-03-28,AMC,2023Q4,2.28,2.23,2023-03-27,9534934704.00,9863281856.00,2023-06-28,
5036697d25dc28dec77493d86743990e,SY037,2023-06-28,AMC,2023Q1,2.04,1.88,2023-06-27,18241645753.00,18557496402.00,2023-09-27,
85a0609d39b6330bfd429b67e10c699d,SY037,2023-09-27,BMO,2023Q2,1.22,1.30,2023-09-26,19006520836.00,18935553506.00,2023-12-27,
3efa94e935ac7bf7c1a60751bde95dd4,SY037,2023-12-27,BMO,2023Q3,2.47,2.67,2023-12-26,11018524586.00,11026081932.00,2024-03-28,
5288c936ebc55eb8cd2390ff990d8d7c,SY037,2024-03-28,BMO,2024Q4,1.82,1.90,2024-03-27,19668163719.00,19665012573.00,2024-06-28,
173214c5c467a1b0e94d8f02a007f62d,SY037,2024-06-28,AMC,2024Q1,1.20,1.18,2024-06-27,2988588402.00,2829171809.00,2024-09-27,
9a441f70aa06a389f7c0b7d02a9a0026,SY037,2024-09-27,BMO,2024Q2,2.09,1.82,2024-09-26,8702259109.00,8328332087.00,2024-12-27,
8ebe29e032554cf8be4ca78d2f1172f4,SY037,2024-12-27,BMO,2024Q3,2.78,2.87,2024-12-26,4389617351.00,4195310285.00,2025-04-01,
4b1c3a2a7b03cd3b72c9dde9b009b194,SY037,2025-04-01,AMC,2025Q4,0.71,0.56,2025-03-31,7214130243.00,7039793925.00,2025-07-02,
bbeccdf7402f58294cdd8c6855581047,SY037,2025-07-02,BMO,2025Q1,1.67,1.81,2025-07-01,18495277301.00,18528014859.00,2025-10-01,
c74662a1406a12ee771f9c8bc476b394,SY037,2025-10-01,AMC,2025Q2,0.46,0.55,2025-09-30,18050792849.00,17919396975.00,2025-12-31,
a433c6d9aeb0525939f1033057b36ee5,SY038,2019-06-07,AMC,2019Q1,1.83,1.92,2019-06-06,10914325186.00,11383485837.00,2019-09-06,
c8397c78d985ca42986014da849f03a7,SY038,2019-09-06,BMO,2019Q2,2.12,1.90,2019-09-05,16383743551.00,16215818655.00,2019-12-05,
71511f364e90d1a6409f9d1c56da99ad,SY038,2019-12-05,BMO,2019Q3,0.53,0.58,2019-12-04,14631818125.00,14685739032.00,2020-03-09,
bb382d4bf508052e59fffb2b7f92f0e2,SY038,2020-03-09,BMO,2020Q4,1.01,1.42,2020-03-08,4513837407.00,4623706529.00,2020-06-08,
8a6a5cd1526c1857364a464bb0f50934,SY038,2020-06-08,BMO,2020Q1,2.57,2.57,2020-06-07,13671824924.00,13983705919.00,2020-09-04,
b13c02959ddbf731b6644e06057cd5cb,SY038,2020-09-04,BMO,2020Q2,3.05,2.72,2020-09-03,12932365610.00,12824200856.00,2020-12-04,
a1eb86005c380597d985b3e18b41a591,SY038,2020-12-04,BMO,2020Q3,2.09,2.66,2020-12-03,6527611715.00,6850901329.00,2021-03-09,
e1bce45dbc499f8a7b3f4d62947fd0c4,SY038,2021-03-09,AMC,2021Q4,1.58,2.02,2021-03-08,2721809104.00,2985878106.00,2021-06-08,
23e7590ed18787592878a627143a6f1a,SY038,2021-06-08,AMC,2021Q1,1.70,1.49,2021-06-07,11442099326.00,11526012985.00,2021-09-07,
7227dd4717949e2a3cda850dd0f25be1,SY038,2021-09-07,BMO,2021Q2,0.94,0.96,2021-09-06,17583748798.00,17179814285.00,2021-12-06,
a10fce1509226b8f4d3b8ad1f07490ed,SY038,2021-12-06,AMC,2021Q3,3.23,2.91,2021-12-05,7710540978.00,7442376446.00,2022-03-08,
bef7dac91136d78b3bd544cb79450980,SY038,2022-03-08,AMC,2022Q4,1.97,2.21,2022-03-07,17304892680.00,17445522324.00,2022-06-07,
6f305cec113c031f936e820cde919883,SY038,2022-06-07,AMC,2022Q1,1.44,1.36,2022-06-06,17061479724.00,16727113399.00,2022-09-07,
bf6223a199b6cf282ff86deb32418da7,SY038,2022-09-07,BMO,2022Q2,2.17,2.07,2022-09-06,6465686133.00,6509791730.00,2022-12-06,
1df68f29de3f9cd62c89075b9b24b300,SY038,2022-12-06,AMC,2022Q3,1.10,1.05,2022-12-05,16320157980.00,17090971821.00,2023-03-09,
22e777aaca996ca32cdae909e06558fd,SY038,2023-03-09,BMO,2023Q4,0.94,1.20,2023-03-08,1003769089.00,995785585.00,2023-06-08,
fd54580de005ade366b70bda8e047922,SY038,2023-06-08,AMC,2023Q1,1.01,1.26,2023-06-07,3781393561.00,3762300179.00,2023-09-08,
195e04d57d3fc9270621300430939443,SY038,2023-09-08,AMC,2023Q2,0.77,0.95,2023-09-07,9984066566.00,10247618372.00,2023-12-07,
ffb06a6716d37a78ccde6f5fe1056c1d,SY038,2023-12-07,BMO,2023Q3,1.87,1.83,2023-12-06,3336073479.00,3274165275.00,2024-03-11,
b2cf62898dcf3d01e19f8a89208d7036,SY038,2024-03-11,BMO,2024Q4,2.38,2.55,2024-03-10,7008164581.00,7008031310.00,2024-06-10,
22015374c347f45ad5b700242796042b,SY038,2024-06-10,AMC,2024Q1,1.93,2.47,2024-06-09,13303692107.00,12909974507.00,2024-09-10,
3b9d3a4e9ab8baa844cd9a9a9d1c9222,SY038,2024-09-10,BMO,2024Q2,3.75,2.98,2024-09-09,3874859658.00,3841845064.00,2024-12-09,
c08202b7a8069f4cb980f83580ca5ac5,SY038,2024-12-09,BMO,2024Q3,0.73,0.58,2024-12-08,1878535742.00,1877716476.00,2025-03-13,
619624f234ebaf81895738ce961dac79,SY038,2025-03-13,BMO,2025Q4,1.52,1.23,2025-03-12,10873447451.00,10408909524.00,2025-06-12,2025-03-21
616fdf34521c4527b3691f02009662d1,SY038,2025-06-12,BMO,2025Q1,0.71,0.74,2025-06-11,16272710842.00,16858932341.00,2025-09-12,
febc16622ac0b2c38c6a99d4f9aa6b7a,SY038,2025-09-12,BMO,2025Q2,1.97,1.97,2025-09-11,9380478931.00,9101127867.00,2025-12-11,
6d92bdbe05f415ebea268285219b8182,SY038,2025-12-11,BMO,2025Q3,1.16,1.09,2025-12-10,4949200973.00,5225420008.00,,
9aec0aadb837aeeb61e14b5439ea94e4,SY039,2019-05-09,AMC,2019Q1,2.35,2.08,2019-05-08,7658708006.00,7195460568.00,2019-08-08,
e9a6e3e5e9187e00b2f132158215f8bd,SY039,2019-08-08,AMC,2019Q2,2.72,2.54,2019-08-07,20033415745.00,19743079671.00,2019-11-06,
d647b004d1f22a9ebbf3546c8ddfcbac,SY039,2019-11-06,AMC,2019Q3,1.56,1.49,2019-11-05,7354014298.00,7483466281.00,2020-02-07,
64ef705825192b422071475999d379ea,SY039,2020-02-07,AMC,2020Q4,0.89,0.99,2020-02-06,15135426020.00,15228096545.00,2020-05-08,
06695215dd84382d18dabfe73aad0ffb,SY039,2020-05-08,AMC,2020Q1,1.51,1.34,2020-05-07,2903338788.00,2837514157.00,2020-08-07,
9320c3d821188eb94445b0610c18086e,SY039,2020-08-07,AMC,2020Q2,1.83,1.64,2020-08-06,758926660.00,765263321.00,2020-11-05,
9f5c89dc0e9d873adf26f746fac5efac,SY039,2020-11-05,AMC,2020Q3,2.89,2.68,2020-11-04,9887200483.00,9442679703.00,2021-02-08,
fe84ea9e78241076295a94a5d4ad4598,SY039,2021-02-08,AMC,2021Q4,1.60,1.68,2021-02-07,16321938096.00,17450506115.00,2021-05-10,2021-02-16
5f21b6e8043f9cfc540350f4f30f30ef,SY039,2021-05-10,AMC,2021Q1,0.70,0.88,2021-05-09,3325888513.00,3390521857.00,2021-08-09,2021-05-21
81fd517c7db7f04b9d067f55e01e9f77,SY039,2021-08-09,AMC,2021Q2,1.71,1.32,2021-08-08,1109796333.00,1125612585.00,2021-11-05,
aec7171f2618cf9a51e9d50064c4c519,SY039,2021-11-05,BMO,2021Q3,0.87,0.77,2021-11-04,4419812802.00,4347675843.00,2022-02-07,2021-11-26
d3df7ed7142756feb7487e768ec7ae1c,SY039,2022-02-07,AMC,2022Q4,2.68,2.66,2022-02-06,8241352484.00,8022193210.00,2022-05-09,
a35f240a15e3cf3df868ea8e29208364,SY039,2022-05-09,AMC,2022Q1,2.57,2.68,2022-05-08,14554402033.00,14738821571.00,2022-08-09,
2292da2f7725bce0cdf87f94c46ab247,SY039,2022-08-09,AMC,2022Q2,1.54,1.43,2022-08-08,5481131964.00,5627153438.00,2022-11-07,
d975ee3628d7b0c0f4618d14c35f0419,SY039,2022-11-07,AMC,2022Q3,0.97,0.87,2022-11-06,7927389494.00,7852630209.00,2023-02-08,
7a930e766fddb5506034fa0391c44c1d,SY039,2023-02-08,AMC,2023Q4,0.87,1.35,2023-02-07,17790792804.00,18059195385.00,2023-05-10,
6957ff8623606a42d8ca7d52a0408b64,SY039,2023-05-10,BMO,2023Q1,1.34,1.48,2023-05-09,580877000.00,581491970.00,2023-08-10,
450b1898a8af5b1c85feeef24e169d94,SY039,2023-08-10,AMC,2023Q2,1.10,0.98,2023-08-09,15570746794.00,15254598449.00,2023-11-08,
d4275a4db4c32a781845b63ac27bd7e1,SY039,2023-11-08,AMC,2023Q3,1.57,1.50,2023-11-07,9251994350.00,9076099688.00,2024-02-09,
377f730482e1f0795203d4ae76832472,SY039,2024-02-09,AMC,2024Q4,0.74,0.71,2024-02-08,6322985899.00,6943483525.00,2024-05-10,
042475c03e153c6eb8d8369bdc2b19d9,SY039,2024-05-10,AMC,2024Q1,0.97,0.81,2024-05-09,15073081899.00,14740817294.00,2024-08-12,
41e8ca2ebc1d83af91ce1fac94e7511e,SY039,2024-08-12,BMO,2024Q2,1.56,1.63,2024-08-11,3086565882.00,3026890543.00,2024-11-08,
579ab2e43050f1a0c3695b4565bcf80c,SY039,2024-11-08,AMC,2024Q3,3.30,2.86,2024-11-07,13894364892.00,14121996561.00,2025-02-12,2024-12-05
7b9e598304f9120d723e63307a6cbfd5,SY039,2025-02-12,AMC,2025Q4,1.83,1.63,2025-02-11,10104470480.00,9817880493.00,2025-05-14,
d7dc5bb805b88db94dd0e32c5c090fd0,SY039,2025-05-14,BMO,2025Q1,0.67,0.65,2025-05-13,12299955965.00,12473100096.00,2025-08-14,2025-06-06
42ca26a70a53dc96850dc586ab6a6b96,SY039,2025-08-14,BMO,2025Q2,2.32,2.38,2025-08-13,8307160369.00,7978601224.00,2025-11-12,
b9c659e7d0f619231f03a20510b943ff,SY039,2025-11-12,BMO,2025Q3,0.91,0.96,2025-11-11,7915708334.00,8014183585.00,,
93b53acf4fd3f725212d407ec8bee093,SY040,2019-06-18,BMO,2019Q1,2.77,2.60,2019-06-17,11969355941.00,12196244494.00,2019-09-17,
8df2a66aaa433d6afc54001c6f9b671b,SY040,2019-09-17,BMO,2019Q2,1.42,1.44,2019-09-16,11526574706.00,11261861038.00,2019-12-16,
a69f290a52aaed382803d296b5371848,SY040,2019-12-16,AMC,2019Q3,1.44,1.33,2019-12-15,4674251626.00,4667661474.00,2020-03-18,
f9fd7ed73bc647cb548c8fb3ffdfbd5e,SY040,2020-03-18,BMO,2020Q4,1.81,2.32,2020-03-17,8495098697.00,8455836353.00,2020-06-17,
ac2c5e2878c5a60685b607ead00dc55f,SY040,2020-06-17,AMC,2020Q1,0.76,0.84,2020-06-16,19068568348.00,19538027940.00,2020-09-16,
84ea8a017422f7935a883405803408ac,SY040,2020-09-16,BMO,2020Q2,2.63,2.92,2020-09-15,1111741804.00,1149564029.00,2020-12-15,
8c6292c76a52fc45c4d08c0726724edc,SY040,2020-12-15,AMC,2020Q3,1.83,1.98,2020-12-14,5088394111.00,5379920659.00,2021-03-18,
ea6481ddffa388079a2a61d73bcec3be,SY040,2021-03-18,AMC,2021Q4,2.39,2.24,2021-03-17,17358125370.00,16964749953.00,2021-06-17,
b7f39d98c7adfc6c2efea97357e20968,SY040,2021-06-17,AMC,2021Q1,2.00,2.10,2021-06-16,16822213966.00,17256182811.00,2021-09-16,
792bbd02d6151e99286c6561757d9974,SY040,2021-09-16,BMO,2021Q2,1.48,1.30,2021-09-15,5862634553.00,6013292155.00,2021-12-15,
56f03423fb1968a9f54b2c11cac8eeb5,SY040,2021-12-15,AMC,2021Q3,1.34,1.05,2021-12-14,20062525923.00,19901263242.00,2022-03-17,
15e7e75e73cdf8bd98f99c355e34e8aa,SY040,2022-03-17,AMC,2022Q4,0.96,1.25,2022-03-16,17226516378.00,17682990882.00,2022-06-16,
1f4a8f17e11d21a09da768030db01613,SY040,2022-06-16,AMC,2022Q1,1.08,1.61,2022-06-15,7504330377.00,7738480638.00,2022-09-16,
8bd78a676ac9cac10d424a2d9aa50255,SY040,2022-09-16,AMC,2022Q2,3.20,2.66,2022-09-15,6187690475.00,5935986173.00,2022-12-15,2022-09-27
b27b0c23edb485be43e384bd3fe37282,SY040,2022-12-15,BMO,2022Q3,2.38,2.39,2022-12-14,18384488297.00,18408563714.00,2023-03-20,
88176368e13110bd36d61346d52404b3,SY040,2023-03-20,BMO,2023Q4,2.44,2.46,2023-03-19,2779655789.00,2870599188.00,2023-06-20,
aa518aa850f8fe3414303875eab2186c,SY040,2023-06-20,BMO,2023Q1,2.67,2.58,2023-06-19,5112329792.00,5143717879.00,2023-09-19,
6d190ce6221bc79e3e6426af10881f35,SY040,2023-09-19,AMC,2023Q2,0.32,0.62,2023-09-18,13608507883.00,14340911275.00,2023-12-18,2023-10-10
8ca384a655cb1e846f8496e2de0e6955,SY040,2023-12-18,AMC,2023Q3,2.79,2.65,2023-12-17,3291985997.00,3090294285.00,2024-03-20,
d2bce9c72d63dece5cf5078c6ecbeb98,SY040,2024-03-20,AMC,2024Q4,2.18,2.00,2024-03-19,858376265.00,872594040.00,2024-06-20,
43dd6053e229973abf1e0203b1032583,SY040,2024-06-20,AMC,2024Q1,1.03,1.10,2024-06-19,3206136917.00,3203111225.00,2024-09-19,2024-07-11
58ae15dc487ad6123f6c6b394377d7c9,SY040,2024-09-19,BMO,2024Q2,2.62,2.71,2024-09-18,16442000620.00,16038211020.00,2024-12-18,
525fddd3b54ea1c344b8bd221a8fe5fa,SY040,2024-12-18,BMO,2024Q3,1.18,1.22,2024-12-17,1343037055.00,1248060026.00,2025-03-24,
5ca3a1a87efc057b6cd691a5fb6be515,SY040,2025-03-24,AMC,2025Q4,0.82,1.11,2025-03-23,13904572873.00,14146048805.00,2025-06-24,
4849be1c8d165821d97fa8c440e97852,SY040,2025-06-24,AMC,2025Q1,1.62,1.53,2025-06-23,13803903288.00,13585618881.00,2025-09-23,
b51037b551a6d7787266f6e9ee8a268c,SY040,2025-09-23,AMC,2025Q2,0.88,0.74,2025-09-22,18611710864.00,18335863014.00,2025-12-22,
e8a3587e4b2c14df29aa83e47731429a,SY040,2025-12-22,AMC,2025Q3,2.37,2.19,2025-12-21,8924748269.00,8790854307.00,,
87bba01fdfd52989aebae9aa215e50a5,SY041,2019-04-03,BMO,2019Q1,2.82,2.83,2019-04-02,3256470724.00,3579898115.00,2019-07-03,
fd4f2c378cbf4a496e561717aae072cf,SY041,2019-07-03,AMC,2019Q2,1.36,1.37,2019-07-02,19643950774.00,19440811069.00,2019-10-02,
ff0b2b0e7d2d6bc9f5063ede327c58dd,SY041,2019-10-02,AMC,2019Q3,1.63,1.77,2019-10-01,17531946544.00,19057702522.00,2020-01-02,
c94aba30a2e94c5e62e1aeb23f2102d2,SY041,2020-01-02,BMO,2020Q4,1.10,1.31,2020-01-01,12197934267.00,12145873699.00,2020-04-02,
9cef5af4b05c7a864ddfbcae52e0bc21,SY041,2020-04-02,AMC,2020Q1,1.67,1.65,2020-04-01,17044953887.00,17044846349.00,2020-07-02,
6535d6b2cec11691a0c65963059a1087,SY041,2020-07-02,AMC,2020Q2,0.75,0.65,2020-07-01,9513171515.00,9703096080.00,2020-10-01,2020-07-24
a8eaa2f7f161f56b26debb264f80144b,SY041,2020-10-01,AMC,2020Q3,2.63,2.76,2020-09-30,2457657304.00,2418234119.00,2020-12-31,
a557d90057a488171287828a4f690ab2,SY041,2020-12-31,AMC,2020Q4,1.68,1.85,2020-12-30,13720612724.00,14137845139.00,2021-04-05,
93ed76d51cfa15f0fed7defcf193d418,SY041,2021-04-05,BMO,2021Q1,1.73,1.66,2021-04-04,5193740660.00,5170844069.00,2021-07-02,
b5f7b5bfe4b1085362d2f13670f22e05,SY041,2021-07-02,AMC,2021Q2,1.43,1.00,2021-07-01,16791258107.00,16221771700.00,2021-10-01,
01f725ded9c4c451633f0a1c3f012894,SY041,2021-10-01,BMO,2021Q3,0.51,0.88,2021-09-30,13173099971.00,13456632154.00,2021-12-31,
351645fb3a167b895fa529549eac6077,SY041,2021-12-31,AMC,2021Q4,0.80,0.60,2021-12-30,15655562944.00,15867785307.00,2022-04-01,
ddc008435c01df201dc611a9a64c4485,SY041,2022-04-01,AMC,2022Q1,1.30,1.17,2022-03-31,15126766602.00,15175077545.00,2022-07-05,
4a456080d4de0d0e537fa8c9d837ae38,SY041,2022-07-05,AMC,2022Q2,1.78,1.70,2022-07-04,13087741288.00,12468405534.00,2022-10-03,2022-07-28
a836c064fb134d81c31bc6105772cfe2,SY041,2022-10-03,AMC,2022Q3,1.40,1.36,2022-10-02,10178754794.00,10321714451.00,2023-01-03,
68fc118d460f3976596fb302089aa47d,SY041,2023-01-03,AMC,2023Q4,2.00,2.15,2023-01-02,9526226893.00,9875768872.00,2023-04-04,
8bc07004f5dc53186b2ab47e9d1d0401,SY041,2023-04-04,AMC,2023Q1,1.34,1.20,2023-04-03,2199226768.00,2313861751.00,2023-07-06,
abb6d1eb2ccc5527c87f26303c5d9f5e,SY041,2023-07-06,BMO,2023Q2,2.74,2.95,2023-07-05,20275155532.00,19274595897.00,2023-10-04,
4aabc5e81ad59c99ce1a30ddd9cd4ea9,SY041,2023-10-04,AMC,2023Q3,0.94,0.88,2023-10-03,16652519011.00,17223839932.00,2024-01-04,
e1580fcf9e9f983676ae34ee1dd8aead,SY041,2024-01-04,BMO,2024Q4,2.42,2.26,2024-01-03,17757475884.00,16156385604.00,2024-04-05,
0ec038e3f73d96d973370e09f891e49f,SY041,2024-04-05,AMC,2024Q1,2.76,2.94,2024-04-04,4906311604.00,5032552906.00,2024-07-08,
de9ab57cdf9930e2f12aa485f14cd94f,SY041,2024-07-08,BMO,2024Q2,0.91,0.64,2024-07-07,2523061931.00,2477614436.00,2024-10-04,
a28c267db57ad290f453c578f043d2dc,SY041,2024-10-04,BMO,2024Q3,0.86,0.74,2024-10-03,16852307067.00,17179896886.00,2025-01-06,
40085a4b5149ecfd54c69e50354b09c4,SY041,2025-01-06,AMC,2025Q4,2.09,2.25,2025-01-05,4671466877.00,4748813155.00,2025-04-08,2025-01-23
a9c9e61497722950b08a1ee671e6e233,SY041,2025-04-08,BMO,2025Q1,1.69,1.55,2025-04-07,9649461755.00,9041818464.00,2025-07-10,
97042e9d6026cfee9a7411e521321d55,SY041,2025-07-10,BMO,2025Q2,2.07,1.46,2025-07-09,6006635929.00,6112892750.00,2025-10-08,
f910c466a3149c031190b79751cde942,SY041,2025-10-08,AMC,2025Q3,2.29,2.61,2025-10-07,12488098575.00,12575280636.00,,
4d053efeec62fd0ec4a4612228870954,SY042,2019-05-29,BMO,2019Q1,0.56,0.87,2019-05-28,17305486760.00,16833375483.00,2019-08-27,
75b29ef95c0a7800265d3dc3cbe05d41,SY042,2019-08-27,AMC,2019Q2,1.67,1.75,2019-08-26,11910796169.00,11662140211.00,2019-11-25,
35e67c9a9c44de8e9379402ff23161fb,SY042,2019-11-25,AMC,2019Q3,2.08,1.86,2019-11-24,1638457189.00,1630441462.00,2020-02-27,2019-12-23
a0e862fec72a0a8cf60973d6f8a1a178,SY042,2020-02-27,AMC,2020Q4,1.60,1.56,2020-02-26,16588504631.00,16275784013.00,2020-05-28,
ae41240ba5489a2cc9d11b2ec87ce747,SY042,2020-05-28,AMC,2020Q1,1.84,2.18,2020-05-27,10119298695.00,10096318972.00,2020-08-26,
05c9d8adf00d9732ea9b8536fe48b5bf,SY042,2020-08-26,BMO,2020Q2,0.73,0.93,2020-08-25,12319797252.00,12303559342.00,2020-11-24,
3b687fce50db68f5c7a4ad55b7bdc652,SY042,2020-11-24,BMO,2020Q3,1.10,1.14,2020-11-23,13255512490.00,13045023633.00,2021-02-26,
72e54d6a7acfce576467348db6ab131d,SY042,2021-02-26,AMC,2021Q4,2.34,2.39,2021-02-25,13080463419.00,12400645065.00,2021-05-27,
323bbff616a4c42d389d2fb34090fe99,SY042,2021-05-27,AMC,2021Q1,1.59,1.76,2021-05-26,17685092082.00,18074060684.00,2021-08-26,
d670c65fd89f9c1dbc3e13490e6ac2c9,SY042,2021-08-26,BMO,2021Q2,0.81,0.54,2021-08-25,10850294950.00,10429896266.00,2021-11-24,
8637d9d33b7e46815768ab2dffe3e657,SY042,2021-11-24,AMC,2021Q3,2.53,2.46,2021-11-23,7511637461.00,7792970130.00,2022-02-25,
b9c73bd60cfca381b0e7046ac213a6d8,SY042,2022-02-25,BMO,2022Q4,1.73,1.47,2022-02-24,15158149478.00,15033586005.00,2022-05-26,
cfee426dcf251d1b9c7023936416ba13,SY042,2022-05-26,AMC,2022Q1,2.89,2.99,2022-05-25,13994183035.00,14172560099.00,2022-08-26,
b7c916c7df30eb0ae94096cfbb38551d,SY042,2022-08-26,BMO,2022Q2,3.17,2.86,2022-08-25,1429587375.00,1438783017.00,2022-11-25,2022-09-20
3a70700b712d9f612833087a5f159a15,SY042,2022-11-25,AMC,2022Q3,0.99,1.09,2022-11-24,11347455911.00,12491592917.00,2023-02-28,
9e58e80838e989932b3207686f7e6447,SY042,2023-02-28,BMO,2023Q4,1.27,1.03,2023-02-27,14319533204.00,14459831115.00,2023-05-30,
dc92f753a1c7a9b17b297543e50c0c70,SY042,2023-05-30,BMO,2023Q1,2.65,2.71,2023-05-29,9293847817.00,9431672100.00,2023-08-29,
eeb05dcf06e3b16426ca82150884ec2f,SY042,2023-08-29,BMO,2023Q2,2.08,2.13,2023-08-28,15492115573.00,14855446241.00,2023-11-28,
bc1f5175382ae77491e263eea66e72c3,SY042,2023-11-28,BMO,2023Q3,0.86,1.00,2023-11-27,1751641473.00,1719906619.00,2024-02-29,
e7667bc9284e92705b28fc9670fa5808,SY042,2024-02-29,AMC,2024Q4,0.79,1.01,2024-02-28,3149592994.00,3154004675.00,2024-05-30,
2b18c0a6128bfce44c5351f85eca6884,SY042,2024-05-30,BMO,2024Q1,0.94,0.89,2024-05-29,17922516047.00,18229353776.00,2024-08-29,2024-06-20
02632cd2c1dc7ffb0f87a6d5cb2751f9,SY042,2024-08-29,BMO,2024Q2,2.83,2.68,2024-08-28,9928675787.00,9812322672.00,2024-11-27,
ca875ea1d12523f723f3a584524fa22e,SY042,2024-11-27,AMC,2024Q3,0.96,0.63,2024-11-26,18878312698.00,18997867927.00,2025-03-04,
b0cf8d3188b797cf4e30d85ddb5d530d,SY042,2025-03-04,AMC,2025Q4,1.47,1.98,2025-03-03,4230875005.00,4290509163.00,2025-06-03,
4ac639db432f00af5d935519f12eebb1,SY042,2025-06-03,BMO,2025Q1,2.67,2.69,2025-06-02,2047788181.00,2053523707.00,2025-09-03,
5a3a93be19e87fb4cf2b1274bc1f8801,SY042,2025-09-03,AMC,2025Q2,3.23,2.74,2025-09-02,17005089484.00,17954690748.00,2025-12-02,
0c99cced9bfcacd7fa80d9d0773de1a0,SY042,2025-12-02,BMO,2025Q3,2.04,1.99,2025-12-01,17708792920.00,17862036666.00,,
4c84ddd5361b84e748dc3566bedd375d,SY043,2019-04-01,BMO,2019Q1,1.46,1.87,2019-03-31,5514426597.00,5547987551.00,2019-07-01,
23b75f38fd384b13057443ec4b3093fe,SY043,2019-07-01,BMO,2019Q2,1.54,1.19,2019-06-30,6227916300.00,6406166994.00,2019-09-30,
23c037a73ac97d0ddaff9b8febfa82bb,SY043,2019-09-30,BMO,2019Q3,1.46,1.61,2019-09-29,9151613753.00,9519719009.00,2019-12-30,
62c20dc078bc93355a7fdcb2cbb1e78e,SY043,2019-12-30,BMO,2019Q4,2.64,2.51,2019-12-29,15644634291.00,15096024641.00,2020-03-31,
ebce8fd2a2264cad5192d85e8b27707a,SY043,2020-03-31,BMO,2020Q1,2.71,2.86,2020-03-30,7970173886.00,7456728048.00,2020-06-30,
9fb25d54e5a0215d17d0783c20e5b49c,SY043,2020-06-30,AMC,2020Q2,1.76,1.32,2020-06-29,19938770514.00,19749072468.00,2020-09-29,
b32da5501ecd42be951c16108a4e3fa4,SY043,2020-09-29,BMO,2020Q3,2.84,2.80,2020-09-28,10238000035.00,10340731539.00,2020-12-29,
81457c4e36bfbc1e7043dfc8417fcae9,SY043,2020-12-29,BMO,2020Q4,2.24,2.02,2020-12-28,4345423440.00,4294022421.00,2021-03-31,
33e14cf619deac7b6386adc0c0b6e02a,SY043,2021-03-31,AMC,2021Q1,1.50,1.55,2021-03-30,785778447.00,813182195.00,2021-06-30,
ab13f8d249c6181be88e97c5198929a9,SY043,2021-06-30,BMO,2021Q2,2.42,2.76,2021-06-29,18019325011.00,19745565873.00,2021-09-29,
e0eca6b0dc31e6bed9fd94dd7bd6e32a,SY043,2021-09-29,BMO,2021Q3,1.72,1.71,2021-09-28,1180803102.00,1123945280.00,2021-12-29,
85dde1fd46be8e30484857dae5b10681,SY043,2021-12-29,AMC,2021Q4,1.38,1.61,2021-12-28,12393889483.00,12618408576.00,2022-03-30,
e43cbfc604a38a1c60ea1eb0e4919949,SY043,2022-03-30,BMO,2022Q1,1.37,1.46,2022-03-29,4059468591.00,4060970297.00,2022-06-30,
4bf2511612cebb5d13e2868e1d5da781,SY043,2022-06-30,BMO,2022Q2,1.34,1.24,2022-06-29,1594473811.00,1592602107.00,2022-09-29,
e25e5dd7b8973e412b3f69cad2ad4998,SY043,2022-09-29,BMO,2022Q3,1.85,1.78,2022-09-28,4433459835.00,4324979253.00,2022-12-29,
957d419da0aaa9d6c1523401f10c6745,SY043,2022-12-29,BMO,2022Q4,2.49,2.43,2022-12-28,16983082747.00,16654489041.00,2023-03-31,
4acc605a7f731e411f641fa18216f0de,SY043,2023-03-31,BMO,2023Q1,1.79,1.80,2023-03-30,18852136056.00,18843201780.00,2023-07-03,
265d8a8047ee190a7e1b698239c4679f,SY043,2023-07-03,BMO,2023Q2,0.83,1.14,2023-07-02,10608117437.00,11329062400.00,2023-10-02,
56cabb6b62e26e9a85a0cfd32878a0c8,SY043,2023-10-02,BMO,2023Q3,1.50,1.38,2023-10-01,14682796210.00,14601039040.00,2024-01-02,
1033782b48e2435eb579936feb783076,SY043,2024-01-02,BMO,2024Q4,1.96,2.27,2024-01-01,10391396198.00,10167977170.00,2024-04-03,
b131f86ee64baab62b14f04f0cd06ce7,SY043,2024-04-03,AMC,2024Q1,2.06,2.15,2024-04-02,16387402344.00,15853960432.00,2024-07-03,2024-04-16
8f6800758c0b1fdca2ac7dd000427e6a,SY043,2024-07-03,BMO,2024Q2,1.12,1.44,2024-07-02,1307892700.00,1418216868.00,2024-10-02,
54f2821c860f61c9a2bd74ccac266922,SY043,2024-10-02,BMO,2024Q3,2.55,2.77,2024-10-01,8107184788.00,8168723321.00,2025-01-02,
3deb89d99e0fc25a980accbfdac11563,SY043,2025-01-02,BMO,2025Q4,2.33,2.64,2025-01-01,2958109321.00,2957058650.00,2025-04-04,
aa3184b1102719832076669b0f4c9959,SY043,2025-04-04,BMO,2025Q1,2.74,2.59,2025-04-03,2682095777.00,2659345645.00,2025-07-08,
6fa56219a5add0895a6d4de961a841d8,SY043,2025-07-08,AMC,2025Q2,1.10,1.29,2025-07-07,17767895656.00,17355718751.00,2025-10-06,
acbc5d5550493e0993fa8f007392aa98,SY043,2025-10-06,BMO,2025Q3,1.88,2.12,2025-10-05,8963170820.00,9103875188.00,,
79a388849f849e04a26f332e9ad2d0e7,SY044,2019-06-03,BMO,2019Q1,2.16,2.36,2019-06-02,8715104500.00,9126901602.00,2019-08-30,
f00364d590d2a1104ff4ff75db7f96ee,SY044,2019-08-30,AMC,2019Q2,1.01,1.05,2019-08-29,3604967418.00,3783362328.00,2019-11-29,
74ca536a59820b7c3808ad3f879fbaae,SY044,2019-11-29,AMC,2019Q3,2.66,2.59,2019-11-28,17522798272.00,17314238366.00,2020-03-03,
778d51cc8182c8964e48ff7b00b25c0a,SY044,2020-03-03,BMO,2020Q4,2.60,2.44,2020-03-02,16123010897.00,16053381857.00,2020-06-02,
81d57c625c085f728febf5649c3b3c62,SY044,2020-06-02,AMC,2020Q1,2.75,2.89,2020-06-01,591262433.00,616847296.00,2020-08-31,
918d6dc4784bd68c6b0897edcf72a181,SY044,2020-08-31,BMO,2020Q2,1.96,1.93,2020-08-30,3111267487.00,3269734463.00,2020-11-30,2020-09-17
9981725cfed11a76ee9ec9e034091a28,SY044,2020-11-30,BMO,2020Q3,2.99,2.78,2020-11-29,743064786.00,729514043.00,2021-03-03,
95d7929bda7906a9ae8057156faf5384,SY044,2021-03-03,BMO,2021Q4,1.03,1.24,2021-03-02,12358832983.00,12629634752.00,2021-06-02,
69a0ce1f6b3bf3c4d0b12d32c602432b,SY044,2021-06-02,BMO,2021Q1,1.16,1.04,2021-06-01,6101361026.00,6032816502.00,2021-08-31,
59c511c29957b661ed33aedfd930bc4c,SY044,2021-08-31,BMO,2021Q2,2.87,2.79,2021-08-30,12590612867.00,12327008292.00,2021-11-30,
768dd68d03b233a8ad0bffbe15011598,SY044,2021-11-30,BMO,2021Q3,3.01,2.83,2021-11-29,15382868126.00,15541986130.00,2022-03-02,
bbc37ba27293e7f73b72b9c386fdf9c6,SY044,2022-03-02,BMO,2022Q4,2.13,2.45,2022-03-01,17963688140.00,19166311631.00,2022-06-01,
8c036dc94ff56eed6093f5ee2649bac6,SY044,2022-06-01,BMO,2022Q1,0.85,0.85,2022-05-31,14870724839.00,14532118864.00,2022-08-31,
3b3991fd0cd9713dc668e010596ed958,SY044,2022-08-31,BMO,2022Q2,0.41,0.54,2022-08-30,1745201492.00,1746995038.00,2022-11-30,
910bf7cf14bf403b0b6a2515e5aa00e0,SY044,2022-11-30,AMC,2022Q3,1.51,1.77,2022-11-29,9897773980.00,10096845724.00,2023-03-03,
2a889112c8a9cd1a673196290f20cce5,SY044,2023-03-03,BMO,2023Q4,1.87,1.89,2023-03-02,10202457016.00,9957118645.00,2023-06-02,
fe261ba81a477cfa9578c71d3d90f4b4,SY044,2023-06-02,AMC,2023Q1,1.79,1.80,2023-06-01,2943762629.00,3027141386.00,2023-09-01,
ba145745065261a777e464bfd1bbd671,SY044,2023-09-01,BMO,2023Q2,2.01,2.12,2023-08-31,12921534703.00,13374804972.00,2023-12-01,
d2e9e84686dd39febe91139697eacdf4,SY044,2023-12-01,BMO,2023Q3,1.61,1.77,2023-11-30,8280535744.00,8163258293.00,2024-03-05,
e5d5c4d65f97cb5545ecf1747546b4a3,SY044,2024-03-05,BMO,2024Q4,0.46,0.65,2024-03-04,4851055423.00,4884863017.00,2024-06-04,
db8c8bb9c3b45d8ca86519c2c3303787,SY044,2024-06-04,AMC,2024Q1,2.73,2.74,2024-06-03,17467583457.00,17263008574.00,2024-09-04,
d7ef47242d2bbc87db34e3e17957d3a2,SY044,2024-09-04,BMO,2024Q2,2.28,2.46,2024-09-03,13368353705.00,13625006742.00,2024-12-03,
333ea196facc336a9f5743eed759f536,SY044,2024-12-03,AMC,2024Q3,2.74,2.71,2024-12-02,11622663512.00,11956126404.00,2025-03-07,
43b53a99de09eaf27e97132300425109,SY044,2025-03-07,AMC,2025Q4,2.32,2.41,2025-03-06,5002300206.00,5025549027.00,2025-06-06,
707f50642b08797e67b63709ee858a1e,SY044,2025-06-06,BMO,2025Q1,1.65,1.62,2025-06-05,18010459756.00,17860010378.00,2025-09-08,
1dbdf51f305fa96b64efa759dc1496bb,SY044,2025-09-08,AMC,2025Q2,2.32,2.16,2025-09-07,4516505003.00,4520695090.00,2025-12-05,
b863bad8eaac305280c9452e202469e7,SY044,2025-12-05,BMO,2025Q3,0.13,0.57,2025-12-04,17917083188.00,19202045690.00,,
51306fc6c4f7fda375e5584f500ca9c2,SY045,2019-04-09,BMO,2019Q1,1.24,1.10,2019-04-08,5785439663.00,5591161579.00,2019-07-10,
e1046c208248a138f651033788a151ef,SY045,2019-07-10,AMC,2019Q2,2.52,2.34,2019-07-09,6221675292.00,6087846699.00,2019-10-08,
6b736ff792f0e71f221994af02259f63,SY045,2019-10-08,AMC,2019Q3,1.30,1.17,2019-10-07,5680730194.00,5644157876.00,2020-01-08,
895abe3fc93daef5bc0f175f12d66579,SY045,2020-01-08,AMC,2020Q4,1.68,1.64,2020-01-07,11925521378.00,11567259310.00,2020-04-08,
4dd65387e2cf8b1d1cf40668c481614f,SY045,2020-04-08,AMC,2020Q1,0.62,0.60,2020-04-07,8204441505.00,8623790050.00,2020-07-09,
b22cc32b26b49b0e7f8399facbeaefe4,SY045,2020-07-09,BMO,2020Q2,0.53,0.51,2020-07-08,5051372636.00,5156187165.00,2020-10-07,
2cad19a16f28bcdb972cb540c29afd3f,SY045,2020-10-07,AMC,2020Q3,1.84,2.02,2020-10-06,15187536245.00,15554877328.00,2021-01-07,
2907f91737d44327c3cc478e69c8964c,SY045,2021-01-07,BMO,2021Q4,1.37,1.08,2021-01-06,11877886674.00,11842291796.00,2021-04-09,
f3f0db0a0a9dc41946e86e0aefe30600,SY045,2021-04-09,AMC,2021Q1,2.77,2.82,2021-04-08,12863101659.00,12783111223.00,2021-07-09,
3c381e40b7a3ec0348fbd4340d9f14cc,SY045,2021-07-09,AMC,2021Q2,1.54,1.33,2021-07-08,1755957811.00,1724675983.00,2021-10-07,
2bc3b2f10138714f3b7104d95c5b0c2b,SY045,2021-10-07,BMO,2021Q3,2.25,1.97,2021-10-06,5502755499.00,5553273275.00,2022-01-06,
7dc8189ab558e35b8df9f04059c4bc36,SY045,2022-01-06,BMO,2022Q4,0.81,0.92,2022-01-05,11031691399.00,10332147829.00,2022-04-07,
80a9d9183d88fc12bc52a09ed244b7ed,SY045,2022-04-07,AMC,2022Q1,2.05,1.88,2022-04-06,2647367798.00,2633165428.00,2022-07-11,
3101b3ba4cf5ca5db5661c12f92a943f,SY045,2022-07-11,BMO,2022Q2,1.23,1.18,2022-07-10,19759552384.00,18931744568.00,2022-10-07,
367e7ee3ac54edac9c19ce16b45b3ea5,SY045,2022-10-07,AMC,2022Q3,1.14,1.28,2022-10-06,7777637545.00,8018221869.00,2023-01-09,
6718f9a4d73b52146f50789bae2384ca,SY045,2023-01-09,BMO,2023Q4,0.88,0.97,2023-01-08,17815402243.00,18364855688.00,2023-04-11,
d70b52a938ed2ea9b031185fb228fddd,SY045,2023-04-11,BMO,2023Q1,2.66,2.91,2023-04-10,16808630375.00,16349375465.00,2023-07-12,
f30077ee2f47dc2fc1ba237a35554b0a,SY045,2023-07-12,AMC,2023Q2,3.06,2.59,2023-07-11,5977967906.00,5960409030.00,2023-10-10,
fd98f34acbb050818c3455d7bb6e2e7b,SY045,2023-10-10,AMC,2023Q3,2.85,2.85,2023-10-09,7014758738.00,7172796546.00,2024-01-10,
c73ebb96e61834eef424359b778b61c9,SY045,2024-01-10,BMO,2024Q4,0.88,1.12,2024-01-09,16153075061.00,16222478410.00,2024-04-11,
ba90f5a44b426fe5cdc5121240878851,SY045,2024-04-11,BMO,2024Q1,1.99,2.03,2024-04-10,1031824097.00,1057648995.00,2024-07-12,
e6a94d14466b1a13376f96b9a6fa6e22,SY045,2024-07-12,BMO,2024Q2,1.54,1.57,2024-07-11,4862920569.00,4840165165.00,2024-10-10,
9cd55f893d6c580add4c7a40edb652d1,SY045,2024-10-10,BMO,2024Q3,0.99,0.91,2024-10-09,4602074697.00,4565619627.00,2025-01-13,
76d8b677b068874cfc36dfd0f384d574,SY045,2025-01-13,AMC,2025Q4,1.00,1.16,2025-01-12,11419570775.00,11732910394.00,2025-04-14,
14c806ca6d3a63884e1e2036cb81673f,SY045,2025-04-14,AMC,2025Q1,1.61,1.40,2025-04-13,2075212559.00,2120504684.00,2025-07-16,
b05a1c6b3d41522aa1d80fc388c8a2b7,SY045,2025-07-16,AMC,2025Q2,1.22,1.27,2025-07-15,16749834484.00,16315245787.00,2025-10-14,2025-08-05
9db7fb1eedb4a3c03111b093d22d228a,SY045,2025-10-14,BMO,2025Q3,3.08,2.57,2025-10-13,12339172822.00,12563020305.00,,
f75e42742506418f978cf7867ca6a991,SY046,2019-05-07,AMC,2019Q1,2.45,2.24,2019-05-06,15883278704.00,15622643357.00,2019-08-06,
dcee1572a3e8ed194a40fec470beead5,SY046,2019-08-06,AMC,2019Q2,0.72,1.01,2019-08-05,17740980829.00,18578023407.00,2019-11-04,
b84b7c7805314a291f4177414d4cf728,SY046,2019-11-04,BMO,2019Q3,2.25,2.24,2019-11-03,5814759419.00,5700284059.00,2020-02-05,
1c039cdd90baa6cbb36f37e5efe2a90d,SY046,2020-02-05,BMO,2020Q4,2.30,2.38,2020-02-04,2199137312.00,2156280352.00,2020-05-06,
6e83566d4d78048be34e52a2614b2851,SY046,2020-05-06,AMC,2020Q1,3.08,2.78,2020-05-05,13793431540.00,13684837668.00,2020-08-05,
529faa2e3704082880e0a828166b6479,SY046,2020-08-05,BMO,2020Q2,1.79,1.89,2020-08-04,7282934172.00,7333279315.00,2020-11-03,
5293cde22f66880e31724803eeeb4838,SY046,2020-11-03,AMC,2020Q3,2.12,2.41,2020-11-02,9212073658.00,9549390035.00,2021-02-04,
92218232a90e2fa9d794c2e6c2805166,SY046,2021-02-04,AMC,2021Q4,1.23,1.18,2021-02-03,14225242382.00,14414824631.00,2021-05-06,2021-02-22
3ebf208b913049d8a6d0f5f61f30bc9f,SY046,2021-05-06,AMC,2021Q1,1.90,1.94,2021-05-05,721054480.00,727538273.00,2021-08-05,
c36ff13fde64912c8d70a5ded871166e,SY046,2021-08-05,BMO,2021Q2,1.33,1.03,2021-08-04,16229870293.00,15296529306.00,2021-11-03,
97c7ce24546406b0a91bf2d069fd2cdf,SY046,2021-11-03,BMO,2021Q3,2.04,2.10,2021-11-02,19930344764.00,19431485697.00,2022-02-03,
5c927800b916c1e7b89ddb07f0addf51,SY046,2022-02-03,BMO,2022Q4,0.57,0.69,2022-02-02,5228351083.00,5138986331.00,2022-05-05,2022-02-11
a38afaee88eb30ebf6c3f4c15caec49a,SY046,2022-05-05,BMO,2022Q1,1.01,1.36,2022-05-04,3903640477.00,3936398477.00,2022-08-05,
dc89512008b2ae0f7f5baeee7a15d0f4,SY046,2022-08-05,BMO,2022Q2,0.71,0.97,2022-08-04,17977288456.00,18044476694.00,2022-11-03,
93965b5e3a14c45f32de5bd8dd185e5a,SY046,2022-11-03,BMO,2022Q3,1.99,1.82,2022-11-02,1389486153.00,1411751852.00,2023-02-06,
5956e4c69ac70ea661dafdb6db91bd53,SY046,2023-02-06,AMC,2023Q4,2.08,2.30,2023-02-05,11629372118.00,11448535294.00,2023-05-08,2023-02-23
d32c93c20ad3947b7b21e505a8bd21c8,SY046,2023-05-08,AMC,2023Q1,2.85,2.64,2023-05-07,2447754681.00,2310974452.00,2023-08-08,
aee0543815bb5ba28b0768cac3025369,SY046,2023-08-08,BMO,2023Q2,2.33,2.46,2023-08-07,18709799494.00,18147989443.00,2023-11-06,
8796efd8732f843b820e475221b66c2f,SY046,2023-11-06,AMC,2023Q3,2.82,3.00,2023-11-05,10816810203.00,10535954565.00,2024-02-07,
767fac9ac84dc20f5730c6f48267304b,SY046,2024-02-07,BMO,2024Q4,1.63,1.60,2024-02-06,10315616271.00,10076096308.00,2024-05-08,
9754ac9107951839e145970b95056029,SY046,2024-05-08,BMO,2024Q1,1.09,0.93,2024-05-07,5575156478.00,5595512051.00,2024-08-08,
73456dcbae14d7f7b3a7eb2ba296b517,SY046,2024-08-08,BMO,2024Q2,0.37,0.72,2024-08-07,19269920676.00,19780642397.00,2024-11-06,
aecc9938f769c6bb4ea908ac44f16786,SY046,2024-11-06,BMO,2024Q3,1.63,1.69,2024-11-05,5990354854.00,6395985063.00,2025-02-10,
6a91b3bc7429e3da89df857724612416,SY046,2025-02-10,AMC,2025Q4,1.65,1.69,2025-02-09,5641004606.00,5502498872.00,2025-05-12,
807b9d1fdbd2dafc5bf73d2a952c406d,SY046,2025-05-12,BMO,2025Q1,1.62,1.81,2025-05-11,8321090881.00,8295769077.00,2025-08-12,
1c7ca478b35f1244f6c5e5a4bbcb6aa3,SY046,2025-08-12,BMO,2025Q2,1.84,1.87,2025-08-11,12047801018.00,12241510598.00,2025-11-10,
856db5fbc06a6ebf9acc140e630f93ef,SY046,2025-11-10,BMO,2025Q3,0.86,0.75,2025-11-09,898741418.00,829047277.00,,
f9632e4b566563376c42b53747e95563,SY047,2019-06-24,BMO,2019Q1,0.73,0.88,2019-06-23,8297663648.00,8308274050.00,2019-09-23,
c2801b4b5e16e89815aa07c2af097bc4,SY047,2019-09-23,AMC,2019Q2,1.24,1.13,2019-09-22,5990158039.00,6082331183.00,2019-12-20,
51e1aa955de96d0eb83e9cd5dacb27ca,SY047,2019-12-20,BMO,2019Q3,1.76,1.71,2019-12-19,12245819212.00,12169538462.00,2020-03-24,
6ff86204e5b28d6d668d6216730272bb,SY047,2020-03-24,BMO,2020Q4,1.91,2.05,2020-03-23,15656915823.00,15341401951.00,2020-06-23,
020061bfdef083f8a63333a93e865212,SY047,2020-06-23,AMC,2020Q1,1.89,2.14,2020-06-22,16424055620.00,16155653652.00,2020-09-22,
d1a125816fd0240db97a09a48981e833,SY047,2020-09-22,AMC,2020Q2,1.14,1.39,2020-09-21,17312236060.00,16707928050.00,2020-12-21,
25e5ab51187eef617c273d198eafe732,SY047,2020-12-21,AMC,2020Q3,1.06,1.33,2020-12-20,13329158982.00,13875192584.00,2021-03-24,
fbb30303c6f2aaa372d36b3ce0770a70,SY047,2021-03-24,BMO,2021Q4,1.33,1.35,2021-03-23,3586545893.00,3716178935.00,2021-06-23,
1f4af44fcb16518193826bcfab55b7d0,SY047,2021-06-23,BMO,2021Q1,2.36,2.72,2021-06-22,7462432417.00,7509043018.00,2021-09-22,
93cabf8ba3fe8690b433ef4b3976bca2,SY047,2021-09-22,BMO,2021Q2,2.36,2.75,2021-09-21,16562841022.00,16976840700.00,2021-12-21,2021-10-12
3a4937449ee12dfccd0f569cbd7be959,SY047,2021-12-21,BMO,2021Q3,2.17,1.82,2021-12-20,12176017482.00,11796784659.00,2022-03-23,
1ad65eca118dfe60f365320fff295421,SY047,2022-03-23,AMC,2022Q4,2.87,2.68,2022-03-22,10484795253.00,10711642908.00,2022-06-23,
cc680ff5b06ae67f74932cef7584fa4e,SY047,2022-06-23,BMO,2022Q1,2.44,2.14,2022-06-22,8178402370.00,7951768035.00,2022-09-22,
00f27ab9b571fdf8933b4331c2f618f7,SY047,2022-09-22,BMO,2022Q2,1.02,1.01,2022-09-21,7093654793.00,6938965213.00,2022-12-21,
9b0c2035cc7c9791be66d231afd47d0d,SY047,2022-12-21,AMC,2022Q3,1.56,1.66,2022-12-20,11222455317.00,11269915651.00,2023-03-24,
551ba3eb27bad7e15d9db74eabc8d6de,SY047,2023-03-24,BMO,2023Q4,0.80,0.93,2023-03-23,13934221495.00,14602707564.00,2023-06-26,
64c25dc0c2d29aaedc4eb1464663b4fb,SY047,2023-06-26,AMC,2023Q1,0.77,0.58,2023-06-25,14665631877.00,14483208499.00,2023-09-25,
9a7e9bdb0e5526d3e394dfac3911c620,SY047,2023-09-25,BMO,2023Q2,2.50,2.17,2023-09-24,3872023792.00,4020412592.00,2023-12-22,
f56abf3abd69a07768b6e4393c12d74f,SY047,2023-12-22,AMC,2023Q3,1.53,1.59,2023-12-21,3409337088.00,3423058870.00,2024-03-26,
d481a9262f19141914ccac8dca302b95,SY047,2024-03-26,AMC,2024Q4,2.34,2.09,2024-03-25,7146191208.00,6939814359.00,2024-06-26,
f0c45ce9ac94fc06aa6ed8f6e094307f,SY047,2024-06-26,AMC,2024Q1,2.28,2.35,2024-06-25,2569773544.00,2590711987.00,2024-09-25,
857f8346c19d60985f1c6e1e45ad7328,SY047,2024-09-25,AMC,2024Q2,1.68,1.91,2024-09-24,6220291086.00,6213853757.00,2024-12-24,2024-10-02
2c964ffeedd8ae2cbc8b3262012510d4,SY047,2024-12-24,BMO,2024Q3,1.76,1.49,2024-12-23,3221365096.00,3178578714.00,2025-03-28,
f91fc4ef97270c04540071f1c3d0a8c4,SY047,2025-03-28,AMC,2025Q4,2.48,2.63,2025-03-27,9652072112.00,9207813326.00,2025-06-30,
d84c75f0a6467e9aaa3180a9cffad2cb,SY047,2025-06-30,AMC,2025Q1,1.39,0.95,2025-06-29,3652102234.00,3673014182.00,2025-09-29,
635d811ba5cd4a9ea2dbaa51689903c6,SY047,2025-09-29,BMO,2025Q2,2.47,2.42,2025-09-28,16167135218.00,16239768924.00,2025-12-29,
d0febcbdf016e092681282c2d2c10932,SY048,2019-05-31,BMO,2019Q1,1.30,0.93,2019-05-30,13942158412.00,13681324575.00,2019-08-29,
5a00a9198fcb2168d72e76f5cf6b38b4,SY048,2019-08-29,AMC,2019Q2,2.75,2.69,2019-08-28,4628659108.00,4581405944.00,2019-11-27,
b9398435c3ec7f25bf67769490578928,SY048,2019-11-27,BMO,2019Q3,2.40,2.66,2019-11-26,8043017205.00,8025578788.00,2020-03-02,
30c0a8b21505f50edd591b35668f0d87,SY048,2020-03-02,BMO,2020Q4,0.78,0.78,2020-03-01,13694075730.00,13813902544.00,2020-06-01,
e4a6aabed30215b9fe312f65b68e9e4d,SY048,2020-06-01,BMO,2020Q1,1.51,1.75,2020-05-31,15407706478.00,15828172637.00,2020-08-28,
4d813f3e61d6b18361b26828e43ad0b6,SY048,2020-08-28,AMC,2020Q2,2.34,2.25,2020-08-27,14826259011.00,14867099383.00,2020-11-27,
4bbdc46994772472cb57eb8c471f819c,SY048,2020-11-27,BMO,2020Q3,2.03,1.64,2020-11-26,13271049131.00,12788629722.00,2021-03-02,2020-12-08
890ca8cd4cb3fad80e80d4ae52f810b7,SY048,2021-03-02,BMO,2021Q4,0.76,0.83,2021-03-01,7648564957.00,7796286323.00,2021-06-01,
e4d5b73785436b20931c3eb4cfa5656d,SY048,2021-06-01,BMO,2021Q1,2.86,2.61,2021-05-31,5034613393.00,5295735388.00,2021-08-30,
e67a693da359705a28ec68e71ba79904,SY048,2021-08-30,AMC,2021Q2,2.77,2.21,2021-08-29,11655383480.00,12008927163.00,2021-11-29,
85096010463f7479c46dd25c6fc422db,SY048,2021-11-29,AMC,2021Q3,1.34,1.69,2021-11-28,7331719364.00,7143693166.00,2022-03-01,
be71ad2e00427864889c010ccad2fb3f,SY048,2022-03-01,AMC,2022Q4,2.32,2.39,2022-02-28,4877129350.00,4976655520.00,2022-05-31,
05deec2a75300e4ddff725bb8eabd001,SY048,2022-05-31,BMO,2022Q1,1.73,1.53,2022-05-30,20158354216.00,19079033124.00,2022-08-30,
fa6873dddddb37d90e9e9f26368bdb75,SY048,2022-08-30,AMC,2022Q2,1.30,1.16,2022-08-29,16657215672.00,17061540155.00,2022-11-29,
2370e7149eb90a993dccc1f1c9ca187f,SY048,2022-11-29,BMO,2022Q3,2.83,2.96,2022-11-28,18494918873.00,17633922224.00,2023-03-02,
220cab409d1e1398ecb62e27511b61fc,SY048,2023-03-02,BMO,2023Q4,2.46,2.31,2023-03-01,10350860048.00,10181246382.00,2023-06-01,
6c5fd99a5d1dee4988eab16ae10d414d,SY048,2023-06-01,AMC,2023Q1,2.09,2.03,2023-05-31,926811673.00,875254442.00,2023-08-31,
08b9333bc50d166397f34ce32af899b1,SY048,2023-08-31,AMC,2023Q2,1.26,1.26,2023-08-30,11821365821.00,11695364052.00,2023-11-30,
29af6fa4cd04c8f371671f917a7a4c70,SY048,2023-11-30,BMO,2023Q3,1.12,0.82,2023-11-29,20582073126.00,19522396484.00,2024-03-04,
281ea83acd32185b8bce42749c3ded46,SY048,2024-03-04,AMC,2024Q4,0.95,0.94,2024-03-03,1891801156.00,1933258472.00,2024-06-03,
d7ef0f606b8862119ed09c00cb5a1e7c,SY048,2024-06-03,AMC,2024Q1,2.04,2.07,2024-06-02,18490868781.00,19149373821.00,2024-09-03,
55d4a09fbb9d6c992c10192e1cacdc03,SY048,2024-09-03,AMC,2024Q2,2.88,2.68,2024-09-02,4573896738.00,4679052772.00,2024-12-02,
c10b33970de4d38726d34a7322a39d03,SY048,2024-12-02,AMC,2024Q3,1.57,1.67,2024-12-01,2377412995.00,2383828114.00,2025-03-06,
737acf8dd4c849777d2372aafccd34e7,SY048,2025-03-06,AMC,2025Q4,1.59,1.31,2025-03-05,2191288684.00,2198407611.00,2025-06-05,
d8b0dc4b4281641b2b6d1c982870a886,SY048,2025-06-05,AMC,2025Q1,2.95,2.87,2025-06-04,17834382554.00,17324383274.00,2025-09-05,
d9e43151ebc30002a62fab8b085dbd34,SY048,2025-09-05,AMC,2025Q2,1.50,0.79,2025-09-04,5523336452.00,5510999681.00,2025-12-04,
c6cd6a1c53d647cc65b53b85406504c7,SY048,2025-12-04,BMO,2025Q3,0.18,0.51,2025-12-03,18473464341.00,18648676558.00,,
a4d5db05c285f6a0b075f56c1f574794,SY049,2019-06-20,AMC,2019Q1,3.10,2.91,2019-06-19,18351566582.00,16911010035.00,2019-09-19,
8c90928d0b6364b401907f1bed331b97,SY049,2019-09-19,BMO,2019Q2,2.03,2.33,2019-09-18,15527574447.00,15952530186.00,2019-12-18,
e636daf2c7b9552e73cc3a0df70b93d3,SY049,2019-12-18,BMO,2019Q3,0.56,0.51,2019-12-17,795815433.00,790706607.00,2020-03-20,
af198a591333433c9656d42814102706,SY049,2020-03-20,BMO,2020Q4,0.61,1.03,2020-03-19,8191654560.00,8310961713.00,2020-06-19,2020-04-03
978d158c429b5004d131d5408f35826a,SY049,2020-06-19,BMO,2020Q1,1.85,1.57,2020-06-18,9946897762.00,9507872368.00,2020-09-18,2020-07-14
8b0baac21d1eb64a28ab72164754fe52,SY049,2020-09-18,BMO,2020Q2,1.19,1.00,2020-09-17,4508096934.00,4427602296.00,2020-12-17,
4f4d560aadd0e3093c437b6a7c0449a1,SY049,2020-12-17,BMO,2020Q3,0.81,0.76,2020-12-16,3482136598.00,3556307052.00,2021-03-22,
f90ecb4e75ab3c11ffd9179920ab57d2,SY049,2021-03-22,AMC,2021Q4,1.80,1.93,2021-03-21,11903383648.00,11721808422.00,2021-06-21,
dcc0395fb3c8b7488e7b96276b8c5bb7,SY049,2021-06-21,AMC,2021Q1,0.85,0.90,2021-06-20,3328651936.00,3291729971.00,2021-09-20,2021-07-07
339fe1946dfd90587a104f295a192428,SY049,2021-09-20,BMO,2021Q2,0.87,0.80,2021-09-19,20771584006.00,19847206665.00,2021-12-17,
d9a3104d63a42866fbeb2beaec673e4b,SY049,2021-12-17,AMC,2021Q3,1.94,2.01,2021-12-16,3403971543.00,3765900255.00,2022-03-21,
1552eec5d6f8fa68ffa80ec5f52da569,SY049,2022-03-21,AMC,2022Q4,1.26,1.16,2022-03-20,9697006968.00,9725150457.00,2022-06-21,
8e9563304770d489fe8de64a5e8736cd,SY049,2022-06-21,BMO,2022Q1,3.01,2.85,2022-06-20,12775962385.00,13288171585.00,2022-09-20,
cc22b3d2a54b30a7b3fd25b63e2b8dd5,SY049,2022-09-20,BMO,2022Q2,1.15,0.89,2022-09-19,3272207804.00,3291094231.00,2022-12-19,
20cf7be46400e24e7df990d941866ec0,SY049,2022-12-19,BMO,2022Q3,2.17,2.39,2022-12-18,7111692302.00,6857168173.00,2023-03-22,
3247a8d8e25432ff291e787cb85cb7ae,SY049,2023-03-22,AMC,2023Q4,2.08,2.02,2023-03-21,17263227176.00,17590153923.00,2023-06-22,
f646a5b794842b72625da914f8bb03e5,SY049,2023-06-22,BMO,2023Q1,0.74,0.84,2023-06-21,13688739126.00,13814668324.00,2023-09-21,
e1b12294c0785da35ed368f4352d8a67,SY049,2023-09-21,AMC,2023Q2,2.94,2.72,2023-09-20,9515225489.00,9682731542.00,2023-12-20,
b129205d7ad94c9ca6d9e08eed84ae49,SY049,2023-12-20,BMO,2023Q3,2.26,2.24,2023-12-19,1221683256.00,1229297855.00,2024-03-22,
334cf74a670acb0c46083a0f69fafa8a,SY049,2024-03-22,BMO,2024Q4,2.59,2.77,2024-03-21,3319750609.00,3529476370.00,2024-06-24,
f5f4891800d66bed2c6cfab51b0ebb53,SY049,2024-06-24,AMC,2024Q1,1.99,2.16,2024-06-23,12400879186.00,12636727825.00,2024-09-23,
5d62524a24d99951ff91a2a3166f9407,SY049,2024-09-23,BMO,2024Q2,1.09,0.93,2024-09-22,4839890944.00,4595059092.00,2024-12-20,
1e8d2e59d4ab13d5e5c0bff3ac6a5514,SY049,2024-12-20,AMC,2024Q3,1.32,1.16,2024-12-19,2850117827.00,2790140242.00,2025-03-26,
dfea7977cc67c4dd4f3faf3d8e56fe7d,SY049,2025-03-26,BMO,2025Q4,3.05,2.80,2025-03-25,9972094641.00,10337048098.00,2025-06-26,
1769d7023e39fe64422116b5b3966514,SY049,2025-06-26,BMO,2025Q1,2.60,2.04,2025-06-25,13535501900.00,13909020280.00,2025-09-25,
b737d725d3301ca46018ee0f7b581ced,SY049,2025-09-25,AMC,2025Q2,0.43,0.98,2025-09-24,2542122516.00,2540442290.00,2025-12-24,
b97ca8a19c30faf2643ba5e774bd8b94,SY049,2025-12-24,AMC,2025Q3,2.03,1.66,2025-12-23,18570187152.00,19117342572.00,,
b1a47fea4ce299f067934dd8f28de765,SY050,2019-04-04,AMC,2019Q1,2.08,1.84,2019-04-03,13538512623.00,13672945722.00,2019-07-05,2019-04-12
fa28d7f66e0eecfd4cc7da04c25519f4,SY050,2019-07-05,BMO,2019Q2,0.71,1.04,2019-07-04,11771796093.00,11756832339.00,2019-10-03,
41b0dbfb300528fd50fe58d81c539bba,SY050,2019-10-03,AMC,2019Q3,0.91,0.78,2019-10-02,13783169410.00,13199912790.00,2020-01-03,
230c27b2fdfa593bb0f73a2f0476acb6,SY050,2020-01-03,BMO,2020Q4,2.01,1.99,2020-01-02,5800971116.00,6043044518.00,2020-04-03,
2e3a96c2a59aa0746bce08707645c4a5,SY050,2020-04-03,AMC,2020Q1,2.07,2.08,2020-04-02,14682127932.00,14143631452.00,2020-07-06,
f70f5a7fbd011155473e02c3dc293177,SY050,2020-07-06,BMO,2020Q2,0.69,0.82,2020-07-05,9199045831.00,8854213998.00,2020-10-02,
df150b6ca4681d634264942ea22034d4,SY050,2020-10-02,AMC,2020Q3,1.68,1.60,2020-10-01,14400045909.00,14083023313.00,2021-01-04,
55250118f6925b060437e334f5d4fe48,SY050,2021-01-04,BMO,2021Q4,0.95,1.00,2021-01-03,5702713425.00,5928560278.00,2021-04-06,
fdd3a1ca89956fb11ab0e309ded79926,SY050,2021-04-06,AMC,2021Q1,0.82,1.23,2021-04-05,14522094760.00,14394052413.00,2021-07-06,
cb4253620fa24911c600a530bc7b0708,SY050,2021-07-06,BMO,2021Q2,1.91,1.98,2021-07-05,8007441941.00,8227156422.00,2021-10-04,
77d2e397ec3d8258905abefaf0d1274b,SY050,2021-10-04,BMO,2021Q3,1.12,1.34,2021-10-03,8106143166.00,8362581441.00,2022-01-03,
5582ec5180de9e695b235c53ffa7dbe7,SY050,2022-01-03,AMC,2022Q4,0.86,0.83,2022-01-02,4340284667.00,4328876876.00,2022-04-04,
b7e952a89522de63395ec052ff5373c6,SY050,2022-04-04,BMO,2022Q1,0.99,0.79,2022-04-03,20035388105.00,19582554148.00,2022-07-06,
8f6931ac310a267120d32da7a9b8aad9,SY050,2022-07-06,AMC,2022Q2,2.20,2.23,2022-07-05,1329591378.00,1304232230.00,2022-10-04,
efa0d0a56e9389376ca921afbc8a2f2f,SY050,2022-10-04,AMC,2022Q3,0.92,1.55,2022-10-03,5052890452.00,5065670537.00,2023-01-04,
d6069217d5d91902ec9a635fa0cb0ba3,SY050,2023-01-04,BMO,2023Q4,1.19,1.29,2023-01-03,8079832418.00,7805283690.00,2023-04-05,
e241ac3521a2261c355f777eff2d2742,SY050,2023-04-05,BMO,2023Q1,2.63,2.94,2023-04-04,9219803607.00,9471133532.00,2023-07-07,
2bb848c2a6a38db1c235eb62c57d9735,SY050,2023-07-07,BMO,2023Q2,0.92,0.96,2023-07-06,2344371292.00,2557281303.00,2023-10-05,
7b4bc0f11b846cb8ad691986451465cf,SY050,2023-10-05,BMO,2023Q3,1.79,1.36,2023-10-04,13657113090.00,13319180470.00,2024-01-05,
56a247ee0366a2eef59c220029f86c56,SY050,2024-01-05,BMO,2024Q4,1.30,1.30,2024-01-04,7441601784.00,6998550671.00,2024-04-08,
993912bfca0ab4cddaf6aa172443e641,SY050,2024-04-08,AMC,2024Q1,1.67,1.62,2024-04-07,7943974101.00,8027964824.00,2024-07-09,
b52049ee29220fc9c438b09bc0d531ae,SY050,2024-07-09,BMO,2024Q2,2.22,2.29,2024-07-08,7414166089.00,7173586852.00,2024-10-07,
b9b0c478cb96f775d961804d48f83279,SY050,2024-10-07,AMC,2024Q3,0.66,0.75,2024-10-06,6411299166.00,6452415613.00,2025-01-07,2024-10-22
ed795fae747b13388f6e0681ac938c8b,SY050,2025-01-07,BMO,2025Q4,1.40,1.39,2025-01-06,12073056410.00,11717339546.00,2025-04-09,
7013e91ce7cb5a0630f45ee5f4f4bf18,SY050,2025-04-09,BMO,2025Q1,1.67,1.52,2025-04-08,15114838063.00,14863481162.00,2025-07-11,
4a68aac74554fa3c25897f3426c910b3,SY050,2025-07-11,BMO,2025Q2,0.49,0.68,2025-07-10,19020027774.00,19958334804.00,2025-10-09,
db9970a706f553c2c6f163a222aa1002,SY050,2025-10-09,BMO,2025Q3,1.16,0.71,2025-10-08,1360472088.00,1335535118.00,,
5b267e2f89fdf15b03fe07810981c63b,SY051,2019-06-13,AMC,2019Q1,1.83,1.85,2019-06-12,15739333160.00,15948134937.00,2019-09-12,
6a7de8d978e6894f32c5c736aae0412e,SY051,2019-09-12,BMO,2019Q2,2.50,2.44,2019-09-11,8979930332.00,9301944013.00,2019-12-11,
f0d6827afacf55e65aac9907f5c123bb,SY051,2019-12-11,AMC,2019Q3,2.12,1.59,2019-12-10,7345032138.00,7060380601.00,2020-03-13,
499fab12d15f603a23d431c15610a159,SY051,2020-03-13,AMC,2020Q4,1.22,1.30,2020-03-12,3010116869.00,3075996465.00,2020-06-12,
f899ffef7ed0416514853c083f9f5257,SY051,2020-06-12,BMO,2020Q1,1.97,1.48,2020-06-11,17207456932.00,17856618523.00,2020-09-11,
4821e1bd1c06e9368bdf7cd05913ae6f,SY051,2020-09-11,BMO,2020Q2,2.75,2.64,2020-09-10,1144695044.00,1127771514.00,2020-12-10,
cb23b5797c0b3ceca55991ba564bf95d,SY051,2020-12-10,BMO,2020Q3,1.19,1.44,2020-12-09,6855674034.00,7119690101.00,2021-03-15,
5a53655c26d0a132c5ce1e71445b3694,SY051,2021-03-15,BMO,2021Q4,1.42,1.17,2021-03-14,4728276290.00,4582262197.00,2021-06-14,
7b865cd989c99a3609f7bf42b64f4c3f,SY051,2021-06-14,AMC,2021Q1,1.60,1.51,2021-06-13,12934672850.00,12840085053.00,2021-09-13,
b9288a2e2bef123a4d9f9c58bd7897c9,SY051,2021-09-13,BMO,2021Q2,2.75,2.60,2021-09-12,17051777942.00,16814446059.00,2021-12-10,
326e0f1c13fcd023c4643adf25a0e4cb,SY051,2021-12-10,BMO,2021Q3,1.50,1.05,2021-12-09,5974539455.00,5716763730.00,2022-03-14,
d96af46d4969e35a11c180322d1acc21,SY051,2022-03-14,BMO,2022Q4,1.79,1.51,2022-03-13,4657144047.00,4466155280.00,2022-06-13,
efd470b618bd40c2784d7261b21d7e86,SY051,2022-06-13,BMO,2022Q1,0.68,0.71,2022-06-12,2520908952.00,2555372796.00,2022-09-13,
989e97d0d9c5f750e2ffdb144e2137f9,SY051,2022-09-13,BMO,2022Q2,0.98,1.25,2022-09-12,12239736810.00,12375748104.00,2022-12-12,
84720ed77a3066c0fc9c73f451bd1665,SY051,2022-12-12,BMO,2022Q3,0.92,0.71,2022-12-11,15361429520.00,14740535369.00,2023-03-15,
10d9c92db797b842bb7a60a227da65f2,SY051,2023-03-15,AMC,2023Q4,1.14,1.27,2023-03-14,5772465636.00,5647228261.00,2023-06-14,
3b6f78973bbd489fb72f68807f9c735d,SY051,2023-06-14,AMC,2023Q1,2.65,2.65,2023-06-13,19819794644.00,19820858876.00,2023-09-14,
57d114dd67b7c122bef41c2fcb0637b0,SY051,2023-09-14,AMC,2023Q2,2.69,2.44,2023-09-13,1226772070.00,1229501305.00,2023-12-13,
c1d68e01aa68e5a0048ebdc6e1ef990d,SY051,2023-12-13,BMO,2023Q3,3.04,2.67,2023-12-12,6632100769.00,6638985162.00,2024-03-15,
0cb3c87ba1e7599c0ea44560680f80b9,SY051,2024-03-15,BMO,2024Q4,2.83,2.97,2024-03-14,3843424110.00,3774453996.00,2024-06-14,
0b9bc8fc06825716f5eb170d48c707ec,SY051,2024-06-14,BMO,2024Q1,0.78,0.66,2024-06-13,8266080564.00,8022186110.00,2024-09-16,
ddf2a2a57fe9a625761457c84942cd03,SY051,2024-09-16,BMO,2024Q2,3.16,2.75,2024-09-15,6150298081.00,6069334419.00,2024-12-13,
5c959e16776e59b8afb9d47ca7a1cae9,SY051,2024-12-13,AMC,2024Q3,1.08,0.99,2024-12-12,10090427994.00,9863213410.00,2025-03-19,
f6b87a6c2b4e554dbc00374ff7ee60fa,SY051,2025-03-19,AMC,2025Q4,2.56,2.31,2025-03-18,12899831433.00,12377523732.00,2025-06-18,
c98396209c6c85bf51283e66331ae51f,SY051,2025-06-18,BMO,2025Q1,1.21,1.25,2025-06-17,9328624351.00,9491599269.00,2025-09-18,
d8eb0a01a4aa815563fe73aa3e2000d5,SY051,2025-09-18,BMO,2025Q2,0.99,1.10,2025-09-17,8289628012.00,8715846555.00,2025-12-17,
a2da48c4912ee90e335852567d168e3a,SY051,2025-12-17,AMC,2025Q3,2.78,2.72,2025-12-16,16002225453.00,15805891887.00,,
5959991d0ef1f89932fd46851944cc33,SY052,2019-04-08,AMC,2019Q1,2.58,2.45,2019-04-07,11235916583.00,11331365671.00,2019-07-09,
cbb81d2aeb25561a5c3d4b45f7c73a40,SY052,2019-07-09,AMC,2019Q2,2.76,3.00,2019-07-08,10355748354.00,10469392463.00,2019-10-07,
c3757ed8a3bd58923517000a67355864,SY052,2019-10-07,AMC,2019Q3,0.87,0.93,2019-10-06,19161502115.00,19620918749.00,2020-01-07,
71394f2e351032a7b365610b06d8e20d,SY052,2020-01-07,BMO,2020Q4,1.91,1.76,2020-01-06,5928732197.00,5822884074.00,2020-04-07,
ab2316e099b5b2b167cfba39fa601e7d,SY052,2020-04-07,AMC,2020Q1,2.26,2.49,2020-04-06,10171222156.00,10408010870.00,2020-07-08,
9e4481a7ebd459ae66cd67a7475a4606,SY052,2020-07-08,BMO,2020Q2,0.63,0.54,2020-07-07,14492565665.00,13809806735.00,2020-10-06,
563afa09631da432f6268b510b6d4d02,SY052,2020-10-06,BMO,2020Q3,1.71,1.83,2020-10-05,12326660466.00,12698373239.00,2021-01-06,
c9660d75ec84a05848b6ed606c96341e,SY052,2021-01-06,BMO,2021Q4,1.13,1.21,2021-01-05,18676467072.00,18419393765.00,2021-04-08,
e8e400524a74883c2394b98189e9f317,SY052,2021-04-08,AMC,2021Q1,2.38,2.09,2021-04-07,12138875752.00,12683481100.00,2021-07-08,2021-04-23
150dd67da11a3b82f071ea4a69f15aac,SY052,2021-07-08,BMO,2021Q2,1.87,2.17,2021-07-07,13062370928.00,12848400639.00,2021-10-06,
0f61dfdbbbcd5f3351a2a06e435f1838,SY052,2021-10-06,AMC,2021Q3,0.59,0.70,2021-10-05,3830313619.00,3706997882.00,2022-01-05,
0253b45009669487ff692ce9643b381d,SY052,2022-01-05,BMO,2022Q4,2.39,2.23,2022-01-04,9530413122.00,10044937297.00,2022-04-06,
4818f3557fc79966d3491e87abc69d35,SY052,2022-04-06,BMO,2022Q1,1.36,1.05,2022-04-05,13988605579.00,13885567905.00,2022-07-08,
27cb195e4bc229e66b7c09459f0fc4b7,SY052,2022-07-08,BMO,2022Q2,0.23,0.56,2022-07-07,15271909692.00,14319921524.00,2022-10-06,
60cd42e6da26f56f86a1c62a7fbcf311,SY052,2022-10-06,BMO,2022Q3,2.02,2.15,2022-10-05,8868283532.00,8417156129.00,2023-01-06,
461be2bd9df9bd2a1f12f32e6df285bf,SY052,2023-01-06,AMC,2023Q4,0.81,1.22,2023-01-05,13486705023.00,13450884426.00,2023-04-10,
6346d1e6030fd124bfa7448ddf9a316e,SY052,2023-04-10,AMC,2023Q1,1.18,1.17,2023-04-09,12854377388.00,12689339606.00,2023-07-11,
9c692e3a9b9fefd4202fd8b7fa635764,SY052,2023-07-11,BMO,2023Q2,2.37,2.12,2023-07-10,11923625220.00,11477693404.00,2023-10-09,
494a50edcde5c65b5c0d804e8a7fd177,SY052,2023-10-09,BMO,2023Q3,0.96,0.90,2023-10-08,9595385319.00,9734424821.00,2024-01-09,
d3b5311e2c6466c9b28c166dc27cb821,SY052,2024-01-09,BMO,2024Q4,1.96,2.13,2024-01-08,4923600845.00,4767438859.00,2024-04-10,
50d0437073981b9102a7c67cfcbd52a7,SY052,2024-04-10,BMO,2024Q1,3.30,2.98,2024-04-09,9808717493.00,10279853138.00,2024-07-11,
3ef772f1e3f7bafe35a3946a59bfa7ef,SY052,2024-07-11,AMC,2024Q2,1.40,0.89,2024-07-10,15671383896.00,15285066821.00,2024-10-09,
ffb50cf495361906f07bf5998967cb5d,SY052,2024-10-09,AMC,2024Q3,2.61,2.50,2024-10-08,1428683672.00,1378540082.00,2025-01-10,
cb2253dec1da27cadb40040cf10d7fad,SY052,2025-01-10,AMC,2025Q4,2.17,1.93,2025-01-09,7984301926.00,7705496271.00,2025-04-11,
cc8a62b74716392d77aff36d504147d8,SY052,2025-04-11,AMC,2025Q1,2.52,2.77,2025-04-10,10361258549.00,10402054196.00,2025-07-15,
ff31b576fcbfb64bb4e1e53fe8d33c3f,SY052,2025-07-15,AMC,2025Q2,1.29,1.19,2025-07-14,7359668909.00,7236201950.00,2025-10-13,2025-07-25
741ef222d54a2a368f336139573ed91b,SY052,2025-10-13,BMO,2025Q3,0.50,0.51,2025-10-12,5012231644.00,4861635539.00,,
d68749a9f48a9c837882153d17923536,SY053,2019-06-04,BMO,2019Q1,0.60,0.50,2019-06-03,18349218479.00,18612017847.00,2019-09-03,
3927c47e046f2857efdaa062234a5d72,SY053,2019-09-03,BMO,2019Q2,0.96,1.26,2019-09-02,6962902651.00,6988259330.00,2019-12-02,2019-09-17
3feec468fc85b6a10b373c8bf2311185,SY053,2019-12-02,BMO,2019Q3,1.25,1.49,2019-12-01,18489090787.00,18943680292.00,2020-03-04,
ba50f03a48d5b87da8ffc61b40ca29fb,SY053,2020-03-04,BMO,2020Q4,2.52,2.17,2020-03-03,4249231558.00,4082668417.00,2020-06-03,2020-03-31
3de9f21d471c2803a454b3f00bfdd9e2,SY053,2020-06-03,AMC,2020Q1,0.76,0.53,2020-06-02,11761018162.00,11505614064.00,2020-09-01,
c130fbb669a97e50f6ea08d0dc0e3738,SY053,2020-09-01,BMO,2020Q2,2.19,2.57,2020-08-31,5839656298.00,5927415323.00,2020-12-01,
b96290ae06354a29f0b51a935f10f903,SY053,2020-12-01,AMC,2020Q3,1.99,1.89,2020-11-30,3852610284.00,3765657718.00,2021-03-04,
179008922cd1310f426709d3698d64a1,SY053,2021-03-04,AMC,2021Q4,1.32,1.05,2021-03-03,9377452832.00,9704016225.00,2021-06-03,
ca5823ca235017d9391c47fd5a3a57e7,SY053,2021-06-03,BMO,2021Q1,1.23,1.37,2021-06-02,2750571630.00,2832023048.00,2021-09-01,2021-06-14
c55413f7721ae0f4a5131b05b1dbed3c,SY053,2021-09-01,AMC,2021Q2,2.68,2.69,2021-08-31,15459026105.00,15292282290.00,2021-12-01,
e94535a38b7308d734c3b5f00d0400e8,SY053,2021-12-01,BMO,2021Q3,2.01,1.95,2021-11-30,19968893961.00,19169126867.00,2022-03-03,
074665935c3d27e7783a287cd9a75136,SY053,2022-03-03,BMO,2022Q4,2.12,2.06,2022-03-02,6191298245.00,6242216945.00,2022-06-02,
8a339edb801051bbf45971663a9c5213,SY053,2022-06-02,BMO,2022Q1,2.97,2.81,2022-06-01,18731359878.00,18948436261.00,2022-09-01,
39e7166d219d90c0cc21954f65b0ebd6,SY053,2022-09-01,BMO,2022Q2,0.96,0.54,2022-08-31,2774618059.00,2640697128.00,2022-12-01,
f9e924a024dcffcc8c149fd20ff870d2,SY053,2022-12-01,AMC,2022Q3,0.96,1.12,2022-11-30,14251604349.00,14158064168.00,2023-03-06,
3dc4e3b3a4ab3dcd8d967142bd59a3dc,SY053,2023-03-06,BMO,2023Q4,0.87,0.57,2023-03-05,15053664925.00,15557700164.00,2023-06-05,
05032c6edc1811008969b579876f7a91,SY053,2023-06-05,AMC,2023Q1,2.13,2.03,2023-06-04,17291289630.00,17714257759.00,2023-09-05,2023-06-22
e9b039bea97192d8c37b475e95076c43,SY053,2023-09-05,AMC,2023Q2,1.80,1.67,2023-09-04,5030543294.00,4934181654.00,2023-12-04,
21248df2fd80ae07054f5658e06db64c,SY053,2023-12-04,AMC,2023Q3,2.15,2.19,2023-12-03,1952334944.00,2093527756.00,2024-03-06,
01b9c2884c4dd28f758e3f5a48014b1a,SY053,2024-03-06,AMC,2024Q4,1.95,2.16,2024-03-05,3588723388.00,3386908653.00,2024-06-05,
e0aee750fe810ed8dab657e088479f0d,SY053,2024-06-05,BMO,2024Q1,2.44,2.26,2024-06-04,3512709997.00,3579471214.00,2024-09-05,
2a3e50fc8baf67fc1a07c44fd11acd5f,SY053,2024-09-05,BMO,2024Q2,0.54,0.68,2024-09-04,3979590244.00,3858435755.00,2024-12-04,
2eb768273fe9a72342d77ecca754d33c,SY053,2024-12-04,AMC,2024Q3,2.51,2.81,2024-12-03,5606139523.00,5575820862.00,2025-03-10,
548a365ba3a081eda91582c1f85c431d,SY053,2025-03-10,BMO,2025Q4,1.50,1.69,2025-03-09,9457325339.00,9636501616.00,2025-06-09,2025-03-18
66cdf81cd37565cbed5b405d7f68731f,SY053,2025-06-09,AMC,2025Q1,2.99,2.90,2025-06-08,11107370001.00,10919920249.00,2025-09-09,
a649826e1d3b6e1285ca5d735c0fc782,SY053,2025-09-09,BMO,2025Q2,2.49,2.68,2025-09-08,14746073705.00,15241122663.00,2025-12-08,
95c865fc2d3f3024382fec7861306fdd,SY053,2025-12-08,BMO,2025Q3,1.01,1.01,2025-12-07,20137011485.00,19387157902.00,,
c4a159a363b9e36f985078094434e2e4,SY054,2019-04-23,BMO,2019Q1,1.72,1.93,2019-04-22,11121544312.00,11510307942.00,2019-07-23,
97adf845cbc29d2647272e95b272ac53,SY054,2019-07-23,AMC,2019Q2,1.32,1.82,2019-07-22,15407470249.00,15133914027.00,2019-10-21,
294c2ca58fcec3614602db15b8611d36,SY054,2019-10-21,BMO,2019Q3,0.55,0.67,2019-10-20,4766545379.00,4625912071.00,2020-01-22,
dace00c1a23a139bc2680c134c7a4c03,SY054,2020-01-22,BMO,2020Q4,1.50,1.24,2020-01-21,3305662400.00,3177879934.00,2020-04-22,
be75e4a4efc516ef8a0426af4b8b2db9,SY054,2020-04-22,BMO,2020Q1,2.25,2.47,2020-04-21,20042912055.00,19431906151.00,2020-07-22,2020-05-12
63b8ab2c8beb78bed41fe2b0b38e8d9a,SY054,2020-07-22,BMO,2020Q2,0.73,0.71,2020-07-21,13979729374.00,13449947401.00,2020-10-20,
9d5ed14b913500f1faf9fe4ec3b9b336,SY054,2020-10-20,BMO,2020Q3,1.04,1.08,2020-10-19,6241562924.00,6272782659.00,2021-01-21,
ceb48f41c66e8c192c535029dae406e8,SY054,2021-01-21,BMO,2021Q4,2.67,2.68,2021-01-20,3548445533.00,3523165045.00,2021-04-22,
3841d67fc5028fe8fceaf64c254c9c7a,SY054,2021-04-22,BMO,2021Q1,1.97,2.15,2021-04-21,12218047415.00,12407272236.00,2021-07-22,
29a573209fa353486e8eda13120df5d8,SY054,2021-07-22,AMC,2021Q2,2.58,2.57,2021-07-21,1700240232.00,1706852394.00,2021-10-20,
dcaf126dd4358ae34f94af90a268f1b0,SY054,2021-10-20,BMO,2021Q3,1.77,2.12,2021-10-19,10027088724.00,10100274335.00,2022-01-20,
2194c60a7ba7fef34c09a06087abc604,SY054,2022-01-20,BMO,2022Q4,1.33,1.55,2022-01-19,13642114361.00,13473418451.00,2022-04-21,
a29ee45418354090deafadc54265addb,SY054,2022-04-21,AMC,2022Q1,0.59,1.04,2022-04-20,7272407753.00,7306026883.00,2022-07-22,
d942800d401ea341343822ada7cce72f,SY054,2022-07-22,BMO,2022Q2,0.94,0.96,2022-07-21,5572125225.00,5192973899.00,2022-10-20,
6dbb566ad9aeb35e87b6f1f75d43273c,SY054,2022-10-20,AMC,2022Q3,1.74,1.52,2022-10-19,1507509920.00,1456106860.00,2023-01-23,
d04fa9425d5855c62a2a867a7433454f,SY054,2023-01-23,BMO,2023Q4,0.55,0.61,2023-01-22,18747885334.00,18998945128.00,2023-04-24,2023-02-16
fd639531b649cc6a10cdd3e41c3feeb1,SY054,2023-04-24,AMC,2023Q1,2.04,1.97,2023-04-23,17467987898.00,18101325075.00,2023-07-25,
396d8978ae4634d065fbf8f9fce21a75,SY054,2023-07-25,BMO,2023Q2,0.83,1.07,2023-07-24,14885614219.00,15464439996.00,2023-10-23,
3d27ef7f368d753467a0ba97b7a02b9e,SY054,2023-10-23,BMO,2023Q3,2.10,2.56,2023-10-22,7760033397.00,7882785801.00,2024-01-24,
0be5cd1314683e00535f05a8aa9940bf,SY054,2024-01-24,AMC,2024Q4,2.50,2.41,2024-01-23,12833885559.00,12872357710.00,2024-04-24,
35f6b82a8048ac6b2634399d334a2e1d,SY054,2024-04-24,AMC,2024Q1,2.20,2.20,2024-04-23,8508615269.00,8557330126.00,2024-07-25,
622cb0be2b8680e4d74d123e6c286fe3,SY054,2024-07-25,BMO,2024Q2,2.91,2.72,2024-07-24,7876014386.00,7671224915.00,2024-10-23,
9a2622af69dbc25c34597124a7525d1c,SY054,2024-10-23,BMO,2024Q3,2.77,2.62,2024-10-22,1552029153.00,1675939461.00,2025-01-27,
39afabafda68a07cc918e5b578700dec,SY054,2025-01-27,AMC,2025Q4,1.17,1.43,2025-01-26,11118956546.00,11063859141.00,2025-04-28,
9915c5d90da21552d6b181e2dd50d8e3,SY054,2025-04-28,BMO,2025Q1,2.04,1.76,2025-04-27,2306659851.00,2175706817.00,2025-07-29,
0b6a433666f31fc495551f7c951218ad,SY054,2025-07-29,BMO,2025Q2,2.56,2.67,2025-07-28,3850115540.00,3969550658.00,2025-10-27,2025-08-19
1d231d38566509c44137faf4df167800,SY054,2025-10-27,BMO,2025Q3,2.44,2.06,2025-10-26,10883747874.00,10718818840.00,,
8ac268ab1b256e20bab8e85645a79382,SY055,2019-05-16,BMO,2019Q1,2.36,2.37,2019-05-15,9233781275.00,9694316975.00,2019-08-15,
221e88dfd88d681249e547f033039440,SY055,2019-08-15,BMO,2019Q2,2.01,2.18,2019-08-14,17185093081.00,17041120398.00,2019-11-13,
e25c5c7843fdad5c162b221047b8265b,SY055,2019-11-13,BMO,2019Q3,3.06,2.99,2019-11-12,8156568476.00,8165269397.00,2020-02-14,
915966188102ab31991ce85f523eec10,SY055,2020-02-14,AMC,2020Q4,1.59,1.65,2020-02-13,11079815128.00,10722260752.00,2020-05-15,
c315349c592fcb2f3bb5a8d88ebbca6a,SY055,2020-05-15,AMC,2020Q1,1.63,1.41,2020-05-14,18274241546.00,18487486837.00,2020-08-14,
b937ccf632eba4a497b6c027c6e985f1,SY055,2020-08-14,BMO,2020Q2,1.42,0.78,2020-08-13,4297710675.00,4070773922.00,2020-11-12,
aa969ce7f4e0254d65f122e1644944d6,SY055,2020-11-12,BMO,2020Q3,1.29,1.32,2020-11-11,887520290.00,846716941.00,2021-02-16,
13877b950586fcf1d9129603f86193eb,SY055,2021-02-16,BMO,2021Q4,2.90,2.66,2021-02-15,7216197707.00,7321230395.00,2021-05-17,
f14e66bae3264a9ceefda8a859d8427e,SY055,2021-05-17,BMO,2021Q1,1.59,1.88,2021-05-16,14428685498.00,14023959104.00,2021-08-16,
38b746ed60c56eceb733c13273b0b1c2,SY055,2021-08-16,BMO,2021Q2,3.23,2.73,2021-08-15,12460351601.00,12535256287.00,2021-11-12,
a9ad576730739cf89c845c14e44f3789,SY055,2021-11-12,BMO,2021Q3,1.09,1.14,2021-11-11,1750189601.00,1775146793.00,2022-02-14,
9ea5523f354d65ce5ce1a0268dd71c7c,SY055,2022-02-14,AMC,2022Q4,1.06,1.11,2022-02-13,19970158841.00,19714587331.00,2022-05-16,
f66d83675aa11df58fb7d36ad390d679,SY055,2022-05-16,BMO,2022Q1,1.84,2.25,2022-05-15,4480662781.00,4333269387.00,2022-08-16,
768f97870a64521b2e394f27d48313f1,SY055,2022-08-16,AMC,2022Q2,0.71,0.81,2022-08-15,10824944397.00,10745286205.00,2022-11-14,
7a168a29816e0a279f175e77f7478da3,SY055,2022-11-14,BMO,2022Q3,1.35,1.23,2022-11-13,18104798906.00,18172076069.00,2023-02-15,
b1a12b6f5896ba19261d1c72d2821ac6,SY055,2023-02-15,BMO,2023Q4,2.51,2.19,2023-02-14,17629309455.00,17586185447.00,2023-05-17,
35f8199ec9cb9ba0284583288a6a2364,SY055,2023-05-17,BMO,2023Q1,0.69,0.66,2023-05-16,20782591594.00,19599936709.00,2023-08-17,
c11bb215c6fcd30716fceb903f209d5f,SY055,2023-08-17,AMC,2023Q2,2.24,1.89,2023-08-16,14093958166.00,13430656231.00,2023-11-15,
6a1f29f445c833ad1e999369fdaa465c,SY055,2023-11-15,AMC,2023Q3,1.80,1.73,2023-11-14,3402241442.00,3267824547.00,2024-02-16,
dc917df014b12e28fa2be4cb6c9aca3c,SY055,2024-02-16,AMC,2024Q4,2.30,2.21,2024-02-15,1872901487.00,1943458762.00,2024-05-17,
f23ababf38ec3735b9b9c49a200a74e1,SY055,2024-05-17,AMC,2024Q1,2.02,2.01,2024-05-16,11867202742.00,11630510944.00,2024-08-19,
fe7fe59eaf087003de37d12cad3d291c,SY055,2024-08-19,AMC,2024Q2,3.17,3.00,2024-08-18,781746541.00,772096467.00,2024-11-15,
1a5feabbc565a65be048bea004c06bc5,SY055,2024-11-15,AMC,2024Q3,0.83,0.71,2024-11-14,18348632423.00,18042914927.00,2025-02-20,
b64b88c0c226ad00bc593670064437e7,SY055,2025-02-20,AMC,2025Q4,0.58,0.63,2025-02-19,12373020005.00,12933630993.00,2025-05-21,
667cf55561704c24396a82b9d82c4efa,SY055,2025-05-21,BMO,2025Q1,1.83,1.69,2025-05-20,12300667845.00,11982267717.00,2025-08-21,
1fbc2681247ede1ef7054d666548b303,SY055,2025-08-21,AMC,2025Q2,0.61,0.52,2025-08-20,8952236147.00,9057201523.00,2025-11-19,
2f5d9cacdc414df041778388b98b489a,SY055,2025-11-19,BMO,2025Q3,2.64,1.93,2025-11-18,10370910300.00,10102881318.00,,
8719f1b37decbd4971c9b5a8055ca37d,SY056,2019-06-25,AMC,2019Q1,2.57,2.61,2019-06-24,7855069551.00,7873797079.00,2019-09-24,
17998094996353335f727f441f7d8219,SY056,2019-09-24,BMO,2019Q2,2.56,2.51,2019-09-23,19706920268.00,19911159409.00,2019-12-23,
f2fe30cd26be36d20acdbe3b4ad7582b,SY056,2019-12-23,AMC,2019Q3,1.29,1.18,2019-12-22,17384456367.00,17484682486.00,2020-03-25,
eceb7193d8fd2381dbfb0ad45166cca9,SY056,2020-03-25,BMO,2020Q4,2.85,2.74,2020-03-24,12502286160.00,11943508830.00,2020-06-24,
53a7523488889df6f3261634566ca22f,SY056,2020-06-24,BMO,2020Q1,2.89,2.82,2020-06-23,2915675114.00,2829653389.00,2020-09-23,
37e290f41b110266a18e2b9f5f6c844f,SY056,2020-09-23,BMO,2020Q2,1.45,1.25,2020-09-22,6101938248.00,5832986949.00,2020-12-22,
1e5aeaae8347d801ee025ffb4517d30f,SY056,2020-12-22,AMC,2020Q3,2.66,2.52,2020-12-21,2364873289.00,2367707351.00,2021-03-25,
1aae81f9171e8cabd686a506fe4964fa,SY056,2021-03-25,AMC,2021Q4,2.76,2.55,2021-03-24,9541169409.00,9203878007.00,2021-06-24,
f76a255efeaf1238a7ed8ec1223b926f,SY056,2021-06-24,BMO,2021Q1,2.39,2.51,2021-06-23,11537023233.00,11258984954.00,2021-09-23,
275489c408c7fcabca23528eaad0f312,SY056,2021-09-23,AMC,2021Q2,2.35,2.55,2021-09-22,1628817594.00,1716025310.00,2021-12-22,
742f316ba0b26cae1931810b9ad27983,SY056,2021-12-22,BMO,2021Q3,2.13,2.22,2021-12-21,1110284260.00,1117921498.00,2022-03-24,
84a4776d87999bbaa1c81f98e65e739e,SY056,2022-03-24,AMC,2022Q4,1.22,1.45,2022-03-23,1926589759.00,2046867897.00,2022-06-24,
980b65d952b3570d6906b55c2f98c907,SY056,2022-06-24,BMO,2022Q1,2.70,2.64,2022-06-23,19189849590.00,19361502646.00,2022-09-23,2022-07-20
3ab77eca424947e010b1eaf58018ed4b,SY056,2022-09-23,BMO,2022Q2,2.93,2.78,2022-09-22,11499070950.00,10795081178.00,2022-12-22,2022-09-30
e3b816c72955aef6e38b735f86cca794,SY056,2022-12-22,AMC,2022Q3,2.00,1.78,2022-12-21,16712467301.00,18092705189.00,2023-03-27,
60d227f36ec9120563644c1b5abf7e47,SY056,2023-03-27,AMC,2023Q4,1.00,1.10,2023-03-26,1201236138.00,1232058587.00,2023-06-27,
b78d6ffd305252f173bf05af94a8cdc7,SY056,2023-06-27,AMC,2023Q1,1.27,1.47,2023-06-26,9025093344.00,8535571613.00,2023-09-26,
23e481baaafb3d54b199ab3f59d377a8,SY056,2023-09-26,BMO,2023Q2,1.88,1.98,2023-09-25,13603233983.00,13471772701.00,2023-12-26,
aed693785afefc8aaaa960ec5a49c03a,SY056,2023-12-26,AMC,2023Q3,0.44,0.52,2023-12-25,17490360612.00,17786375134.00,2024-03-27,2024-01-03
818ba8d35e917404f0922ab5bd9ecd4c,SY056,2024-03-27,BMO,2024Q4,2.36,2.09,2024-03-26,13286898231.00,12879271221.00,2024-06-27,
6262e8721292ab3a9aa2f26e1456aa18,SY056,2024-06-27,BMO,2024Q1,0.55,0.66,2024-06-26,18012538706.00,18844066345.00,2024-09-26,
0373d6c2b7ea0bdcb5b2e5a4ef76be30,SY056,2024-09-26,BMO,2024Q2,1.46,1.35,2024-09-25,13695862032.00,13159994251.00,2024-12-26,
6414de1505e37872ad6e196ca135fb77,SY056,2024-12-26,AMC,2024Q3,2.34,2.44,2024-12-25,8931145659.00,8992230521.00,2025-03-31,
d826938bd7850375529a807d6588c6ca,SY056,2025-03-31,BMO,2025Q4,0.63,0.69,2025-03-30,13100714606.00,13247791361.00,2025-07-01,
e77960a15d06de9bf52375f0146ef7c7,SY056,2025-07-01,BMO,2025Q1,1.99,2.06,2025-06-30,20157728063.00,19800774424.00,2025-09-30,
f5bba809beb56926c01f3ecdf7dff517,SY056,2025-09-30,AMC,2025Q2,1.84,1.71,2025-09-29,2171463144.00,2096922959.00,2025-12-30,
c5c94fd3dee8cefd78c6605065649e5b,SY057,2019-05-10,AMC,2019Q1,2.71,2.89,2019-05-09,5586578521.00,5633104675.00,2019-08-09,
21f96d9cf35f1478a31ff82a409a7d85,SY057,2019-08-09,AMC,2019Q2,1.27,1.20,2019-08-08,10505785582.00,10546621874.00,2019-11-07,
13bc4476aad90d484a82660043496d90,SY057,2019-11-07,BMO,2019Q3,1.60,1.66,2019-11-06,12206256044.00,12197956848.00,2020-02-10,
bcbe478c1539e81defd30cfc077a1cf2,SY057,2020-02-10,BMO,2020Q4,1.64,1.55,2020-02-09,10479811187.00,10300330090.00,2020-05-11,
303f4604fa4827e25cf3d8dc2bf9c2ec,SY057,2020-05-11,BMO,2020Q1,2.14,2.29,2020-05-10,13305909216.00,12782907721.00,2020-08-10,
6235101501f6e61b1441fa97dfeed9c8,SY057,2020-08-10,AMC,2020Q2,1.87,1.95,2020-08-09,639600803.00,674020406.00,2020-11-06,
da1e8b097d82927fa68fe531e4430464,SY057,2020-11-06,AMC,2020Q3,1.77,1.58,2020-11-05,12728407538.00,13011059437.00,2021-02-09,
2a26867311abb10d4cd77e0ba7931ff9,SY057,2021-02-09,AMC,2021Q4,0.90,0.52,2021-02-08,3119797310.00,3118726360.00,2021-05-11,
3ec4734aee2ddffe51c7caf2158c9c6d,SY057,2021-05-11,AMC,2021Q1,1.60,1.46,2021-05-10,10510463261.00,10423377221.00,2021-08-10,
e8d3d2415a4e78585796131034241924,SY057,2021-08-10,BMO,2021Q2,2.38,2.81,2021-08-09,14946000097.00,14821213435.00,2021-11-08,
2ade076e743d363fbf9c33c978b19383,SY057,2021-11-08,BMO,2021Q3,2.05,2.10,2021-11-07,14331090042.00,14018907983.00,2022-02-08,
ca028d5957cac59da4783a7a614e5f2c,SY057,2022-02-08,BMO,2022Q4,1.21,1.15,2022-02-07,5287200625.00,5484608065.00,2022-05-10,
e7970d648125b5ca6fd8c6152fc60f28,SY057,2022-05-10,BMO,2022Q1,2.24,2.19,2022-05-09,7128378834.00,7558545203.00,2022-08-10,
a58d6812055dfb93d6d8fe5911a5c021,SY057,2022-08-10,AMC,2022Q2,0.32,0.68,2022-08-09,8979630086.00,8748058570.00,2022-11-08,
b0367a97489838ab7eea0b1a88163b75,SY057,2022-11-08,AMC,2022Q3,0.49,0.65,2022-11-07,8690723283.00,8683930287.00,2023-02-09,
450cd466bbfdc3c3d03112c6b80d3b28,SY057,2023-02-09,BMO,2023Q4,0.62,1.00,2023-02-08,11062939986.00,11104747052.00,2023-05-11,
ca3b92bfab63ce0a1e06269aa608bba9,SY057,2023-05-11,AMC,2023Q1,1.53,1.30,2023-05-10,17053330918.00,16256414503.00,2023-08-11,
11becbb0b68569a87b2a6a99452c1f8f,SY057,2023-08-11,AMC,2023Q2,2.42,2.21,2023-08-10,9957039827.00,10173435058.00,2023-11-09,
10499dde38c8844ddd2a851b1a479b39,SY057,2023-11-09,BMO,2023Q3,1.15,1.22,2023-11-08,18424196845.00,18399280259.00,2024-02-12,
f17403c1dc76586e34a1b33f11a09904,SY057,2024-02-12,BMO,2024Q4,2.89,2.98,2024-02-11,6904324961.00,6858920888.00,2024-05-13,
e57bbdd9d38e0ef73ba6b77a5748bbad,SY057,2024-05-13,BMO,2024Q1,1.39,1.25,2024-05-12,5566128972.00,5708761445.00,2024-08-13,
7d62ae59a6c95a880467e41050a8ede3,SY057,2024-08-13,AMC,2024Q2,1.16,1.01,2024-08-12,7924446568.00,7957682036.00,2024-11-11,2024-09-10
5e2ec7e9dc4b161ff85f33b01f4b4395,SY057,2024-11-11,BMO,2024Q3,2.21,2.00,2024-11-10,11470720961.00,12689876243.00,2025-02-13,
b6ae1fe6cd27daa7dece042be34b1525,SY057,2025-02-13,BMO,2025Q4,1.38,1.41,2025-02-12,10675089535.00,10457508524.00,2025-05-15,
4bbcf1f69814e92b760855e6554516fe,SY057,2025-05-15,BMO,2025Q1,1.80,1.98,2025-05-14,15622861444.00,15641539495.00,2025-08-15,
539ef45fc613d43f2694cbd8e371b749,SY057,2025-08-15,AMC,2025Q2,0.88,0.67,2025-08-14,14006241089.00,13528839192.00,2025-11-13,
28d8a120aeddbf56ac454b386c3efdef,SY057,2025-11-13,AMC,2025Q3,2.71,2.61,2025-11-12,17158472006.00,16213969296.00,,
a97994d88083fa0d230ca7d695461812,SY058,2019-04-24,BMO,2019Q1,1.30,1.22,2019-04-23,12608466343.00,12326192387.00,2019-07-24,
292696327f711b79a631e88c75e89e09,SY058,2019-07-24,BMO,2019Q2,0.21,0.70,2019-07-23,13047409159.00,13683972948.00,2019-10-22,
42bb74c35341e4e5430d4febb3c410d8,SY058,2019-10-22,AMC,2019Q3,0.39,0.54,2019-10-21,10734770362.00,10745077003.00,2020-01-23,
e3e3fe5a28951d1ee6b976d5c3cecfcd,SY058,2020-01-23,BMO,2020Q4,2.03,2.02,2020-01-22,12513794473.00,12810157516.00,2020-04-23,
0c5a5f0a99dfca4180cd067a77c73118,SY058,2020-04-23,BMO,2020Q1,0.32,0.56,2020-04-22,12474653097.00,11928569214.00,2020-07-23,2020-05-06
360f96749f552d05c30f2ea4a0688277,SY058,2020-07-23,BMO,2020Q2,0.95,1.27,2020-07-22,3964824572.00,4083164736.00,2020-10-21,
028bffaecb322736ffe4003931a80ee0,SY058,2020-10-21,AMC,2020Q3,0.73,0.54,2020-10-20,1720662000.00,1793576656.00,2021-01-22,
58e5d5f779e83aeb87cf268d8b730c4d,SY058,2021-01-22,BMO,2021Q4,2.09,1.84,2021-01-21,777644003.00,807395691.00,2021-04-23,
88bfd4e8688f0e12d0bf61517cb48242,SY058,2021-04-23,BMO,2021Q1,2.01,1.88,2021-04-22,15287939144.00,15659095733.00,2021-07-23,
d31213665f0e745b9674815559b57b93,SY058,2021-07-23,BMO,2021Q2,2.77,2.43,2021-07-22,5356897888.00,5092346117.00,2021-10-21,
12fa7329cecc1a6b9c92aa2bbd802ff1,SY058,2021-10-21,BMO,2021Q3,0.55,0.88,2021-10-20,1780020269.00,1821655545.00,2022-01-21,
1a16c7ae795d8044e7ec6eb68e0ccec1,SY058,2022-01-21,BMO,2022Q4,1.37,1.64,2022-01-20,1271561934.00,1281334892.00,2022-04-22,
4224859c6468419684b7003f1cb778bb,SY058,2022-04-22,AMC,2022Q1,1.55,1.56,2022-04-21,17232875190.00,17731467863.00,2022-07-25,
1d825d31eb2083fa6843828ca4c6a0e9,SY058,2022-07-25,AMC,2022Q2,1.31,1.23,2022-07-24,9145475865.00,8800413304.00,2022-10-21,
80bd6f2923c066b9df6494dd74a1a359,SY058,2022-10-21,AMC,2022Q3,2.62,2.73,2022-10-20,8193943862.00,8364587312.00,2023-01-24,
c81c0cfa26e0c48008355af6041132e7,SY058,2023-01-24,AMC,2023Q4,0.43,0.70,2023-01-23,4736136037.00,4680971285.00,2023-04-25,
4865536cc1fc5d045948cac51aa1c391,SY058,2023-04-25,AMC,2023Q1,1.23,1.10,2023-04-24,7538753820.00,7500198645.00,2023-07-26,
40420fa32b5d09763c5071751956b4ad,SY058,2023-07-26,AMC,2023Q2,0.78,1.14,2023-07-25,16782327067.00,17231955755.00,2023-10-24,2023-08-18
491f16cd1b18ab863802340b4d8050a5,SY058,2023-10-24,AMC,2023Q3,2.60,2.40,2023-10-23,2273731381.00,2267089874.00,2024-01-25,
df09249b9fc5dcc6f9d654f1c2ff5f21,SY058,2024-01-25,BMO,2024Q4,1.23,1.01,2024-01-24,10139019749.00,9980258315.00,2024-04-25,
43b0ca3958de8fc6ddda4a14c1df09b5,SY058,2024-04-25,BMO,2024Q1,0.67,0.71,2024-04-24,20687358663.00,19539939559.00,2024-07-26,
f463dcd510f141390ac04eedf6350f84,SY058,2024-07-26,BMO,2024Q2,2.37,2.21,2024-07-25,725132296.00,688244316.00,2024-10-24,
e655618a6ee871081e5ae8f8b8347554,SY058,2024-10-24,BMO,2024Q3,1.85,1.68,2024-10-23,18107639054.00,18141836768.00,2025-01-28,
b81adec1eeb48a7ff8fd813f47dc5a67,SY058,2025-01-28,AMC,2025Q4,0.93,1.18,2025-01-27,15118950227.00,15189492017.00,2025-04-29,
3e0c5b1d60d33b099f6e9aa5f113b6c0,SY058,2025-04-29,BMO,2025Q1,0.88,0.79,2025-04-28,15118972095.00,15475751660.00,2025-07-30,
56023e7343f4cec88ea3bd0c525bdcce,SY058,2025-07-30,AMC,2025Q2,2.29,2.25,2025-07-29,7917933179.00,7695731973.00,2025-10-28,
4905426677b80ecc58a2e96bf3927471,SY058,2025-10-28,AMC,2025Q3,1.33,1.24,2025-10-27,676585899.00,719317195.00,,
e89d6122cbf7d031d80ca1124989dbbd,SY059,2019-04-29,BMO,2019Q1,2.91,2.77,2019-04-28,15397065288.00,14365014136.00,2019-07-29,2019-05-14
b9b01293cfce8ef084b5a93c5af51e6b,SY059,2019-07-29,BMO,2019Q2,2.82,2.35,2019-07-28,13250446648.00,12368844025.00,2019-10-25,
618a7930316bde982f9321433f98b05f,SY059,2019-10-25,BMO,2019Q3,2.58,2.26,2019-10-24,14786715411.00,15005723618.00,2020-01-28,
513f090c556db33afb0515890e107de0,SY059,2020-01-28,AMC,2020Q4,2.04,1.70,2020-01-27,1423045272.00,1426427179.00,2020-04-28,
08933cfae941d15926d181986b8be5ec,SY059,2020-04-28,BMO,2020Q1,3.07,2.75,2020-04-27,15476333714.00,15889583967.00,2020-07-28,
8a051b5018cb43435715726f4505eab2,SY059,2020-07-28,BMO,2020Q2,0.71,0.63,2020-07-27,10920946213.00,10664537508.00,2020-10-26,
e55411b6a73e5030dd465490fee013e9,SY059,2020-10-26,AMC,2020Q3,2.35,2.85,2020-10-25,11682782661.00,11795655153.00,2021-01-27,
7381059eebcb6917273446c11b8274cc,SY059,2021-01-27,BMO,2021Q4,2.43,2.82,2021-01-26,10920785753.00,11080796714.00,2021-04-28,
4b92cdb33f7022702436702f8936e355,SY059,2021-04-28,AMC,2021Q1,1.68,1.76,2021-04-27,14629168016.00,15133968093.00,2021-07-28,
f1c88f05af9b2d3bdcc1125be4b68dcd,SY059,2021-07-28,BMO,2021Q2,1.38,1.25,2021-07-27,6146618828.00,6449965530.00,2021-10-26,
d0ebb718ffe21ffe8b7a078bc390375b,SY059,2021-10-26,BMO,2021Q3,2.53,2.24,2021-10-25,15882957551.00,15197987490.00,2022-01-26,
43cd9ec386fa823bc507b5fa9c712115,SY059,2022-01-26,BMO,2022Q4,0.72,0.58,2022-01-25,6530094427.00,6427662764.00,2022-04-27,2022-02-04
47b15c95e1426539354c3c1765e5f35e,SY059,2022-04-27,BMO,2022Q1,0.32,0.58,2022-04-26,8510369522.00,8956843559.00,2022-07-28,
e0f314a038b8201024fa4f3cdcbdef72,SY059,2022-07-28,BMO,2022Q2,1.16,1.13,2022-07-27,3441676310.00,3501918975.00,2022-10-26,
f506620590b5a81ac2869e2b6614afc9,SY059,2022-10-26,AMC,2022Q3,1.31,1.64,2022-10-25,15687138746.00,16022016831.00,2023-01-27,
a56e2aa3f83497f8cfeb2d831bcc3392,SY059,2023-01-27,AMC,2023Q4,2.18,2.06,2023-01-26,6954835813.00,6916281892.00,2023-04-28,
6808712671008fa08c7b21575a797fe7,SY059,2023-04-28,AMC,2023Q1,1.47,1.39,2023-04-27,17944391067.00,17136803758.00,2023-07-31,
c97659ee67216328d05a9f211b620f71,SY059,2023-07-31,BMO,2023Q2,2.06,2.03,2023-07-30,17995341994.00,18175015943.00,2023-10-27,
b24fba5b4e8de6c4807828a0f916c7da,SY059,2023-10-27,AMC,2023Q3,1.40,1.12,2023-10-26,9904419355.00,10283443054.00,2024-01-30,
b4df7a42460d96e6679f21be76bf3262,SY059,2024-01-30,AMC,2024Q4,2.48,2.29,2024-01-29,17803191539.00,18235216998.00,2024-04-30,
b8b954279db1763b682df9dbe7e2e30e,SY059,2024-04-30,BMO,2024Q1,3.22,2.98,2024-04-29,3102970113.00,3047712952.00,2024-07-31,
3d7051c2e8ae8cf5384c58c0a33371e3,SY059,2024-07-31,BMO,2024Q2,1.22,1.19,2024-07-30,2507744389.00,2534659525.00,2024-10-29,
43e30abd611d1f7b7987142c04ad3f5c,SY059,2024-10-29,AMC,2024Q3,0.55,0.93,2024-10-28,1406896970.00,1411847195.00,2025-01-31,
d964a2fc58e84ff57a9e125d69f08c19,SY059,2025-01-31,AMC,2025Q4,2.78,2.86,2025-01-30,3517970786.00,3643716069.00,2025-05-02,
9a557af718bcd23a600ec366b347c4ed,SY059,2025-05-02,BMO,2025Q1,1.06,0.60,2025-05-01,2362174252.00,2350501809.00,2025-08-04,
5f3ad4cadc9c901129fc05395fe3e16e,SY059,2025-08-04,AMC,2025Q2,2.35,2.17,2025-08-03,10293832568.00,10165956184.00,2025-10-31,
8f0743e707ae950c5a5eb7259da56777,SY059,2025-10-31,BMO,2025Q3,2.33,2.69,2025-10-30,8992246203.00,9273225075.00,,
b184d8701286ff45b518ab93332b0fa7,SY060,2019-04-23,BMO,2019Q1,0.20,0.53,2019-04-22,8310289215.00,8570726299.00,2019-07-23,
ee42b9712dbf9d3d93ad9948df3a56ab,SY060,2019-07-23,BMO,2019Q2,1.64,2.01,2019-07-22,15432350066.00,15041997144.00,2019-10-21,
1a218ef1926e562574833c782842ab66,SY060,2019-10-21,AMC,2019Q3,1.86,2.06,2019-10-20,12789684153.00,12891434586.00,2020-01-22,
9f18029683d2e194185fc690afffb05e,SY060,2020-01-22,BMO,2020Q4,0.83,0.52,2020-01-21,7187151148.00,7003298644.00,2020-04-22,
1ed9bf24200e5db32a5c34a3888233e8,SY060,2020-04-22,AMC,2020Q1,1.62,1.78,2020-04-21,4317590359.00,4160606117.00,2020-07-22,
a035f235bc5d5120fe2797d6d78de784,SY060,2020-07-22,AMC,2020Q2,1.79,1.52,2020-07-21,11189620099.00,11621127157.00,2020-10-20,
573cde19991c3ab6d77fcef913ced6b1,SY060,2020-10-20,BMO,2020Q3,2.22,1.88,2020-10-19,8495564177.00,8352921767.00,2021-01-21,
59d22b8caa3d3b74e5dca31a9e73c64c,SY060,2021-01-21,AMC,2021Q4,1.40,1.26,2021-01-20,15026526542.00,14846659814.00,2021-04-22,2021-02-01
35b5be2b25755313a8815db4be5dda0a,SY060,2021-04-22,BMO,2021Q1,1.17,1.37,2021-04-21,2085617114.00,2059750531.00,2021-07-22,
b22456f77fed888e5e69ecdc3ce71646,SY060,2021-07-22,BMO,2021Q2,2.80,2.72,2021-07-21,9408663826.00,8835602624.00,2021-10-20,
5137589b3f104d5f4cec41830f7dd37b,SY060,2021-10-20,BMO,2021Q3,0.94,1.36,2021-10-19,8745014319.00,9174625955.00,2022-01-20,
256da8471f866f53e7ca15f0e2c35fb4,SY060,2022-01-20,AMC,2022Q4,1.44,1.25,2022-01-19,5240898564.00,5316763919.00,2022-04-21,
f29b3ba5c4f0dcd330ef88c7646077b8,SY060,2022-04-21,AMC,2022Q1,0.74,0.79,2022-04-20,749533842.00,780831908.00,2022-07-22,
e745bf83b1144ed4131eedb263c34a86,SY060,2022-07-22,AMC,2022Q2,2.18,2.07,2022-07-21,17638308283.00,17746253049.00,2022-10-20,
2f0b760782b2e0fc1cea447248bb75a9,SY060,2022-10-20,AMC,2022Q3,0.25,0.57,2022-10-19,5927423706.00,5797567202.00,2023-01-23,
a322970e7dd36299da5be5584f57860c,SY060,2023-01-23,BMO,2023Q4,1.96,2.38,2023-01-22,7066845189.00,6910289807.00,2023-04-24,
ea266dc079ea732f491c835809caf951,SY060,2023-04-24,AMC,2023Q1,1.49,1.75,2023-04-23,3961114042.00,3933704890.00,2023-07-25,2023-05-11
9585f0685dc5e6f4baa1a5f8f855af61,SY060,2023-07-25,BMO,2023Q2,2.07,1.83,2023-07-24,16023591080.00,15752662858.00,2023-10-23,
0a21ffde898ac4626299c36b08ebda32,SY060,2023-10-23,AMC,2023Q3,1.96,1.76,2023-10-22,19783445629.00,18204511418.00,2024-01-24,
cce9eaf72df057be59d33a2390234355,SY060,2024-01-24,BMO,2024Q4,0.98,1.05,2024-01-23,17522335850.00,17782956357.00,2024-04-24,
f98c65d4356fe81d86e21b48d41791cd,SY060,2024-04-24,AMC,2024Q1,0.85,0.92,2024-04-23,12524648912.00,12984442143.00,2024-07-25,
92fd2bcac86187fb7f0a6bde790d704b,SY060,2024-07-25,BMO,2024Q2,2.80,2.61,2024-07-24,8802887597.00,8888038152.00,2024-10-23,
7b7bc71fd8a1dd93fe2c4ad69650c2a6,SY060,2024-10-23,BMO,2024Q3,1.36,1.35,2024-10-22,3110319828.00,3018351085.00,2025-01-27,
0933277bd0506ee9c69713bec6592375,SY060,2025-01-27,BMO,2025Q4,0.59,0.73,2025-01-26,2989898525.00,3162989864.00,2025-04-28,
d860d466b6f2baf5245b7086128c1bd8,SY060,2025-04-28,BMO,2025Q1,1.07,1.32,2025-04-27,524603828.00,529870253.00,2025-07-29,
9758e093d901ec249cf86391754f73ab,SY060,2025-07-29,AMC,2025Q2,0.93,1.15,2025-07-28,806786294.00,818074902.00,2025-10-27,
7428e201d3a0ca39db387aa7ad8c1f33,SY060,2025-10-27,BMO,2025Q3,2.16,2.08,2025-10-26,21785131061.00,19371793419.00,,
f359708e218d5b6e2a01867b0ace5e25,SY061,2019-06-11,BMO,2019Q1,0.55,1.11,2019-06-10,5624386509.00,5637885243.00,2019-09-10,
e792eb46bfddaf71b14c61f0a2648360,SY061,2019-09-10,AMC,2019Q2,2.16,2.14,2019-09-09,11197547483.00,11124305307.00,2019-12-09,
02d6d1307389ecfc39088ea95812328d,SY061,2019-12-09,BMO,2019Q3,1.51,1.50,2019-12-08,15415100220.00,15549147019.00,2020-03-11,
8e370a2e60e9b7d9f9d20facc4309de8,SY061,2020-03-11,BMO,2020Q4,0.43,0.77,2020-03-10,11881112568.00,12232905076.00,2020-06-10,
3c32b12cfc6cde02216b93ced8edaf0d,SY061,2020-06-10,AMC,2020Q1,2.98,2.98,2020-06-09,13438747930.00,13030896176.00,2020-09-09,2020-07-07
c079f405fbd4ec4b011c5e7c3d414900,SY061,2020-09-09,BMO,2020Q2,0.76,0.70,2020-09-08,9567229923.00,9422622775.00,2020-12-08,
6fad5ebdb848b43cb1283341fe414aed,SY061,2020-12-08,BMO,2020Q3,0.75,0.78,2020-12-07,20594394667.00,19857036168.00,2021-03-11,
3c1007a386116ea2a5bddf773a782bab,SY061,2021-03-11,BMO,2021Q4,2.04,2.04,2021-03-10,10513971760.00,11104811852.00,2021-06-10,
984e575708bd46326d49a10326e8629f,SY061,2021-06-10,BMO,2021Q1,0.97,0.80,2021-06-09,4223442122.00,4477381460.00,2021-09-09,
fbdc0cbf948ddc259d9e735445642a86,SY061,2021-09-09,BMO,2021Q2,0.93,1.08,2021-09-08,9308907748.00,9211355665.00,2021-12-08,
2b9a4167549ec8e5ae35efeba843d2fb,SY061,2021-12-08,BMO,2021Q3,0.67,0.74,2021-12-07,6833753575.00,7046498916.00,2022-03-10,
83892775eba9b49ab5848ed161a44d22,SY061,2022-03-10,AMC,2022Q4,2.76,2.81,2022-03-09,1613184769.00,1700061345.00,2022-06-09,
7d1aa7764a1c7431905b58cf3558cdd2,SY061,2022-06-09,AMC,2022Q1,1.71,1.68,2022-06-08,10968278713.00,10969099885.00,2022-09-09,
ae5a601990e02f2b57df558edb07615e,SY061,2022-09-09,BMO,2022Q2,0.63,1.02,2022-09-08,11862404476.00,12674023113.00,2022-12-08,
5552b4154381b0f5133f6120df1d4432,SY061,2022-12-08,BMO,2022Q3,2.01,2.17,2022-12-07,4440625645.00,4781099550.00,2023-03-13,
406d82adb5564c36edb1db7ebf1a34bf,SY061,2023-03-13,AMC,2023Q4,2.03,2.06,2023-03-12,14439187932.00,14611922005.00,2023-06-12,
f6875c4ac31558638b32d57abd8153c9,SY061,2023-06-12,AMC,2023Q1,1.87,1.65,2023-06-11,1488176430.00,1472832955.00,2023-09-12,
e3d4801fe9eed6ea01707e2e05bfc58c,SY061,2023-09-12,BMO,2023Q2,0.61,0.93,2023-09-11,7695601316.00,7573840882.00,2023-12-11,
4bbb69302e38424774e235d906dcb870,SY061,2023-12-11,AMC,2023Q3,0.59,0.72,2023-12-10,2426475449.00,2540707911.00,2024-03-13,
263e7902e6a0142a2da2ab3210db1977,SY061,2024-03-13,BMO,2024Q4,2.27,2.23,2024-03-12,7681831393.00,7814240407.00,2024-06-12,
a24846811fd0bb958d8f30a183ad493e,SY061,2024-06-12,BMO,2024Q1,2.32,2.50,2024-06-11,12344575612.00,12545596412.00,2024-09-12,2024-06-25
5bbdbb0f69eb736eedfff4404daa6a18,SY061,2024-09-12,AMC,2024Q2,0.96,1.00,2024-09-11,3086389043.00,3377830975.00,2024-12-11,
0ac7ec8ed0a5118c7a20247105ede8f8,SY061,2024-12-11,BMO,2024Q3,0.54,0.57,2024-12-10,5407394825.00,5834023992.00,2025-03-17,
653fdb32509ecb210c5d622efd7fb9cb,SY061,2025-03-17,AMC,2025Q4,1.48,1.33,2025-03-16,16105585212.00,15972832651.00,2025-06-16,
e5e92835ffb70891259220067583c761,SY061,2025-06-16,BMO,2025Q1,2.60,2.37,2025-06-15,9043529657.00,9030726717.00,2025-09-16,
f635e2c750d54c76d30e1e2ebdebc6c6,SY061,2025-09-16,AMC,2025Q2,1.67,1.95,2025-09-15,16039349301.00,16342354721.00,2025-12-15,
2c70bf0532e72ce049806d8a54bbff25,SY061,2025-12-15,AMC,2025Q3,2.61,2.97,2025-12-14,2260303995.00,2344512639.00,,
d07c3de91f845d117cfaac1729d4585a,SY062,2019-03-29,AMC,2019Q1,0.69,0.84,2019-03-28,14867359030.00,14962692397.00,2019-06-28,
9d2838b3c6be5f28383724622e539644,SY062,2019-06-28,BMO,2019Q2,0.72,1.01,2019-06-27,10989354149.00,11272687940.00,2019-09-27,
bcf3dcd130d4b86e194826a69369a6cd,SY062,2019-09-27,BMO,2019Q3,1.36,1.17,2019-09-26,10457170144.00,10814333406.00,2019-12-27,
c6c2825cce9d5a22bbc91df25a6da981,SY062,2019-12-27,AMC,2019Q4,2.37,2.65,2019-12-26,8736773322.00,8834557599.00,2020-03-30,
15b3d1c2de862430be613ea9e6520c3a,SY062,2020-03-30,AMC,2020Q1,2.52,2.25,2020-03-29,6656152713.00,6763020603.00,2020-06-29,2020-04-07
ead52f207f4acfe93af37a99a46d9601,SY062,2020-06-29,AMC,2020Q2,1.46,1.64,2020-06-28,15459325030.00,15751266386.00,2020-09-28,
42debeec0ac1221bbc39bec8c922568f,SY062,2020-09-28,BMO,2020Q3,1.28,1.54,2020-09-27,16254898831.00,16643341341.00,2020-12-28,
9a29adb81f04acd3691e83e11169a86e,SY062,2020-12-28,BMO,2020Q4,1.77,1.91,2020-12-27,5665912888.00,5521735162.00,2021-03-30,2021-01-25
b9cfd5c4159693320e0477607881e4b3,SY062,2021-03-30,BMO,2021Q1,2.22,2.36,2021-03-29,8299102492.00,8108255475.00,2021-06-29,
a63e14961f9a895bf5e59a43f790781b,SY062,2021-06-29,AMC,2021Q2,1.82,1.80,2021-06-28,17654113593.00,17780239913.00,2021-09-28,
4f543485b56b035b3d876569b4501c07,SY062,2021-09-28,BMO,2021Q3,0.99,0.98,2021-09-27,5486588807.00,5449060263.00,2021-12-28,
aa7f594a8260de5eec6201fa9c601aa7,SY062,2021-12-28,AMC,2021Q4,2.36,2.05,2021-12-27,17825853887.00,18525449593.00,2022-03-29,
25232feaaf17bae9760154660de803a2,SY062,2022-03-29,BMO,2022Q1,2.37,2.15,2022-03-28,2933418123.00,2907378027.00,2022-06-29,
73dfdfe0a5df7df09273332ff15d4730,SY062,2022-06-29,BMO,2022Q2,3.08,2.91,2022-06-28,1292636388.00,1311591600.00,2022-09-28,
9c3d18f192de24f3412b8b117ca7951a,SY062,2022-09-28,BMO,2022Q3,0.87,0.68,2022-09-27,5979099748.00,6260849466.00,2022-12-28,
d8913a7514f9b20fb5429eaab9cc96fb,SY062,2022-12-28,AMC,2022Q4,2.93,2.90,2022-12-27,10382550986.00,10692102353.00,2023-03-30,2023-01-17
59df57404773776dfc513209a0584f59,SY062,2023-03-30,AMC,2023Q1,2.74,2.74,2023-03-29,5392233829.00,5323681539.00,2023-06-30,
79b3f05ef870b954f328406163e71c02,SY062,2023-06-30,AMC,2023Q2,2.05,1.90,2023-06-29,3373150038.00,3264644846.00,2023-09-29,
c8871c3720f930515f7b93ddc89f9dfd,SY062,2023-09-29,AMC,2023Q3,1.45,1.31,2023-09-28,8608719394.00,8441295923.00,2023-12-29,
df13b004be53741364ab26a6ba9b4c3a,SY062,2023-12-29,AMC,2023Q4,1.54,2.02,2023-12-28,14870172828.00,15014351056.00,2024-04-02,
75003335c08568f100c60488245b182f,SY062,2024-04-02,AMC,2024Q1,1.24,1.38,2024-04-01,11928038200.00,12015235706.00,2024-07-02,
f2e6a8d9490e72028c8c413b832896f3,SY062,2024-07-02,BMO,2024Q2,2.82,2.92,2024-07-01,12511096804.00,12787337446.00,2024-10-01,
b4a0e889e896dd9fd8a1a4d24093e823,SY062,2024-10-01,AMC,2024Q3,1.98,1.94,2024-09-30,6881278046.00,7203464881.00,2024-12-31,
7a38eb97bd3eb25f251d17803b45915a,SY062,2024-12-31,AMC,2024Q4,0.41,0.56,2024-12-30,17686133897.00,17632732099.00,2025-04-03,
706508a287ae198cbfc75e40872d1b85,SY062,2025-04-03,AMC,2025Q1,2.31,2.68,2025-04-02,8139206555.00,7980777912.00,2025-07-07,
6644bb5381bfd5e85b92d1f07522fa9c,SY062,2025-07-07,AMC,2025Q2,0.99,0.50,2025-07-06,16793193901.00,16859147972.00,2025-10-03,
a0312970c17244ff2a762453513ff769,SY062,2025-10-03,BMO,2025Q3,1.03,0.91,2025-10-02,5249643354.00,5046863242.00,,
813bb04ec84bc498564022e77c0c6e36,SY063,2019-04-29,AMC,2019Q1,1.49,1.07,2019-04-28,5533061060.00,5332549313.00,2019-07-29,
1ede37cd5056e4be82a417e28ba11e47,SY063,2019-07-29,AMC,2019Q2,3.02,2.88,2019-07-28,17523107984.00,16828866015.00,2019-10-25,
d0544cdd99d40ac6ff432eb0b7f2d805,SY063,2019-10-25,AMC,2019Q3,0.98,0.69,2019-10-24,1203711279.00,1232379461.00,2020-01-28,
a07cb41b86b47dd6ee6a7af92399d9b5,SY063,2020-01-28,BMO,2020Q4,1.85,2.03,2020-01-27,2669480417.00,2721694380.00,2020-04-28,
8fc281d47aa2f98577a1abba3ac57111,SY063,2020-04-28,BMO,2020Q1,0.59,0.51,2020-04-27,15425205916.00,15908113444.00,2020-07-28,
aa6239d49331e1937809b8afd2f2bd1a,SY063,2020-07-28,AMC,2020Q2,1.46,1.46,2020-07-27,19798383496.00,19310050981.00,2020-10-26,
80c63741c6371e6fd63969d088810ba3,SY063,2020-10-26,AMC,2020Q3,3.19,2.89,2020-10-25,17618868909.00,17321545814.00,2021-01-27,
5a9c5241f1e46a75af4ac42240515896,SY063,2021-01-27,AMC,2021Q4,0.67,0.65,2021-01-26,16580350268.00,17716916794.00,2021-04-28,
7407d472cbb8d69de62c2ad121c44da5,SY063,2021-04-28,AMC,2021Q1,0.87,0.85,2021-04-27,18408320119.00,18536204794.00,2021-07-28,
7f9900bb5c7af2988b4dffa9c6a9d890,SY063,2021-07-28,BMO,2021Q2,2.13,1.94,2021-07-27,2504846866.00,2327558325.00,2021-10-26,
ccb7b864a9a899ab445f6d1783fd6122,SY063,2021-10-26,AMC,2021Q3,1.68,2.00,2021-10-25,11671723133.00,11544904305.00,2022-01-26,
82d8804c0079f7e9236b439e974105bd,SY063,2022-01-26,AMC,2022Q4,1.94,1.84,2022-01-25,3310732222.00,3530996235.00,2022-04-27,
2051539a2ad1107ac98c4905ad15937f,SY063,2022-04-27,AMC,2022Q1,0.78,0.85,2022-04-26,2194778414.00,2207585811.00,2022-07-28,2022-05-05
b4c3f70a57c74c251796c3122abb8b72,SY063,2022-07-28,BMO,2022Q2,0.65,0.63,2022-07-27,18137343109.00,18196988838.00,2022-10-26,2022-08-19
9a95728ee8bab56bc50f61d17a6f71c8,SY063,2022-10-26,AMC,2022Q3,1.51,1.78,2022-10-25,16537022793.00,17284412185.00,2023-01-27,
2ecb524dd5d2bea42c1b799461f9879f,SY063,2023-01-27,BMO,2023Q4,2.79,2.92,2023-01-26,15959265423.00,16200971613.00,2023-04-28,
748dde702067498e779ec284ca9a99e5,SY063,2023-04-28,BMO,2023Q1,0.81,0.88,2023-04-27,12930485215.00,12616864806.00,2023-07-31,
ad8f0991e22e1ae537b6d511fa9c001f,SY063,2023-07-31,BMO,2023Q2,0.69,0.90,2023-07-30,7310624211.00,7184516981.00,2023-10-27,
6e12b5e586ab93505c688358546e4e4f,SY063,2023-10-27,AMC,2023Q3,2.17,2.23,2023-10-26,8546633594.00,9060114198.00,2024-01-30,
bb909f9e1032a9283f566a42367a3a80,SY063,2024-01-30,AMC,2024Q4,2.99,2.79,2024-01-29,18065416249.00,17294698872.00,2024-04-30,
ca8755dd1a8d4b0705d3791d01292f7c,SY063,2024-04-30,BMO,2024Q1,2.93,2.97,2024-04-29,10541296909.00,10603977671.00,2024-07-31,
956ad8ded312057b8feaee5aa8ae5339,SY063,2024-07-31,BMO,2024Q2,1.97,2.32,2024-07-30,8215112288.00,8052361106.00,2024-10-29,
3cb1e4624aeb9bcca0636228b1f02a34,SY063,2024-10-29,BMO,2024Q3,2.68,2.16,2024-10-28,13523229928.00,13337066176.00,2025-01-31,
10588c5fb9a2cec5dd68341e05fdf690,SY063,2025-01-31,BMO,2025Q4,2.61,2.50,2025-01-30,6907585491.00,6340054036.00,2025-05-02,
20e5121e7f2196efaa16ea7909f6ad9a,SY063,2025-05-02,AMC,2025Q1,1.98,1.51,2025-05-01,19297133827.00,19235933180.00,2025-08-04,2025-05-21
3aade4c57b93a8f763cfb6f25d7f2294,SY063,2025-08-04,BMO,2025Q2,1.05,0.99,2025-08-03,17453362034.00,17913369455.00,2025-10-31,
e2f89e467798f58efe5713cca4eb9c64,SY063,2025-10-31,AMC,2025Q3,2.64,2.53,2025-10-30,3985478582.00,3995716377.00,,
69463d794f35221fa12a98975bf25d74,SY064,2019-05-15,AMC,2019Q1,1.95,2.08,2019-05-14,15162088845.00,14577466284.00,2019-08-14,
be5ad76fdd84eb71337dbfb291d52598,SY064,2019-08-14,AMC,2019Q2,1.31,1.19,2019-08-13,4197014859.00,4210964440.00,2019-11-12,
e75eebf7576675d5571dbbdc58b242bd,SY064,2019-11-12,BMO,2019Q3,0.77,0.52,2019-11-11,10498380476.00,10477934382.00,2020-02-13,
6ec98453d858e83ce6efbbd8c4631e21,SY064,2020-02-13,BMO,2020Q4,0.37,0.57,2020-02-12,6765398468.00,6752317140.00,2020-05-14,
dc0ffb2a7bf74190a45dc8aa7c77c0bd,SY064,2020-05-14,BMO,2020Q1,0.37,0.66,2020-05-13,13201413533.00,12682805741.00,2020-08-13,2020-06-08
7a1b97e9557f8f5af4989ba45d1eb47d,SY064,2020-08-13,AMC,2020Q2,1.50,1.82,2020-08-12,5643398953.00,5594295139.00,2020-11-11,
bc98a4d101ec3d939e602dd6c39a3aec,SY064,2020-11-11,AMC,2020Q3,0.90,1.14,2020-11-10,3443400907.00,3358891411.00,2021-02-12,
017c36082f4b6acdadff26b13ec4e27b,SY064,2021-02-12,AMC,2021Q4,2.65,2.76,2021-02-11,8925347292.00,8714509293.00,2021-05-14,
0b20ea3108ef6ae8c22b3337a9938df6,SY064,2021-05-14,AMC,2021Q1,0.59,0.97,2021-05-13,6882371924.00,6733677359.00,2021-08-13,
c604242305858f554fbcdf0773e4e415,SY064,2021-08-13,AMC,2021Q2,0.69,0.69,2021-08-12,16284888388.00,16766076203.00,2021-11-11,
5061d0858600a4e9a32f2e8c1d96743d,SY064,2021-11-11,BMO,2021Q3,1.53,1.52,2021-11-10,7899372801.00,7881016417.00,2022-02-11,
b149a2310ef0f87016b4c39902f71886,SY064,2022-02-11,BMO,2022Q4,2.17,2.15,2022-02-10,7107289953.00,7578436296.00,2022-05-13,
ca65733fee2d3163416b14b6ae5e776b,SY064,2022-05-13,AMC,2022Q1,1.47,0.79,2022-05-12,12819495165.00,11987532845.00,2022-08-15,
d3fd03c104da2e482dd8e11dca3a024c,SY064,2022-08-15,BMO,2022Q2,2.58,2.46,2022-08-14,8632248476.00,8672678377.00,2022-11-11,
0df70403a777521f15581e6bd13496b7,SY064,2022-11-11,AMC,2022Q3,1.81,1.67,2022-11-10,10134367077.00,10043657434.00,2023-02-14,
47662e4cf4f2b1a5eab7918c1fad12ad,SY064,2023-02-14,AMC,2023Q4,1.52,2.06,2023-02-13,16942674527.00,16880184759.00,2023-05-16,
a804d7e200ae4b9e1bfabfaa71fcf0a7,SY064,2023-05-16,AMC,2023Q1,2.12,2.14,2023-05-15,12464747229.00,12816744595.00,2023-08-16,
db002bb5c2f511d6db19ed24ede8547f,SY064,2023-08-16,AMC,2023Q2,2.39,2.25,2023-08-15,13467674990.00,13176533558.00,2023-11-14,
b0bce5f27c07efcf17b651b16b1df334,SY064,2023-11-14,BMO,2023Q3,1.63,1.38,2023-11-13,19525775137.00,19550231923.00,2024-02-15,
9538bdd69ac2bd383eec09d8664f181c,SY064,2024-02-15,AMC,2024Q4,2.72,2.75,2024-02-14,2455578049.00,2476819921.00,2024-05-16,
57c13d7504ec0ad64e60d903127b6592,SY064,2024-05-16,BMO,2024Q1,1.28,1.70,2024-05-15,838399513.00,866801651.00,2024-08-16,
8e9d17bb06d6e9b08360855971bc151e,SY064,2024-08-16,BMO,2024Q2,1.36,1.31,2024-08-15,2308486828.00,2182068657.00,2024-11-14,
00fc4853c67636f3033ce0933abd8912,SY064,2024-11-14,BMO,2024Q3,2.07,1.81,2024-11-13,20055210338.00,19890788884.00,2025-02-19,
5bf8f66fa93a52157e7810802559a76e,SY064,2025-02-19,AMC,2025Q4,1.55,1.02,2025-02-18,19147689412.00,18917868650.00,2025-05-20,
4869df2b68bce91d9648bcd9bb9393c9,SY064,2025-05-20,AMC,2025Q1,3.46,2.96,2025-05-19,2057390861.00,2113668360.00,2025-08-20,2025-06-10
96d31b855b9f61204e360418baf1c44a,SY064,2025-08-20,AMC,2025Q2,2.49,2.51,2025-08-19,8901572580.00,8793917160.00,2025-11-18,
bcab6b98e15ff4c637d3343136e830c0,SY064,2025-11-18,AMC,2025Q3,1.48,1.49,2025-11-17,9926633857.00,9632682853.00,,
7c6657fd879ef47a0b2d8bca09ce2748,SY065,2019-06-20,AMC,2019Q1,1.18,1.30,2019-06-19,12477711368.00,13037237251.00,2019-09-19,
cbde974f61179407ce4f271bac49893f,SY065,2019-09-19,AMC,2019Q2,0.90,0.95,2019-09-18,10599966931.00,11127531837.00,2019-12-18,
50d81e2694d11063fbdbf49f06f7cba1,SY065,2019-12-18,AMC,2019Q3,1.69,1.68,2019-12-17,8401336820.00,8836965882.00,2020-03-20,
dff4b39fcbb4ed3a6125b1c9462628f2,SY065,2020-03-20,BMO,2020Q4,1.86,1.96,2020-03-19,10976363483.00,11462527326.00,2020-06-19,
19ebfdd216ca1da0b17da2ae1e08db55,SY065,2020-06-19,BMO,2020Q1,1.65,1.94,2020-06-18,18052440723.00,17838584702.00,2020-09-18,2020-06-30
4eea8a134855fd1423b2af7fe6b19176,SY065,2020-09-18,BMO,2020Q2,0.96,0.96,2020-09-17,12823490628.00,12449574369.00,2020-12-17,
60bfc44ca10c4e9c934324f1324416de,SY065,2020-12-17,AMC,2020Q3,2.12,1.66,2020-12-16,20200024096.00,19330969058.00,2021-03-22,
543da07961f31b820a620570adc3cde8,SY065,2021-03-22,AMC,2021Q4,1.79,1.98,2021-03-21,18446098447.00,18745336281.00,2021-06-21,
b2d5f1238d1745806887194811cefa8f,SY065,2021-06-21,BMO,2021Q1,0.64,0.68,2021-06-20,18058659157.00,17188440954.00,2021-09-20,
4a6c1fd2bee79c3fa93d514a337a6358,SY065,2021-09-20,BMO,2021Q2,2.65,2.33,2021-09-19,12454999257.00,12113019530.00,2021-12-17,
73a87cdbd2a9b11921b81393a6ec079e,SY065,2021-12-17,BMO,2021Q3,0.66,0.67,2021-12-16,8110154675.00,8366651210.00,2022-03-21,2021-12-30
c46e46933fbfa0d5dd3ad18bb6254192,SY065,2022-03-21,BMO,2022Q4,1.24,1.19,2022-03-20,19374539446.00,19377258153.00,2022-06-21,
c66771b56eb3a46560713f1de825ea2d,SY065,2022-06-21,BMO,2022Q1,2.90,2.74,2022-06-20,7991124976.00,7912324220.00,2022-09-20,
e57f9e1cbfd59934add7fcc15dc52d43,SY065,2022-09-20,BMO,2022Q2,1.41,1.42,2022-09-19,12570558073.00,12651871048.00,2022-12-19,2022-09-28
6bf5d9b70af8e28426c84f8903cb7c1a,SY065,2022-12-19,BMO,2022Q3,2.93,2.84,2022-12-18,4401073285.00,4273084227.00,2023-03-22,
2036f3efaf18e8880129c0ea26c58fc7,SY065,2023-03-22,AMC,2023Q4,1.12,0.99,2023-03-21,11149353974.00,11788329448.00,2023-06-22,
3f9030d34c548d413f1fc1bddeb7a3c3,SY065,2023-06-22,AMC,2023Q1,1.05,0.98,2023-06-21,15438946031.00,15882344001.00,2023-09-21,
35c714044a1a86ae23c9812cd75146ff,SY065,2023-09-21,BMO,2023Q2,1.68,1.29,2023-09-20,19004120722.00,18514863918.00,2023-12-20,
84d7207e7376d96754dd4e341a124871,SY065,2023-12-20,BMO,2023Q3,3.12,2.96,2023-12-19,3284133880.00,3121721987.00,2024-03-22,
984f75853d84bd8890bddf8e798aec75,SY065,2024-03-22,BMO,2024Q4,2.68,2.55,2024-03-21,17955391719.00,18581275554.00,2024-06-24,
13078fe712bebdb118fbeec238d72c24,SY065,2024-06-24,AMC,2024Q1,0.98,1.20,2024-06-23,12505968500.00,12770849227.00,2024-09-23,
a015f6e122794170505984cb9ce6240a,SY065,2024-09-23,AMC,2024Q2,2.44,2.37,2024-09-22,11366065037.00,11413197710.00,2024-12-20,2024-10-03
2b5aadbcd097d01968db0de7938dd674,SY065,2024-12-20,BMO,2024Q3,1.36,1.26,2024-12-19,9289247945.00,9521464430.00,2025-03-26,
60a5b6d5cf97dbab432ce185f2a08525,SY065,2025-03-26,AMC,2025Q4,1.00,1.13,2025-03-25,738902152.00,724497994.00,2025-06-26,
30017cde7383fd421c775fe9bcbd3d69,SY065,2025-06-26,BMO,2025Q1,1.54,1.25,2025-06-25,9946762869.00,10126220004.00,2025-09-25,2025-07-14
17cb4f5f599832c6933edf8da3c48f29,SY065,2025-09-25,AMC,2025Q2,1.23,1.22,2025-09-24,6026309708.00,5953933334.00,2025-12-24,
9bd7553fafc9fac79a4158f8ea6ccbc5,SY065,2025-12-24,BMO,2025Q3,1.08,1.06,2025-12-23,6569801852.00,6666625126.00,,
0b8c83f83cfd4b51081a93e6371e2f73,SY066,2019-04-09,AMC,2019Q1,1.67,1.40,2019-04-08,4023201106.00,3968159368.00,2019-07-10,
fb8236e5eead198dcfa53dadddd69b03,SY066,2019-07-10,BMO,2019Q2,1.59,1.71,2019-07-09,4735589764.00,4953972830.00,2019-10-08,
7b7a51ba0aeba253b379df51af247bf5,SY066,2019-10-08,AMC,2019Q3,2.40,2.52,2019-10-07,2937361699.00,2992028037.00,2020-01-08,
29b4beee3872ee9fec39e5a600f219e4,SY066,2020-01-08,BMO,2020Q4,2.14,1.94,2020-01-07,12956013753.00,13087684463.00,2020-04-08,
a728fc4d3d863abf13aa2cec0bb81fb8,SY066,2020-04-08,AMC,2020Q1,2.36,2.70,2020-04-07,9879057960.00,10672461156.00,2020-07-09,2020-04-23
130034a83c3ecb4fb82ec66d5f96dfe1,SY066,2020-07-09,BMO,2020Q2,1.21,1.53,2020-07-08,1972148762.00,2016581264.00,2020-10-07,
d3711608d6bd95ba79491f8d6d771988,SY066,2020-10-07,BMO,2020Q3,2.40,2.61,2020-10-06,15671080445.00,15183356210.00,2021-01-07,2020-10-20
2837b1ba3d63b0e17f1ca09cdf2627e4,SY066,2021-01-07,AMC,2021Q4,3.05,2.92,2021-01-06,5434611715.00,5341555468.00,2021-04-09,
9c105edf93cc66011aad3335889777a2,SY066,2021-04-09,BMO,2021Q1,1.03,1.14,2021-04-08,18333831472.00,17438041389.00,2021-07-09,
95ed2e00fd3fac05927e7c1a7c916fa9,SY066,2021-07-09,AMC,2021Q2,2.00,1.81,2021-07-08,17898133739.00,16758276819.00,2021-10-07,
24a6508dff2650b6f8994362bfb9cd3e,SY066,2021-10-07,AMC,2021Q3,1.26,1.50,2021-10-06,11307826654.00,11228874522.00,2022-01-06,
40c3ea094ea340c83a0ddfcd4a8543c1,SY066,2022-01-06,AMC,2022Q4,0.99,1.11,2022-01-05,5907946804.00,5755282523.00,2022-04-07,
743a5b3db451efaf0b05b825901d0745,SY066,2022-04-07,BMO,2022Q1,2.22,2.35,2022-04-06,3347685451.00,3291803079.00,2022-07-11,
cd48063b5a5cd5bae2c6ab88d0aea9d5,SY066,2022-07-11,AMC,2022Q2,1.05,1.11,2022-07-10,7513600861.00,7475799157.00,2022-10-07,
4543e58c147c1e4056a5c5bbadf4814c,SY066,2022-10-07,BMO,2022Q3,1.34,1.24,2022-10-06,7185524162.00,7425429902.00,2023-01-09,
5be12c566160bd03fa35137be3c0efbf,SY066,2023-01-09,AMC,2023Q4,1.92,1.92,2023-01-08,2678582986.00,2629031253.00,2023-04-11,
8fb26267849342eb15b018e7900d3ecc,SY066,2023-04-11,AMC,2023Q1,2.80,2.46,2023-04-10,15022799407.00,14389642685.00,2023-07-12,
cd9cbcf37c6ba338d335bfbebf6068c3,SY066,2023-07-12,AMC,2023Q2,0.45,0.53,2023-07-11,897213354.00,900811253.00,2023-10-10,
f60efa968933b012382065b4c24d55c4,SY066,2023-10-10,BMO,2023Q3,2.05,1.57,2023-10-09,16651547842.00,16725344850.00,2024-01-10,
b829486e2a7a86f27ea611f51655c8d1,SY066,2024-01-10,AMC,2024Q4,1.97,1.95,2024-01-09,12853612411.00,13145738584.00,2024-04-11,
44a3d4d82a808dc3864630e5d2151310,SY066,2024-04-11,BMO,2024Q1,1.53,1.10,2024-04-10,5472267635.00,5390493410.00,2024-07-12,
29390004a6a3a38f96ed87cf8c6d973a,SY066,2024-07-12,BMO,2024Q2,2.28,2.36,2024-07-11,19352120800.00,19544720038.00,2024-10-10,
a7894d26be9fb0cb62f5267244dfb1a6,SY066,2024-10-10,BMO,2024Q3,1.63,1.31,2024-10-09,14255164951.00,14952282133.00,2025-01-13,2024-10-25
1fda96e1ead994e1b887a8e9fcd841d5,SY066,2025-01-13,AMC,2025Q4,1.57,1.74,2025-01-12,3113522440.00,2998426538.00,2025-04-14,
582f0cc0e5bf4f8c634527072822780b,SY066,2025-04-14,BMO,2025Q1,2.44,2.38,2025-04-13,10932927869.00,10666165984.00,2025-07-16,
39d91939fe5383be4efd1b8e844edf7a,SY066,2025-07-16,BMO,2025Q2,0.95,0.86,2025-07-15,17982876273.00,17835702888.00,2025-10-14,
bb7ef8ac399de6f30ca897316accdf31,SY066,2025-10-14,BMO,2025Q3,1.57,1.11,2025-10-13,1537902830.00,1506030466.00,,
202a931e9e60c13259319ddb9dda5f09,SY067,2019-04-26,AMC,2019Q1,2.08,1.99,2019-04-25,11733148438.00,11185638697.00,2019-07-26,
c6722c9e4760a4ad5453f39097229a69,SY067,2019-07-26,AMC,2019Q2,0.72,0.67,2019-07-25,3823585207.00,3764301172.00,2019-10-24,
2822dbd1d04e3818d08c4d1e1f9f4fe0,SY067,2019-10-24,BMO,2019Q3,2.14,1.81,2019-10-23,10051102547.00,9598940266.00,2020-01-27,2019-11-08
6c2a78c4b9c7700bf6e9ab4ee3ac5d31,SY067,2020-01-27,AMC,2020Q4,3.44,2.96,2020-01-26,19412809416.00,19119695638.00,2020-04-27,
2e090d84f857f58a0f32ed6b10c91016,SY067,2020-04-27,BMO,2020Q1,1.99,1.99,2020-04-26,2971391054.00,3170349057.00,2020-07-27,
046153ca45148c0976564996e7a7582d,SY067,2020-07-27,AMC,2020Q2,2.65,2.35,2020-07-26,18147052675.00,19001038843.00,2020-10-23,
24b95c47fd851fc03a7e37de825773fb,SY067,2020-10-23,AMC,2020Q3,2.19,1.98,2020-10-22,11598349720.00,11655848871.00,2021-01-26,
8ef20b5d32c16b2cdf2d43c4d8250175,SY067,2021-01-26,AMC,2021Q4,1.24,1.15,2021-01-25,12013979499.00,12440172161.00,2021-04-27,
45c47aebaa5ea12c82046863c609fbe2,SY067,2021-04-27,AMC,2021Q1,0.87,0.78,2021-04-26,20196546583.00,19774968131.00,2021-07-27,
a3d24a1b417145c784629e80f0e87f4c,SY067,2021-07-27,BMO,2021Q2,1.67,1.99,2021-07-26,17617785556.00,17351218546.00,2021-10-25,
8a38486761176ef9a10b1c890264288e,SY067,2021-10-25,AMC,2021Q3,1.35,1.66,2021-10-24,15182046219.00,15457929166.00,2022-01-25,
3c882eae30459c2445c3204c1e888c84,SY067,2022-01-25,BMO,2022Q4,3.17,2.89,2022-01-24,658371424.00,638082543.00,2022-04-26,
2679ab3e33aa13ebd83c831aa387b432,SY067,2022-04-26,AMC,2022Q1,1.53,1.40,2022-04-25,19044560319.00,18326696863.00,2022-07-27,
674517d95041466e5efe9a5c1391319d,SY067,2022-07-27,AMC,2022Q2,1.30,1.40,2022-07-26,1690864923.00,1813649605.00,2022-10-25,
396cb05e18a62777439f46f1f85b029d,SY067,2022-10-25,BMO,2022Q3,1.61,1.82,2022-10-24,13374682572.00,13606904344.00,2023-01-26,
3dfc3a251d4523c5f011a864623f3119,SY067,2023-01-26,BMO,2023Q4,1.85,1.84,2023-01-25,5743068003.00,5592588801.00,2023-04-27,
247f3d1141cf734063b0690fd81d4a81,SY067,2023-04-27,AMC,2023Q1,3.35,3.00,2023-04-26,700806645.00,680357065.00,2023-07-28,
e22c930d2afd90fb62a4f805063b18b6,SY067,2023-07-28,BMO,2023Q2,1.35,1.13,2023-07-27,7368705671.00,7205079799.00,2023-10-26,
6b28be4966c2afa6a9a8ac6c40a9031c,SY067,2023-10-26,BMO,2023Q3,1.94,1.82,2023-10-25,2394566159.00,2504693451.00,2024-01-29,
2d82510277d82b52cf972810f364f23d,SY067,2024-01-29,BMO,2024Q4,1.14,1.19,2024-01-28,7828236776.00,7898151904.00,2024-04-29,
79e6b9a5875a0bbf0f684b2f9bb34322,SY067,2024-04-29,BMO,2024Q1,2.68,2.88,2024-04-28,18669526129.00,18764442917.00,2024-07-30,
44a59af1c34b7f92bb7bf7772f149fcb,SY067,2024-07-30,BMO,2024Q2,1.05,1.06,2024-07-29,8702989795.00,8679955034.00,2024-10-28,
12477ba1669db989e01e6dde3f7ee31f,SY067,2024-10-28,AMC,2024Q3,1.02,1.06,2024-10-27,15406342742.00,16100503355.00,2025-01-30,
bc8e6c299d316316b27fbee31bbad7d2,SY067,2025-01-30,AMC,2025Q4,0.18,0.72,2025-01-29,6988244129.00,7274992851.00,2025-05-01,2025-02-14
6912390648937b4216539269b282c811,SY067,2025-05-01,AMC,2025Q1,2.41,2.43,2025-04-30,19936581688.00,19021778093.00,2025-08-01,
a4c52897342281e23b1b8a857b5dd5b9,SY067,2025-08-01,BMO,2025Q2,2.15,2.62,2025-07-31,7173096050.00,7187463471.00,2025-10-30,
c58ce2a0155fa3fbf75b1b7aa38c6374,SY067,2025-10-30,AMC,2025Q3,1.57,1.49,2025-10-29,11857120476.00,12013933927.00,,
63f2638fe41d11c0974d97a107061de3,SY068,2019-06-04,AMC,2019Q1,2.99,2.95,2019-06-03,17097584530.00,17874832468.00,2019-09-03,
6388554028ade24463efce20662fa0ee,SY068,2019-09-03,AMC,2019Q2,2.75,2.58,2019-09-02,18887239561.00,18178736884.00,2019-12-02,
f45c46bf0f587891909b7970098b7668,SY068,2019-12-02,BMO,2019Q3,1.67,1.87,2019-12-01,10685972265.00,10978725427.00,2020-03-04,
a9ede99a22bff2ca85dc768391901d29,SY068,2020-03-04,AMC,2020Q4,0.53,0.71,2020-03-03,15231888557.00,15227939991.00,2020-06-03,
bf092469fe7a5c373ea920935e0a312d,SY068,2020-06-03,AMC,2020Q1,0.17,0.51,2020-06-02,17277751401.00,17790549435.00,2020-09-01,
f41c0f4c28f50e7e726e6a7b4c1b2d9e,SY068,2020-09-01,AMC,2020Q2,1.00,0.80,2020-08-31,15518968499.00,16065444447.00,2020-12-01,
811579821a3b845604802ed209c679ca,SY068,2020-12-01,BMO,2020Q3,3.18,2.57,2020-11-30,5912810412.00,5655350075.00,2021-03-04,
e302d8fdfd90ab8e8b6ae38ca199d07f,SY068,2021-03-04,AMC,2021Q4,1.87,1.95,2021-03-03,7623926154.00,7439054782.00,2021-06-03,
39a3beb2cebe3e58b036e028de77e5c3,SY068,2021-06-03,AMC,2021Q1,0.94,1.00,2021-06-02,5964723166.00,5975363285.00,2021-09-01,
da133d3d5b0f93154401b6b108332d73,SY068,2021-09-01,AMC,2021Q2,1.44,2.05,2021-08-31,10097390853.00,10426508413.00,2021-12-01,2021-09-10
7230e6ad3eab6c8c0000da88adbe5671,SY068,2021-12-01,AMC,2021Q3,0.45,0.77,2021-11-30,6778160827.00,6898617218.00,2022-03-03,
822c86962528a3d716148d7f52810a94,SY068,2022-03-03,BMO,2022Q4,1.79,1.87,2022-03-02,12975886932.00,13195535061.00,2022-06-02,
ddfa3b55633a18d15a813f20e6d7f6cd,SY068,2022-06-02,AMC,2022Q1,1.15,1.01,2022-06-01,1598070021.00,1727403005.00,2022-09-01,
32a060656fffe6d2ff7103d5fc3b1c19,SY068,2022-09-01,AMC,2022Q2,1.99,1.91,2022-08-31,17123706505.00,16684089255.00,2022-12-01,
3129a4d4fe8391ff20ab14f23c579fdb,SY068,2022-12-01,BMO,2022Q3,1.67,1.76,2022-11-30,17989142563.00,17533987308.00,2023-03-06,
c772cb553472ff340cec85c770ad2b5a,SY068,2023-03-06,AMC,2023Q4,2.22,1.85,2023-03-05,10358902179.00,10749891362.00,2023-06-05,
62a671f1608a69ce525453550dda8664,SY068,2023-06-05,AMC,2023Q1,1.05,1.17,2023-06-04,19122290408.00,19276037699.00,2023-09-05,
cbd49307d954d66e6361a41252e3ecf9,SY068,2023-09-05,AMC,2023Q2,0.56,0.67,2023-09-04,10317408926.00,9692406785.00,2023-12-04,
668a7ffd115bdcbe048055218dfe95b8,SY068,2023-12-04,BMO,2023Q3,1.28,1.50,2023-12-03,13929393676.00,14361720961.00,2024-03-06,
c9c3df2c581e8b4daad55a02f4a0a2c6,SY068,2024-03-06,BMO,2024Q4,2.38,2.87,2024-03-05,2214647834.00,2241247804.00,2024-06-05,
587209be9a3aeea29cbb0a35aea2b5e8,SY068,2024-06-05,AMC,2024Q1,2.74,2.81,2024-06-04,4768490314.00,4768654502.00,2024-09-05,
582fa1c5c71805edfb58a868ec575315,SY068,2024-09-05,BMO,2024Q2,0.27,0.66,2024-09-04,1797529731.00,1756287725.00,2024-12-04,
bcabd2eb58a47fc71b41cb51629b5f93,SY068,2024-12-04,AMC,2024Q3,1.81,2.02,2024-12-03,1024145738.00,1044607887.00,2025-03-10,
b847904e54d701f74702f6abf97a8d61,SY068,2025-03-10,AMC,2025Q4,0.75,1.14,2025-03-09,1300079965.00,1292101402.00,2025-06-09,
b6dfcf85d7a63325f5be389cec816765,SY068,2025-06-09,AMC,2025Q1,1.84,2.40,2025-06-08,3909327136.00,3904156032.00,2025-09-09,
cafac53cbcc7a8179b6a5aab77705ac4,SY068,2025-09-09,BMO,2025Q2,2.89,2.64,2025-09-08,19200880068.00,18887835271.00,2025-12-08,
821f780c3837e5e9d648e7e88ffb7235,SY068,2025-12-08,AMC,2025Q3,2.25,2.36,2025-12-07,10064414528.00,10690481026.00,,
080a16de49d631b4f80209c0b12ec97a,SY069,2019-05-17,BMO,2019Q1,2.89,2.80,2019-05-16,8325736183.00,8312528375.00,2019-08-16,
f5b1174499af59e1f36eab12c9c7aa7c,SY069,2019-08-16,BMO,2019Q2,1.44,1.39,2019-08-15,16968927358.00,17798687747.00,2019-11-14,
e3718cb4621af54437082868fe523cb4,SY069,2019-11-14,AMC,2019Q3,2.58,2.56,2019-11-13,4285014483.00,4321770319.00,2020-02-18,
3c3a15df24004de456dc2264e64bf8b5,SY069,2020-02-18,AMC,2020Q4,1.10,1.19,2020-02-17,3262651528.00,3376669989.00,2020-05-18,
a53faec553fa23af672cf5cc94042e8a,SY069,2020-05-18,BMO,2020Q1,2.36,2.16,2020-05-17,12753136511.00,12693910518.00,2020-08-17,
f040c96d0eeed1895d518566f029dc1b,SY069,2020-08-17,AMC,2020Q2,2.24,2.63,2020-08-16,829239656.00,830952149.00,2020-11-13,2020-09-08
04cde97a7601db2f1f2a81c2d356d142,SY069,2020-11-13,BMO,2020Q3,2.69,2.45,2020-11-12,13186676779.00,12695683343.00,2021-02-17,
3cb927d0ef3a221e805981afe6d62b9e,SY069,2021-02-17,AMC,2021Q4,2.63,2.57,2021-02-16,15869901840.00,15667025215.00,2021-05-18,
e9bae2f9cb5cb76ef4a66d32bc9680c0,SY069,2021-05-18,BMO,2021Q1,2.28,2.25,2021-05-17,15587932201.00,15796512807.00,2021-08-17,
0ca8b56f13bb4e79859b83ae97d90b2b,SY069,2021-08-17,BMO,2021Q2,0.93,1.22,2021-08-16,2808999339.00,2801544572.00,2021-11-15,
42f583be5bcafe73ddb92dab863e1b7e,SY069,2021-11-15,BMO,2021Q3,1.87,1.73,2021-11-14,13338953679.00,13398417582.00,2022-02-15,
0c51774d29717b1fe6c4709a3d48d56a,SY069,2022-02-15,BMO,2022Q4,2.50,2.31,2022-02-14,7118206507.00,6971084242.00,2022-05-17,2022-02-23
673202677df276c4f0493cd1e9ead1c8,SY069,2022-05-17,BMO,2022Q1,0.92,1.33,2022-05-16,15375420404.00,15693113266.00,2022-08-17,
368a4cd490dee91592985fb12710549c,SY069,2022-08-17,BMO,2022Q2,0.58,0.81,2022-08-16,7465484024.00,7193030511.00,2022-11-15,
c33e144fd9b14ca3b460dd932f7e03b5,SY069,2022-11-15,AMC,2022Q3,1.84,1.57,2022-11-14,2137449699.00,2119367804.00,2023-02-16,
09373b941910d46eb93aab72499d8fb1,SY069,2023-02-16,BMO,2023Q4,3.03,2.89,2023-02-15,11158716979.00,11536167886.00,2023-05-18,
f1c035bbe771555fc35d74ba3beb8170,SY069,2023-05-18,AMC,2023Q1,2.27,2.04,2023-05-17,20512185071.00,19842999249.00,2023-08-18,
a1c072d34aa9c9cfb1b87d32f3faf4cf,SY069,2023-08-18,BMO,2023Q2,1.82,1.89,2023-08-17,5272199476.00,5259824941.00,2023-11-16,
c5acbbe421813e9ef49f589eec93954b,SY069,2023-11-16,BMO,2023Q3,2.25,2.32,2023-11-15,4210632128.00,4096946930.00,2024-02-20,
df669854d795460a67681401e72442c6,SY069,2024-02-20,BMO,2024Q4,1.96,2.40,2024-02-19,3704546242.00,3623351853.00,2024-05-20,
9a2d3c49e5d7fc9c06227be96f8b675c,SY069,2024-05-20,AMC,2024Q1,2.52,2.40,2024-05-19,4980477553.00,4722954991.00,2024-08-20,
577eabc780469ebb35c82f2a355feace,SY069,2024-08-20,BMO,2024Q2,1.03,0.71,2024-08-19,18461435528.00,18322956209.00,2024-11-18,
0efe262f01d2d226baf7adae1fdacda3,SY069,2024-11-18,AMC,2024Q3,2.20,2.34,2024-11-17,5129224594.00,5154828620.00,2025-02-21,
e4d3cc61de02e7aa133b40356b1c8c67,SY069,2025-02-21,BMO,2025Q4,1.07,0.53,2025-02-20,6935931006.00,7139943537.00,2025-05-22,2025-03-10
5525b2372ff8faf4622c3e74f16ac309,SY069,2025-05-22,AMC,2025Q1,2.21,1.98,2025-05-21,7193115900.00,7357462171.00,2025-08-22,
c8e9476beacb270cdad69fcf627d7790,SY069,2025-08-22,BMO,2025Q2,1.40,1.59,2025-08-21,3873254660.00,3908862537.00,2025-11-20,
821ca1aae6b8fdfd45811c541618605f,SY069,2025-11-20,AMC,2025Q3,1.97,1.78,2025-11-19,8304080072.00,7945659067.00,,
3a856e9d48a32b98b41baed8ab11a51a,SY070,2019-05-17,AMC,2019Q1,0.89,0.85,2019-05-16,15268534739.00,15127309854.00,2019-08-16,
f76ea41e962342c8d6617422352c25c3,SY070,2019-08-16,AMC,2019Q2,2.29,2.14,2019-08-15,1048016118.00,1075309916.00,2019-11-14,
b931ff658e3949b505f1b69d6df50c56,SY070,2019-11-14,BMO,2019Q3,1.60,1.33,2019-11-13,12341692115.00,12301077092.00,2020-02-18,
aeb87622f2ad231768460c85607b1a9c,SY070,2020-02-18,BMO,2020Q4,1.70,1.71,2020-02-17,13926489668.00,13958776946.00,2020-05-18,2020-03-02
b04ae60a31a7d93b3e9e50024846dd9c,SY070,2020-05-18,AMC,2020Q1,1.68,1.58,2020-05-17,11626078599.00,11573747411.00,2020-08-17,
566cf43578389a87fbe51d371bc88472,SY070,2020-08-17,BMO,2020Q2,0.79,0.85,2020-08-16,14598792158.00,14786175773.00,2020-11-13,
ab8542183a64b48026aebcd8d5c03d39,SY070,2020-11-13,AMC,2020Q3,1.04,1.00,2020-11-12,11682625034.00,12094410774.00,2021-02-17,
d25d2aac7486ba8f537c0e0dd544e28c,SY070,2021-02-17,AMC,2021Q4,1.32,1.67,2021-02-16,8012286610.00,8314378128.00,2021-05-18,
08f7b48eeff186d4fd48bdf2adf0829f,SY070,2021-05-18,BMO,2021Q1,0.62,0.67,2021-05-17,3029729813.00,2978967514.00,2021-08-17,
e6567a10002edab63d6bf90177ea5642,SY070,2021-08-17,AMC,2021Q2,2.47,2.59,2021-08-16,14879853343.00,15621240418.00,2021-11-15,
6305336442a2955a86d817173b9fafb3,SY070,2021-11-15,AMC,2021Q3,2.42,2.70,2021-11-14,17996232691.00,18916146441.00,2022-02-15,
d6baeb74851c2954858bfb26d40ded4f,SY070,2022-02-15,AMC,2022Q4,1.62,1.47,2022-02-14,11453947008.00,11558302815.00,2022-05-17,
66bc787e7b2b7aba619c826d8af012ed,SY070,2022-05-17,AMC,2022Q1,0.89,0.99,2022-05-16,10278892840.00,9800296792.00,2022-08-17,
fe1597a616a2ac5444fa370bc2287f29,SY070,2022-08-17,AMC,2022Q2,2.34,2.41,2022-08-16,12978545364.00,13346831412.00,2022-11-15,
8501335ffe47517e77a0f396a6c22828,SY070,2022-11-15,BMO,2022Q3,2.93,2.95,2022-11-14,13206954754.00,13640404083.00,2023-02-16,
b9a99f8aee96491b66a608b5c6f4ccee,SY070,2023-02-16,BMO,2023Q4,2.04,1.98,2023-02-15,819212802.00,838390575.00,2023-05-18,
08e2f07fd879ba3030d01eb0c8100d6d,SY070,2023-05-18,AMC,2023Q1,2.34,2.38,2023-05-17,9940396120.00,9851893321.00,2023-08-18,
84551e285c6fd9512cb7cc66f19c4286,SY070,2023-08-18,BMO,2023Q2,1.59,1.70,2023-08-17,18557408361.00,18842912601.00,2023-11-16,
1586f7a526029cb838531bb17180cb0f,SY070,2023-11-16,AMC,2023Q3,1.78,1.88,2023-11-15,2498417964.00,2584710787.00,2024-02-20,
5b119ddb7e38a0ca677f47abde6226fb,SY070,2024-02-20,AMC,2024Q4,1.57,1.84,2024-02-19,10137221164.00,10585819106.00,2024-05-20,
320f08d8ddcf1749dc1497718c815197,SY070,2024-05-20,BMO,2024Q1,1.79,1.63,2024-05-19,4651625348.00,4783402286.00,2024-08-20,
78596e5c740c3cb2a24ffdf14298921c,SY070,2024-08-20,AMC,2024Q2,1.14,0.88,2024-08-19,18064038694.00,18262285681.00,2024-11-18,
4e5757680275ffe867c46a125e5d9268,SY070,2024-11-18,BMO,2024Q3,1.12,1.46,2024-11-17,18727191990.00,17886134659.00,2025-02-21,
4b0ceb05799f112102957f1ecdff6089,SY070,2025-02-21,AMC,2025Q4,1.26,1.45,2025-02-20,600152793.00,602623113.00,2025-05-22,2025-03-11
1cd07aea97b2be0aafb1dd77a6165fee,SY070,2025-05-22,BMO,2025Q1,1.71,1.43,2025-05-21,11732951835.00,11344904385.00,2025-08-22,
827e62295e4a1cb05f1194b987a32ffa,SY070,2025-08-22,AMC,2025Q2,1.72,1.80,2025-08-21,15727339567.00,15286518520.00,2025-11-20,
3745ab5b55aa2018dbc81615758113a5,SY070,2025-11-20,BMO,2025Q3,2.36,2.64,2025-11-19,4106796321.00,4204625397.00,,
519f6cf64b81c3a7159e4f6d71171324,SY071,2019-05-31,AMC,2019Q1,1.30,1.11,2019-05-30,19549898493.00,19743293373.00,2019-08-29,
4492727bb1b482dd21df0491cc41417f,SY071,2019-08-29,AMC,2019Q2,2.81,2.29,2019-08-28,6218628834.00,6174847741.00,2019-11-27,
50a2469e49d00f68126b8852a3aaf449,SY071,2019-11-27,AMC,2019Q3,1.12,1.16,2019-11-26,1082220545.00,1086619483.00,2020-03-02,
4f737063f8720552d73bd7a8820c23a4,SY071,2020-03-02,AMC,2020Q4,1.56,1.64,2020-03-01,10915277048.00,10830187716.00,2020-06-01,
3b83e0457405f42f06289d8c372f8708,SY071,2020-06-01,AMC,2020Q1,0.73,0.72,2020-05-31,16079618796.00,16149131563.00,2020-08-28,
6426d1e186576f068c143feed969d5fd,SY071,2020-08-28,AMC,2020Q2,3.16,2.84,2020-08-27,17735702438.00,18614697733.00,2020-11-27,
2e5059d2f896148313dd274b9e9b827d,SY071,2020-11-27,AMC,2020Q3,1.98,2.03,2020-11-26,12143998217.00,12327724426.00,2021-03-02,
7afb0c0fa5eba4974633cfa5847a3005,SY071,2021-03-02,AMC,2021Q4,1.78,1.63,2021-03-01,13807311109.00,13693085717.00,2021-06-01,
404f31e822a40680104270ed036f04d1,SY071,2021-06-01,AMC,2021Q1,2.39,2.38,2021-05-31,12470204824.00,12266472357.00,2021-08-30,
858aca31cdaec574b3e53ccc1ed18d07,SY071,2021-08-30,BMO,2021Q2,2.43,2.43,2021-08-29,15753056073.00,15007356144.00,2021-11-29,
5df82f6cfb9ef1d371eff0639636e97f,SY071,2021-11-29,AMC,2021Q3,1.65,1.77,2021-11-28,19965018895.00,19698596050.00,2022-03-01,
947d59370d83451096eb4da818633f76,SY071,2022-03-01,BMO,2022Q4,1.83,1.49,2022-02-28,14524358444.00,14314503763.00,2022-05-31,
155685d4f0159529d7f43ab81c3ed3dd,SY071,2022-05-31,BMO,2022Q1,1.39,1.37,2022-05-30,15132094898.00,15005761644.00,2022-08-30,
e8a62925641df96f69eeac0aa5519413,SY071,2022-08-30,AMC,2022Q2,2.45,2.67,2022-08-29,1500890858.00,1545360391.00,2022-11-29,
3c89ff74b80f4638a32efc003ac37bc0,SY071,2022-11-29,BMO,2022Q3,0.13,0.63,2022-11-28,1498880767.00,1513829757.00,2023-03-02,
5dd88c50f1fbd47b0c512ce322cbf294,SY071,2023-03-02,BMO,2023Q4,1.89,2.09,2023-03-01,14852112708.00,14689218585.00,2023-06-01,
7249bdc96f5431548c1293cc0df019c8,SY071,2023-06-01,BMO,2023Q1,0.99,1.19,2023-05-31,9245269654.00,9163842970.00,2023-08-31,
5bf282f5e07fd345c8cde61df34200b3,SY071,2023-08-31,AMC,2023Q2,1.65,1.38,2023-08-30,19909514868.00,19546573133.00,2023-11-30,
2b7e015c0f467fd1c582028684f64dae,SY071,2023-11-30,BMO,2023Q3,2.79,2.60,2023-11-29,17080225034.00,17182603869.00,2024-03-04,
9aa5b7c669f5114d204c5a6754176685,SY071,2024-03-04,AMC,2024Q4,2.95,2.83,2024-03-03,19462875008.00,18984564775.00,2024-06-03,
6c5e1dab468c0ff887afd942892e0d24,SY071,2024-06-03,AMC,2024Q1,1.44,1.32,2024-06-02,12908090230.00,13265120873.00,2024-09-03,
b3c2908eba5abce8f85e6700eb67465c,SY071,2024-09-03,BMO,2024Q2,1.21,1.05,2024-09-02,17686125426.00,17979473370.00,2024-12-02,
0422f0c68c39decbb18ff3de17dbcbb0,SY071,2024-12-02,BMO,2024Q3,2.47,2.34,2024-12-01,7443959420.00,7483224428.00,2025-03-06,
a4f5e36e1494f604228719ce352a6a2b,SY071,2025-03-06,BMO,2025Q4,2.77,2.85,2025-03-05,13576226195.00,14865363140.00,2025-06-05,
a0021ac633d796077ea690c24e1da16d,SY071,2025-06-05,BMO,2025Q1,2.93,2.53,2025-06-04,13900210810.00,13329982076.00,2025-09-05,
7aaf1a9d616e5c1d4ce0f6ce8165fe1e,SY071,2025-09-05,AMC,2025Q2,1.16,1.20,2025-09-04,18646557133.00,17415904248.00,2025-12-04,
1411c99e60104917f059061bca7f05c5,SY071,2025-12-04,AMC,2025Q3,3.00,2.60,2025-12-03,6583472423.00,6625649320.00,,
91f89bd9d00b084804ded128cda5376a,SY072,2019-06-21,AMC,2019Q1,1.65,1.84,2019-06-20,16336074090.00,15228397120.00,2019-09-20,
6c7ad5624d1cd8f6056ea7b120f77a16,SY072,2019-09-20,BMO,2019Q2,2.59,2.49,2019-09-19,6249493671.00,6341194982.00,2019-12-19,
2ad8b28a440b2e7beff89f9e04758b50,SY072,2019-12-19,AMC,2019Q3,1.68,1.51,2019-12-18,18951529310.00,19608718870.00,2020-03-23,
6757e5b6daf7cab919e6022274f9b022,SY072,2020-03-23,BMO,2020Q4,1.46,1.60,2020-03-22,8793974730.00,9053331994.00,2020-06-22,
e9aa6bcc0e527eb0f890706ace0d98db,SY072,2020-06-22,BMO,2020Q1,0.57,0.96,2020-06-21,9881648168.00,9983062258.00,2020-09-21,2020-07-07
ad7e1a42c5dff0f5cf61d96d879282c1,SY072,2020-09-21,AMC,2020Q2,2.32,2.14,2020-09-20,4379797401.00,4503709625.00,2020-12-18,2020-10-15
576d3d196a4e01e2de1b50e6a4fadcf2,SY072,2020-12-18,AMC,2020Q3,2.60,2.69,2020-12-17,10959158691.00,10908014847.00,2021-03-23,
39a38c380e6a852f66562db688df0db5,SY072,2021-03-23,BMO,2021Q4,2.68,2.74,2021-03-22,18342145646.00,18210869827.00,2021-06-22,
0823bb4cd20a043fc2e87186c1040782,SY072,2021-06-22,BMO,2021Q1,1.74,1.81,2021-06-21,14808229878.00,15298213923.00,2021-09-21,
627bc6a45ab1fce712c0a4a6403fbc04,SY072,2021-09-21,AMC,2021Q2,0.94,1.17,2021-09-20,13462555511.00,13905636698.00,2021-12-20,
30ed07f96da2d903aac6320be890d3a3,SY072,2021-12-20,BMO,2021Q3,1.06,0.66,2021-12-19,4549719537.00,4480433807.00,2022-03-22,
6391b5a7d10fea0a96729f2c127e1713,SY072,2022-03-22,AMC,2022Q4,3.07,2.68,2022-03-21,2988353543.00,3010457147.00,2022-06-22,
e4d1263b8467c3f97cf4dc9faee099a3,SY072,2022-06-22,BMO,2022Q1,2.74,2.87,2022-06-21,3771782971.00,3737497657.00,2022-09-21,
9ae4ec0e6c8fb476c13975b72861e0cc,SY072,2022-09-21,BMO,2022Q2,1.85,2.20,2022-09-20,5154426312.00,5295087439.00,2022-12-20,
6dfc3f4e9416a0af6b21ebeb580b6131,SY072,2022-12-20,BMO,2022Q3,3.29,2.97,2022-12-19,8028520527.00,7747127897.00,2023-03-23,
29a3fad2c9337b3c4e2e668a466010ff,SY072,2023-03-23,AMC,2023Q4,1.44,1.31,2023-03-22,17455275062.00,16936765753.00,2023-06-23,
fa6f7d01af8ce502da852128e5af128c,SY072,2023-06-23,BMO,2023Q1,2.79,2.80,2023-06-22,11293131751.00,11046423980.00,2023-09-22,
cca333621b2fc38f3f54828f01a68783,SY072,2023-09-22,BMO,2023Q2,2.93,2.54,2023-09-21,11771637693.00,11292660447.00,2023-12-21,
d1f049049e953a66639bff0c697126bc,SY072,2023-12-21,AMC,2023Q3,0.74,1.02,2023-12-20,15910868532.00,16952845446.00,2024-03-25,
2c34446ddf4e3e5b2cc4141ad107b082,SY072,2024-03-25,AMC,2024Q4,2.51,2.53,2024-03-24,6690293393.00,6568150457.00,2024-06-25,
4dacae8d3382638e22b7c064cabc9ac7,SY072,2024-06-25,AMC,2024Q1,2.58,2.49,2024-06-24,7034223639.00,7045811109.00,2024-09-24,
70f4df256bf1a936f948c73de0a30620,SY072,2024-09-24,AMC,2024Q2,2.71,2.85,2024-09-23,2284177493.00,2382201740.00,2024-12-23,
e7b77334838f808d020b9ed7e475f0cf,SY072,2024-12-23,AMC,2024Q3,2.53,2.12,2024-12-22,10135148286.00,10042474637.00,2025-03-27,
20037a43ea0006aecf1b8c424110c5d2,SY072,2025-03-27,BMO,2025Q4,2.62,2.50,2025-03-26,6183389260.00,6458490025.00,2025-06-27,
67026693344f485664529e0e5bb5b675,SY072,2025-06-27,BMO,2025Q1,1.10,1.04,2025-06-26,19199219867.00,19840938501.00,2025-09-26,
bc9139d2cbeced20ceb8ca1b542667a4,SY072,2025-09-26,BMO,2025Q2,1.48,1.81,2025-09-25,12463719209.00,13222762161.00,2025-12-26,
f144a84dfb1eac05a7aaab63ed2cf7a6,SY072,2025-12-26,AMC,2025Q3,2.43,2.35,2025-12-25,1982290671.00,2027364654.00,,
9baf64d92d328ec55d265ced33871348,SY073,2019-06-18,BMO,2019Q1,2.10,2.25,2019-06-17,7074847689.00,7296439109.00,2019-09-17,
e70848229aacd0922d412db07c604ba7,SY073,2019-09-17,AMC,2019Q2,0.51,0.51,2019-09-16,2785063923.00,2816027567.00,2019-12-16,
64f5a608870399cb6a1f812f2ba4cb1f,SY073,2019-12-16,BMO,2019Q3,1.01,1.07,2019-12-15,18006674448.00,17341883592.00,2020-03-18,
b2f8034f9b6aca26f8fb9b85b199018b,SY073,2020-03-18,AMC,2020Q4,1.33,1.56,2020-03-17,6156411703.00,6270759272.00,2020-06-17,
b14998d0090c302ab9583d1748a8ec89,SY073,2020-06-17,BMO,2020Q1,1.30,1.02,2020-06-16,14617361853.00,14852052067.00,2020-09-16,
2ac21b77aa3e089bf18a81b4744f114a,SY073,2020-09-16,AMC,2020Q2,2.95,3.00,2020-09-15,8586636694.00,8873864887.00,2020-12-15,
d37befd669d24f2eee9cfe2d5dec7fce,SY073,2020-12-15,BMO,2020Q3,1.24,1.06,2020-12-14,12365740132.00,11854416656.00,2021-03-18,
b20f60664e4e6aa835b16ffcecc4faa5,SY073,2021-03-18,BMO,2021Q4,2.89,2.87,2021-03-17,5279734788.00,5018343637.00,2021-06-17,
18ec0c8a151d6ad87ab145b2ab931d59,SY073,2021-06-17,AMC,2021Q1,2.52,2.48,2021-06-16,1574446926.00,1568435767.00,2021-09-16,
07876f4d7876ca5c6d509b27cb6c7a5c,SY073,2021-09-16,BMO,2021Q2,2.85,2.94,2021-09-15,17860040718.00,18249528496.00,2021-12-15,
75608ff4ac27d46410218b2d0cfecd99,SY073,2021-12-15,AMC,2021Q3,1.72,1.44,2021-12-14,4767857201.00,4554390385.00,2022-03-17,
9a8bde7c37a07f3e33845089ef755f7f,SY073,2022-03-17,BMO,2022Q4,3.12,2.82,2022-03-16,20043622938.00,19409048576.00,2022-06-16,
bdd75b1ee437eea31ff5ef701e903a9b,SY073,2022-06-16,AMC,2022Q1,2.18,2.45,2022-06-15,13747447259.00,13792193610.00,2022-09-16,
157c562d4d5e94a8315bec75e8b7a34d,SY073,2022-09-16,BMO,2022Q2,2.39,2.24,2022-09-15,16247674394.00,15796209192.00,2022-12-15,
ac22cde43ee09d3a3e94f8994fce9b44,SY073,2022-12-15,AMC,2022Q3,1.13,1.60,2022-12-14,9364859315.00,9454921911.00,2023-03-20,
0d61f633571404a8bc532ca088d4c88e,SY073,2023-03-20,AMC,2023Q4,1.35,1.24,2023-03-19,1015609779.00,1016551217.00,2023-06-20,2023-03-27
f790655124ba925342e353165cd98a04,SY073,2023-06-20,BMO,2023Q1,1.21,1.38,2023-06-19,17397188082.00,17723054706.00,2023-09-19,
a46436bbdb4f290e50dae5c3391172fc,SY073,2023-09-19,BMO,2023Q2,0.66,0.92,2023-09-18,13171832401.00,13432562488.00,2023-12-18,
0faec1beb935fd0fa67286dfbd2bd325,SY073,2023-12-18,AMC,2023Q3,0.65,0.60,2023-12-17,961634908.00,976862783.00,2024-03-20,
508ec480c85257aa760ea0737de12a4d,SY073,2024-03-20,AMC,2024Q4,1.59,1.64,2024-03-19,19954706761.00,19932853479.00,2024-06-20,
187edd32821fadae8fb167404b018d6e,SY073,2024-06-20,AMC,2024Q1,1.42,1.67,2024-06-19,12637387890.00,12743100130.00,2024-09-19,
e431dbd8f537fe90ca678ddaa31c3772,SY073,2024-09-19,BMO,2024Q2,3.01,2.98,2024-09-18,5356702618.00,5398989105.00,2024-12-18,
0836830ed3118667551dffa39e663040,SY073,2024-12-18,AMC,2024Q3,2.91,2.65,2024-12-17,8463216803.00,8088908413.00,2025-03-24,
239bb4f6cb7bc908e98a8184a5202f8b,SY073,2025-03-24,AMC,2025Q4,2.72,2.21,2025-03-23,13369505013.00,12554668554.00,2025-06-24,
304b10993ed0b38ddc8c3ca2c5aba9ec,SY073,2025-06-24,AMC,2025Q1,1.19,1.25,2025-06-23,6507335302.00,6550896664.00,2025-09-23,
e56834c80dc9714c71b0f16bbeb0bb6a,SY073,2025-09-23,AMC,2025Q2,3.06,2.73,2025-09-22,14300064341.00,14378472197.00,2025-12-22,
57a79a7aa71ab5265fc303d06bc2d5b0,SY073,2025-12-22,BMO,2025Q3,2.31,2.10,2025-12-21,12112559798.00,12436340884.00,,
cd971d50eba71acecabce2e4356b0ff5,SY074,2019-05-20,AMC,2019Q1,2.38,2.41,2019-05-19,13617963185.00,13167694573.00,2019-08-19,
cce6cb52c5c19225f2e9ab940d742d78,SY074,2019-08-19,AMC,2019Q2,2.91,2.53,2019-08-18,10618295349.00,10299462840.00,2019-11-15,
93390428deaad0fac7864cd90ab43ae5,SY074,2019-11-15,AMC,2019Q3,2.61,2.27,2019-11-14,17798116406.00,17066246676.00,2020-02-19,
64578f84864309f233ef5ea6c2f91d6d,SY074,2020-02-19,BMO,2020Q4,0.92,1.16,2020-02-18,11899714482.00,11924239703.00,2020-05-19,
b5a2d25c267d16e8ee2b647bc6a77f28,SY074,2020-05-19,AMC,2020Q1,1.52,1.56,2020-05-18,15124657455.00,14672053470.00,2020-08-18,
67cf76e13947ad0e183ea61bd4b09df8,SY074,2020-08-18,BMO,2020Q2,1.42,1.51,2020-08-17,20483251606.00,19899276326.00,2020-11-16,
4826ad732b72a81aec4bd5fc475d848b,SY074,2020-11-16,AMC,2020Q3,1.16,0.91,2020-11-15,19771423496.00,18301824406.00,2021-02-18,
711fec282e6b30a95082991ed143684c,SY074,2021-02-18,AMC,2021Q4,1.37,1.02,2021-02-17,8920126148.00,8781706841.00,2021-05-19,
6f20b54c2afcd4bd9d5227c74e77adef,SY074,2021-05-19,BMO,2021Q1,2.23,2.23,2021-05-18,6078238238.00,5944011717.00,2021-08-18,
e7e991c74f85f4287058f408ea6bca53,SY074,2021-08-18,AMC,2021Q2,2.43,2.16,2021-08-17,8192278050.00,8322439696.00,2021-11-16,
326408fd743d4319ef0555b9ef50653b,SY074,2021-11-16,BMO,2021Q3,2.39,2.26,2021-11-15,16805205320.00,17086570988.00,2022-02-16,
ccc1e5fc3e989b7560b710f65befd0d7,SY074,2022-02-16,AMC,2022Q4,2.60,2.75,2022-02-15,14551219995.00,15240308779.00,2022-05-18,
ad01c03280f4563c3b4a425513092921,SY074,2022-05-18,AMC,2022Q1,1.04,1.65,2022-05-17,7951140407.00,8321291515.00,2022-08-18,
59da1f85e3d939e0a9e30ed24b20310c,SY074,2022-08-18,AMC,2022Q2,1.53,1.59,2022-08-17,5004246843.00,4844992775.00,2022-11-16,2022-08-29
ce1f48d18d5d54fe2be48323e42436af,SY074,2022-11-16,BMO,2022Q3,1.75,1.32,2022-11-15,2775670676.00,2838603048.00,2023-02-17,
59e8ea62cb5ae3b701753b29ae43ebf6,SY074,2023-02-17,BMO,2023Q4,0.71,0.65,2023-02-16,14635886903.00,14331245871.00,2023-05-19,
3b4449f9a7eb04c102bf0dd3b0e0f94b,SY074,2023-05-19,BMO,2023Q1,3.03,2.71,2023-05-18,2602550964.00,2610166417.00,2023-08-21,
020eb5345b5fbcb78acfa93735f64dc4,SY074,2023-08-21,AMC,2023Q2,2.98,2.70,2023-08-20,13940291653.00,13555589385.00,2023-11-17,
d51558e4cd6c499beb8fb21a749d580a,SY074,2023-11-17,AMC,2023Q3,2.62,2.84,2023-11-16,1628825735.00,1631984147.00,2024-02-21,
320098c1999b9803ae53f226abf873ef,SY074,2024-02-21,BMO,2024Q4,0.53,0.88,2024-02-20,12067387398.00,12290017395.00,2024-05-21,
8a71d3de7899e9de9f7345061e9afa73,SY074,2024-05-21,AMC,2024Q1,0.80,1.01,2024-05-20,6002156874.00,5970474038.00,2024-08-21,
830c5948353592ca36341fe654bfaaea,SY074,2024-08-21,BMO,2024Q2,0.92,0.76,2024-08-20,14550287407.00,14463172931.00,2024-11-19,
57c5f61d37f9bbbbaeda243a45183f94,SY074,2024-11-19,AMC,2024Q3,2.32,2.61,2024-11-18,3318961564.00,3465590237.00,2025-02-24,
46ae72157e5cb1b349a011cb030cb8a5,SY074,2025-02-24,AMC,2025Q4,1.61,1.38,2025-02-23,15325890201.00,15570631724.00,2025-05-23,
3fc0c464423ddfcff68389f9322f7176,SY074,2025-05-23,AMC,2025Q1,1.81,1.58,2025-05-22,18764945172.00,17832947757.00,2025-08-25,
2ff8f5a6f8c28ece25c31cb262755162,SY074,2025-08-25,BMO,2025Q2,1.87,1.71,2025-08-24,1611871283.00,1659003532.00,2025-11-21,
c0b3dd86971b0470c09f3ce17f2c20e8,SY074,2025-11-21,AMC,2025Q3,2.40,2.22,2025-11-20,3333190505.00,3238603400.00,,
e8f126e4771f7f668255ff8a0a2b2eb0,SY075,2019-06-17,BMO,2019Q1,2.76,2.64,2019-06-16,14247405077.00,14611070166.00,2019-09-16,2019-07-02
796ec29f58613aad1e0775ded75d7b75,SY075,2019-09-16,BMO,2019Q2,1.40,1.25,2019-09-15,16752867528.00,15967922021.00,2019-12-13,
1989376177c91352e3d1356c88e89da0,SY075,2019-12-13,BMO,2019Q3,2.77,2.71,2019-12-12,9768319582.00,9500170312.00,2020-03-17,
e506d095c85ade44bcf7e0e01f75920e,SY075,2020-03-17,BMO,2020Q4,0.86,0.61,2020-03-16,17433849175.00,16491191778.00,2020-06-16,
1ec9dcc124317736aa01297d07516713,SY075,2020-06-16,BMO,2020Q1,0.40,0.53,2020-06-15,18546395124.00,18898414806.00,2020-09-15,
d9468348715f4c385e4c4b01284dcaf8,SY075,2020-09-15,AMC,2020Q2,0.29,0.55,2020-09-14,15956569592.00,15493047457.00,2020-12-14,
c0e3c77cd48735f7e5ec9f3c6bf90374,SY075,2020-12-14,BMO,2020Q3,1.93,1.88,2020-12-13,15656696880.00,15759093992.00,2021-03-17,
6db0926a803583a4b54ac9300668977f,SY075,2021-03-17,BMO,2021Q4,2.39,1.91,2021-03-16,15862468456.00,15738189972.00,2021-06-16,
943bf19581d5aa21a56204b361d7a289,SY075,2021-06-16,BMO,2021Q1,1.24,1.11,2021-06-15,4085673810.00,4121762650.00,2021-09-15,
c5766335f7de8c40b2e62bf8a86b4d98,SY075,2021-09-15,AMC,2021Q2,1.16,1.08,2021-09-14,3962766765.00,3908714040.00,2021-12-14,
eff43cf4b3a9cf81a5679acb2f5a2432,SY075,2021-12-14,AMC,2021Q3,1.07,1.24,2021-12-13,16487322719.00,15667624923.00,2022-03-16,
764428a235af99c56d98c81330f19b8f,SY075,2022-03-16,AMC,2022Q4,2.10,2.26,2022-03-15,2223762213.00,2186214029.00,2022-06-15,
1ff471024d602041cfab9adee51c3c26,SY075,2022-06-15,BMO,2022Q1,2.86,2.79,2022-06-14,4797945351.00,4944790352.00,2022-09-15,
ef66500832d2a81f94b94c047b559a71,SY075,2022-09-15,BMO,2022Q2,2.87,2.95,2022-09-14,8937503168.00,8775508343.00,2022-12-14,
ba67b7c5b891563f068c352b2dcd7222,SY075,2022-12-14,AMC,2022Q3,0.94,1.43,2022-12-13,7390619668.00,7379530428.00,2023-03-17,
d271f8bcdba3e9c12f567d8359c0d108,SY075,2023-03-17,AMC,2023Q4,1.94,1.64,2023-03-16,4274868012.00,4181940773.00,2023-06-16,
a3c86ab15f08162a1f0354ae24415a85,SY075,2023-06-16,AMC,2023Q1,0.88,0.81,2023-06-15,1556396365.00,1541339508.00,2023-09-18,
cc0f46747b1f56fa5ce021920bcbfbf9,SY075,2023-09-18,AMC,2023Q2,1.22,1.35,2023-09-17,3943790811.00,3826374642.00,2023-12-15,
6ac12e424d5c62e27dbc4404671c8db7,SY075,2023-12-15,BMO,2023Q3,2.91,2.80,2023-12-14,4341810646.00,4343321073.00,2024-03-19,
479ed4cecb59fd79f1e70af383fa6355,SY075,2024-03-19,AMC,2024Q4,2.56,2.64,2024-03-18,1615137885.00,1639724415.00,2024-06-18,
14c823d850bd2376e5c77869aad8ef19,SY075,2024-06-18,BMO,2024Q1,2.02,2.36,2024-06-17,3663951945.00,3705602681.00,2024-09-18,
f8395277f77baf1f79b8258d26bb9d98,SY075,2024-09-18,AMC,2024Q2,1.81,1.84,2024-09-17,7321065877.00,7695914115.00,2024-12-17,
b999c82879c2e5e5832b1c0ee43b5046,SY075,2024-12-17,BMO,2024Q3,2.97,2.91,2024-12-16,7758531159.00,7837703289.00,2025-03-21,
63d33dd6e4b4d9b3cb96328291d06d4a,SY075,2025-03-21,AMC,2025Q4,1.75,1.62,2025-03-20,10991724968.00,11188151420.00,2025-06-23,
b59422d50b1e1afe1f2e9a498630a7f5,SY075,2025-06-23,BMO,2025Q1,1.34,0.91,2025-06-22,4377668807.00,4195934691.00,2025-09-22,
7b83cc45d918d3326e26c77ea7672323,SY075,2025-09-22,AMC,2025Q2,1.95,2.08,2025-09-21,14784437465.00,14413097875.00,2025-12-19,
eeac4fc7fb2a82a72921c940784e8027,SY075,2025-12-19,AMC,2025Q3,1.01,1.07,2025-12-18,17288060219.00,17138181552.00,,
f391e8a87984a5a2daf0cb613153e187,SY076,2019-06-07,AMC,2019Q1,1.63,1.54,2019-06-06,11724708749.00,11254578293.00,2019-09-06,
509325bbeca60807f9ce4ff29212116d,SY076,2019-09-06,BMO,2019Q2,1.17,1.15,2019-09-05,18224112311.00,17717771537.00,2019-12-05,
421803ef3bb4c43e51186a2aa0dea03e,SY076,2019-12-05,BMO,2019Q3,1.16,0.83,2019-12-04,16483278491.00,16194768469.00,2020-03-09,
8484d2805c0d140c05822ef58f59e5a7,SY076,2020-03-09,AMC,2020Q4,2.00,2.32,2020-03-08,16070424077.00,16675943439.00,2020-06-08,
121720e82b45bfcf1dc46e606db7fca5,SY076,2020-06-08,BMO,2020Q1,0.90,0.90,2020-06-07,1990507267.00,2082675010.00,2020-09-04,
5a60b3914b33e68c7499ee3cbf3b85f7,SY076,2020-09-04,BMO,2020Q2,1.47,1.08,2020-09-03,5975019321.00,5751459919.00,2020-12-04,
18249a1b2c78cbb83fc64284222f9614,SY076,2020-12-04,AMC,2020Q3,3.04,2.95,2020-12-03,2933778103.00,2810372686.00,2021-03-09,
b668a663ca25fcd3983328e6af22a551,SY076,2021-03-09,BMO,2021Q4,1.77,1.81,2021-03-08,18399328932.00,17857428636.00,2021-06-08,
77b8dead9ab8126faa67bcb2e257755b,SY076,2021-06-08,BMO,2021Q1,0.64,0.71,2021-06-07,18757865638.00,18693809996.00,2021-09-07,
44f3d16d25893b124adcaf02dd8a0bcd,SY076,2021-09-07,AMC,2021Q2,2.76,2.95,2021-09-06,12738883459.00,13168408566.00,2021-12-06,
711cffa007c90e323ce42939b306fff7,SY076,2021-12-06,BMO,2021Q3,1.81,1.65,2021-12-05,5733785408.00,5814718961.00,2022-03-08,
f4e6d79210c084bd28540891012f1316,SY076,2022-03-08,AMC,2022Q4,1.17,1.18,2022-03-07,14987113534.00,15359480384.00,2022-06-07,
7b7dbb37a1e7a9fe8f87fa5fa6a06922,SY076,2022-06-07,AMC,2022Q1,0.93,0.88,2022-06-06,1586461392.00,1551165382.00,2022-09-07,
198b0f3444302cc9df1d08bc8fc91652,SY076,2022-09-07,AMC,2022Q2,2.55,2.49,2022-09-06,4674112629.00,4533986863.00,2022-12-06,
69888277743e2d9f408fbe164eb4ae02,SY076,2022-12-06,AMC,2022Q3,3.06,2.98,2022-12-05,3098815572.00,3271020678.00,2023-03-09,
621a74e7ec370482016b04a1dea0973e,SY076,2023-03-09,AMC,2023Q4,3.43,2.88,2023-03-08,3265974774.00,3322467246.00,2023-06-08,
acff8ded5de46710f6a0a32910064cf0,SY076,2023-06-08,AMC,2023Q1,1.85,1.68,2023-06-07,2856701853.00,2881589145.00,2023-09-08,
308dc6f0b4e3170e0ee8d5ff00826124,SY076,2023-09-08,BMO,2023Q2,2.65,2.36,2023-09-07,3533480341.00,3540257210.00,2023-12-07,2023-09-19
57a7838aac1bec7a20f83a4408e0cb29,SY076,2023-12-07,BMO,2023Q3,0.41,0.55,2023-12-06,9578790543.00,10190475313.00,2024-03-11,
c4334021f5534a13cfcc74cbe5e1507e,SY076,2024-03-11,BMO,2024Q4,1.79,1.49,2024-03-10,2398865507.00,2561185681.00,2024-06-10,
efdd73315d5bbd8c51e58ea92a856086,SY076,2024-06-10,BMO,2024Q1,1.77,1.69,2024-06-09,17497992875.00,16986222900.00,2024-09-10,
290a383b9b10d2723d4f3c541275efb4,SY076,2024-09-10,BMO,2024Q2,2.55,2.01,2024-09-09,11905322999.00,11994782169.00,2024-12-09,
eb20c8302e1ce02d0c52eb6efd6d1cfc,SY076,2024-12-09,AMC,2024Q3,2.40,2.31,2024-12-08,4949204696.00,5107286873.00,2025-03-13,
997f8b82bc4683a372b1c59ba51042e4,SY076,2025-03-13,AMC,2025Q4,0.64,0.60,2025-03-12,12939297671.00,13051929016.00,2025-06-12,
1b72742acd7babd4e02e83102f55f580,SY076,2025-06-12,BMO,2025Q1,2.27,2.22,2025-06-11,4962908169.00,5230242655.00,2025-09-12,
2017d3fb7137d6015278a78cbee19d1d,SY076,2025-09-12,BMO,2025Q2,3.05,2.95,2025-09-11,514871669.00,518416884.00,2025-12-11,2025-10-08
49877455803f34a6256a37a75e3254fe,SY076,2025-12-11,BMO,2025Q3,0.55,0.65,2025-12-10,14887283911.00,14858230939.00,,
4ef2623b17e9a46fe433dde154eb8d59,SY077,2019-04-29,AMC,2019Q1,2.43,2.34,2019-04-28,9323344516.00,9546007580.00,2019-07-29,
78c0ac3fe513d8921b85d42184afe6c4,SY077,2019-07-29,AMC,2019Q2,2.57,2.30,2019-07-28,6915828165.00,6699570203.00,2019-10-25,
b30c16cf06a5cf201d43da2536c03cd0,SY077,2019-10-25,BMO,2019Q3,3.14,2.90,2019-10-24,6234663176.00,6545502692.00,2020-01-28,
cead4140672f30f2e68e6fee6773b35f,SY077,2020-01-28,BMO,2020Q4,2.77,2.83,2020-01-27,1422176860.00,1461221933.00,2020-04-28,
6e557eabf4092f41f1ceb629f83e6201,SY077,2020-04-28,AMC,2020Q1,2.38,2.11,2020-04-27,6787802063.00,6393941241.00,2020-07-28,
c8d0ab3ff9e9684049440f56c3a95f9a,SY077,2020-07-28,AMC,2020Q2,2.01,1.69,2020-07-27,10935869275.00,11196839648.00,2020-10-26,
e26fe23e0df3104711052981608a25fe,SY077,2020-10-26,AMC,2020Q3,1.70,1.87,2020-10-25,16005504123.00,16785675878.00,2021-01-27,
c77dd6e59dc163607f72563abf1f54f3,SY077,2021-01-27,BMO,2021Q4,1.57,1.48,2021-01-26,18536279340.00,19066924846.00,2021-04-28,
731c8083dd4687407dc73472e7644520,SY077,2021-04-28,BMO,2021Q1,1.27,1.68,2021-04-27,16817899781.00,17232206236.00,2021-07-28,
a05254b8d500d8d0c06b17452d99c69f,SY077,2021-07-28,BMO,2021Q2,1.15,1.48,2021-07-27,15163765191.00,15529634372.00,2021-10-26,
b67be34cb85ba06f559c1c46ba67fc2a,SY077,2021-10-26,AMC,2021Q3,2.14,1.47,2021-10-25,9588613945.00,9573184997.00,2022-01-26,
c9fdf97d8099f7c519b1197da730552a,SY077,2022-01-26,BMO,2022Q4,1.06,1.00,2022-01-25,14815471220.00,14734996247.00,2022-04-27,
50c5d7e77a986154d505ffe430906f4a,SY077,2022-04-27,BMO,2022Q1,1.09,1.19,2022-04-26,6885823976.00,6800867621.00,2022-07-28,
677470e1b15acbb799b32b2eb080ae2f,SY077,2022-07-28,AMC,2022Q2,2.44,2.34,2022-07-27,8773419095.00,8624994714.00,2022-10-26,
ab0d1017f1300ea669b4216a160d8a27,SY077,2022-10-26,AMC,2022Q3,2.06,2.00,2022-10-25,15726894955.00,14872071555.00,2023-01-27,
a4399019905483c3f4e2aa68998120f8,SY077,2023-01-27,AMC,2023Q4,0.97,0.80,2023-01-26,6841564899.00,6982786950.00,2023-04-28,
3cbbf3cdd38f4627984c10cef0368ed1,SY077,2023-04-28,BMO,2023Q1,2.88,2.82,2023-04-27,6911934028.00,6792811446.00,2023-07-31,
973f46fb4dd350418f15804a55fc8e3e,SY077,2023-07-31,BMO,2023Q2,1.76,1.65,2023-07-30,14684882405.00,14116577705.00,2023-10-27,
38f82449fe729480dbc62fc361395c17,SY077,2023-10-27,AMC,2023Q3,1.42,1.26,2023-10-26,7927614480.00,7466099757.00,2024-01-30,
62e4955f89060206c4d2964108893c83,SY077,2024-01-30,BMO,2024Q4,3.09,2.96,2024-01-29,3206072960.00,3100554497.00,2024-04-30,
3a8cc85ab9a4653cfd40db3ed83a1949,SY077,2024-04-30,BMO,2024Q1,1.63,1.51,2024-04-29,19448015391.00,18529860508.00,2024-07-31,
d13fd334541d3f654f6f79d1c553b58c,SY077,2024-07-31,AMC,2024Q2,0.43,0.67,2024-07-30,19418314834.00,19455703617.00,2024-10-29,
f0cafa5c6f71d5d0a1e7f6abdbaf0100,SY077,2024-10-29,BMO,2024Q3,0.89,0.87,2024-10-28,6259040022.00,6383840452.00,2025-01-31,2024-11-07
7ca80dad85fa8e1716a3645ccef21a4d,SY077,2025-01-31,BMO,2025Q4,2.50,2.34,2025-01-30,4582243185.00,4851767069.00,2025-05-02,
970ae96ded433849218c4e79a358e853,SY077,2025-05-02,BMO,2025Q1,2.87,2.92,2025-05-01,8031596112.00,7840257458.00,2025-08-04,
49128d6cb1fd9a1dd90a7c9fd38cc725,SY077,2025-08-04,BMO,2025Q2,2.11,1.83,2025-08-03,10329485547.00,10529563359.00,2025-10-31,
36f6e0da4d208eaae6358c6e6cac9887,SY077,2025-10-31,BMO,2025Q3,1.78,1.95,2025-10-30,5191486165.00,5389558495.00,,
3dd3df29a2656f9ec9f0e4f896f56cf5,SY078,2019-06-25,AMC,2019Q1,2.79,2.87,2019-06-24,7456054304.00,7563485250.00,2019-09-24,
c6e86b6b53e8b7af50883396c6cc9acf,SY078,2019-09-24,AMC,2019Q2,2.61,2.33,2019-09-23,3078243240.00,3081116928.00,2019-12-23,
3e236827604ef590faa932dde861a959,SY078,2019-12-23,AMC,2019Q3,1.63,1.60,2019-12-22,1440850588.00,1449319594.00,2020-03-25,
7bef33abac3d430d581fcad1acbc0501,SY078,2020-03-25,BMO,2020Q4,2.77,2.73,2020-03-24,19266512000.00,18822585624.00,2020-06-24,
b5d949b1f1dd3ef6d1219a47cd9d8291,SY078,2020-06-24,AMC,2020Q1,1.36,1.10,2020-06-23,11490235221.00,10995048926.00,2020-09-23,
d159afd8053b09af08a41ef90818db6a,SY078,2020-09-23,AMC,2020Q2,1.63,1.53,2020-09-22,7248639048.00,7231133289.00,2020-12-22,
2a702e5dc7f6cdb2f4d295ddca912f61,SY078,2020-12-22,AMC,2020Q3,1.31,1.42,2020-12-21,6782657006.00,6711859073.00,2021-03-25,2021-01-07
c741b36e67dd47516bfde2f58e8a5b5c,SY078,2021-03-25,AMC,2021Q4,1.68,1.61,2021-03-24,4844544205.00,5118862403.00,2021-06-24,2021-04-09
68e6809916d78456709b2013c56449d6,SY078,2021-06-24,BMO,2021Q1,2.60,2.43,2021-06-23,15533183026.00,15765714480.00,2021-09-23,
d6e65deae8e52ede61a89631fd30ebbe,SY078,2021-09-23,AMC,2021Q2,0.81,1.21,2021-09-22,16484576551.00,16538414264.00,2021-12-22,
04847158a9ab80d1fb81b397d9a0bcae,SY078,2021-12-22,BMO,2021Q3,2.33,2.52,2021-12-21,12076187359.00,11618816384.00,2022-03-24,
de5939546a5db1017ced94855522dab6,SY078,2022-03-24,AMC,2022Q4,2.25,2.69,2022-03-23,19276106439.00,19680343423.00,2022-06-24,
0d4019322b3f92a8894e9270199f18c0,SY078,2022-06-24,AMC,2022Q1,1.63,1.90,2022-06-23,13150362614.00,13672893958.00,2022-09-23,
f04a8fc0d6fb4966861b37629e9b54a1,SY078,2022-09-23,AMC,2022Q2,1.97,1.79,2022-09-22,17533906478.00,18301139652.00,2022-12-22,
e5a8642f43853f92ab9ea8e2eedade80,SY078,2022-12-22,AMC,2022Q3,1.81,1.67,2022-12-21,12955062651.00,12825525822.00,2023-03-27,
5f72145e054fd8769fc725471b5091b5,SY078,2023-03-27,AMC,2023Q4,1.51,1.23,2023-03-26,4773346468.00,4515968507.00,2023-06-27,
af7a92092023a286190a72d3c6eb5012,SY078,2023-06-27,AMC,2023Q1,1.87,1.78,2023-06-26,3296248238.00,3288058477.00,2023-09-26,
d2d89d89109f1b4d0b3fa1efb70da2b7,SY078,2023-09-26,BMO,2023Q2,2.87,2.83,2023-09-25,3940776536.00,3967273690.00,2023-12-26,
890969791c46256b682d18472070c060,SY078,2023-12-26,BMO,2023Q3,0.75,0.64,2023-12-25,17572656398.00,16859423539.00,2024-03-27,
0e8c93192c580b592278f0421222945b,SY078,2024-03-27,BMO,2024Q4,1.10,0.91,2024-03-26,1345355684.00,1315956275.00,2024-06-27,
6f8e224b4f92ed13f11771c7c63a1b8e,SY078,2024-06-27,BMO,2024Q1,2.32,1.90,2024-06-26,10061926876.00,10328528419.00,2024-09-26,
e9a1c245721c892406e637e8a25fb5cb,SY078,2024-09-26,AMC,2024Q2,1.59,1.22,2024-09-25,7524837928.00,7995683345.00,2024-12-26,
c7932ed107297e83dc604c8ae3a448c6,SY078,2024-12-26,BMO,2024Q3,1.26,1.50,2024-12-25,16951581387.00,16886241253.00,2025-03-31,
2576e8fa140f154c59ada07a5513c9fd,SY078,2025-03-31,AMC,2025Q4,0.97,1.10,2025-03-30,9758447444.00,9724455514.00,2025-07-01,
9185bb2b09e7e88790eeec8d313d5442,SY078,2025-07-01,AMC,2025Q1,2.87,2.82,2025-06-30,1963879151.00,1999199120.00,2025-09-30,
a93a5a10124a882b2988d19561a92495,SY078,2025-09-30,AMC,2025Q2,0.58,0.70,2025-09-29,12912774877.00,13802627251.00,2025-12-30,
81a0aa3c7654997827e728ae81c08ee1,SY079,2019-05-21,AMC,2019Q1,2.17,2.13,2019-05-20,1888403988.00,1900421777.00,2019-08-20,2019-06-17
514a26082a45530601037a1f7342b290,SY079,2019-08-20,BMO,2019Q2,1.73,1.84,2019-08-19,19374734089.00,19595764655.00,2019-11-18,
bce8a6d549556cdb11a833b72cbd24ae,SY079,2019-11-18,BMO,2019Q3,1.04,0.97,2019-11-17,6255546070.00,6254602160.00,2020-02-20,
3303433a0e7824c02de0b29dbdfd0091,SY079,2020-02-20,AMC,2020Q4,2.41,2.38,2020-02-19,14453120653.00,14900560957.00,2020-05-20,
3e6e7f45f53396206a13c81f0339fcfe,SY079,2020-05-20,BMO,2020Q1,2.02,1.99,2020-05-19,19487397966.00,18888067808.00,2020-08-19,
771fcd6f758ca79aa0fa8c4f8c6c51bd,SY079,2020-08-19,AMC,2020Q2,2.82,2.72,2020-08-18,15585992917.00,16371583387.00,2020-11-17,
1305c6f8872c74f21d7d0d5ca2935538,SY079,2020-11-17,AMC,2020Q3,2.09,2.22,2020-11-16,5715412746.00,5940927441.00,2021-02-19,2020-12-14
94a66b5c7d0e8ff49569adafeaad5721,SY079,2021-02-19,BMO,2021Q4,2.64,2.61,2021-02-18,14398568761.00,14877363819.00,2021-05-20,
b12042e887effaded0450c0660a77f75,SY079,2021-05-20,BMO,2021Q1,0.64,0.60,2021-05-19,5141783504.00,5211418200.00,2021-08-19,
b730f6e1a0a841b10ffa73efbed3cea5,SY079,2021-08-19,AMC,2021Q2,1.06,0.79,2021-08-18,18021732876.00,17473717383.00,2021-11-17,
1ab4fa6ef527ff7f1bd71e914fc455c1,SY079,2021-11-17,BMO,2021Q3,0.84,0.59,2021-11-16,14477444323.00,13816971472.00,2022-02-17,2021-11-30
e20a179471248f97654efbb90c47d45d,SY079,2022-02-17,AMC,2022Q4,0.68,0.94,2022-02-16,13249861095.00,12972677123.00,2022-05-19,
e60672ca5d26d462adf9b421b2529e35,SY079,2022-05-19,BMO,2022Q1,0.67,0.95,2022-05-18,16819824557.00,16954130262.00,2022-08-19,
c6fdc968a9fe70e20edf92d1f776fa42,SY079,2022-08-19,BMO,2022Q2,1.14,0.80,2022-08-18,11687848262.00,11939193678.00,2022-11-17,
aaace332be4151f74398cdcfe058f341,SY079,2022-11-17,AMC,2022Q3,2.38,1.93,2022-11-16,16259972273.00,15861122822.00,2023-02-21,
8e1ae1dc74a1c94c409ba5cad9e3aac3,SY079,2023-02-21,AMC,2023Q4,2.15,1.85,2023-02-20,2837410499.00,2772177465.00,2023-05-22,
858084be5d9f1da77864f6b76656641b,SY079,2023-05-22,AMC,2023Q1,0.54,0.66,2023-05-21,16604559888.00,16039839653.00,2023-08-22,
a294044582b37d72e2e40d64ee2babc0,SY079,2023-08-22,AMC,2023Q2,0.54,0.56,2023-08-21,9578640857.00,9610427130.00,2023-11-20,
a5c03d1e2dd2401d4b0e212c8d1f2a55,SY079,2023-11-20,AMC,2023Q3,0.12,0.51,2023-11-19,13556820032.00,13699009474.00,2024-02-22,
f5300bb557d9e5b29e43e8fcd272fa85,SY079,2024-02-22,AMC,2024Q4,2.14,2.53,2024-02-21,18567396961.00,18419964127.00,2024-05-22,
1c7f2add40fa93c48f3a4e7c31f9a913,SY079,2024-05-22,BMO,2024Q1,0.78,0.83,2024-05-21,7021299485.00,7294438676.00,2024-08-22,
fdca1b5e613e69ce8bb96ecb211a765c,SY079,2024-08-22,BMO,2024Q2,2.24,2.41,2024-08-21,3041398399.00,3122839397.00,2024-11-20,
8295adfd376e3136248c6d352edbe710,SY079,2024-11-20,BMO,2024Q3,2.24,2.38,2024-11-19,9405914460.00,8802609746.00,2025-02-25,
d0ab20c24501b67a54e9dc3d4850f5f9,SY079,2025-02-25,AMC,2025Q4,3.15,2.74,2025-02-24,18046852766.00,18588994548.00,2025-05-27,
efe8cf317683c4cf9de3ed8274e00edf,SY079,2025-05-27,BMO,2025Q1,1.64,1.46,2025-05-26,17147630540.00,16838136084.00,2025-08-26,
921752009ba74a574520f2432b741423,SY079,2025-08-26,AMC,2025Q2,1.06,1.18,2025-08-25,13080993644.00,12833291652.00,2025-11-24,
511b1c2d39f9f3aab2efe8b1f614694a,SY079,2025-11-24,BMO,2025Q3,1.55,1.34,2025-11-23,12725741332.00,12504842304.00,,
9bb8febd571cbf077fd56be0803f9ea6,SY080,2019-06-19,BMO,2019Q1,1.22,1.44,2019-06-18,6867321657.00,6724141893.00,2019-09-18,
ec24dae0d3edbd7b64168d4714aeb38e,SY080,2019-09-18,AMC,2019Q2,1.44,1.79,2019-09-17,5201558259.00,5297341850.00,2019-12-17,
c80ab58b61ec261bd8ae82bf5cc8039e,SY080,2019-12-17,BMO,2019Q3,0.89,0.78,2019-12-16,10035355790.00,9595698468.00,2020-03-19,
9da40748eec3edcb43d2a965dc064008,SY080,2020-03-19,AMC,2020Q4,1.71,1.40,2020-03-18,9232883690.00,9310892261.00,2020-06-18,
d2c1c280965f7ea6e253545747ff6074,SY080,2020-06-18,AMC,2020Q1,2.30,2.01,2020-06-17,8830804012.00,8862674107.00,2020-09-17,
ce10859b3566f62c6cb0b4a919e18048,SY080,2020-09-17,AMC,2020Q2,1.57,1.55,2020-09-16,12021543494.00,11803332968.00,2020-12-16,
701c1bffc2e4bb7d0852575207afef6e,SY080,2020-12-16,AMC,2020Q3,1.33,1.09,2020-12-15,5507551706.00,5483366945.00,2021-03-19,
029e740abd8fe29a143af5e8e5949d14,SY080,2021-03-19,BMO,2021Q4,1.04,0.96,2021-03-18,6240082290.00,6402736357.00,2021-06-18,
028568a523be43d2b8fbc6dd86104a4c,SY080,2021-06-18,AMC,2021Q1,0.81,0.62,2021-06-17,5430917474.00,5367921320.00,2021-09-17,
4434a7df8cf100692f8b139f3ac1d99e,SY080,2021-09-17,BMO,2021Q2,0.89,1.09,2021-09-16,13429705128.00,13544714525.00,2021-12-16,
a269236a7bb40a3a4622b3ea5ac4afdc,SY080,2021-12-16,BMO,2021Q3,2.40,2.61,2021-12-15,17715050917.00,19229953723.00,2022-03-18,
8b3ae2130e9f980b6fa47d43d74ad56c,SY080,2022-03-18,BMO,2022Q4,2.14,2.06,2022-03-17,11603762561.00,11720887758.00,2022-06-17,
fb0403a28213fb479eee115850755d1e,SY080,2022-06-17,AMC,2022Q1,1.81,1.71,2022-06-16,11845762539.00,11985640889.00,2022-09-19,
fd7a39a0ce1f0ad90e75fd5479be474c,SY080,2022-09-19,BMO,2022Q2,1.34,1.63,2022-09-18,1621840685.00,1656025825.00,2022-12-16,
c242e529353369f5c34e3af30b5ffc5c,SY080,2022-12-16,AMC,2022Q3,2.41,2.19,2022-12-15,12776125427.00,12511694833.00,2023-03-21,
ea9456a7da30ee450c8867bf36a31cf7,SY080,2023-03-21,BMO,2023Q4,2.71,2.71,2023-03-20,1485347628.00,1502009975.00,2023-06-21,
7e8c91a5960d3b9be82b1cb42c50c3ac,SY080,2023-06-21,AMC,2023Q1,0.60,1.00,2023-06-20,8262560424.00,8193226442.00,2023-09-20,
7b17e3384fe62fdfceafe7d31dea4ba4,SY080,2023-09-20,AMC,2023Q2,2.46,2.46,2023-09-19,8015212045.00,7806073024.00,2023-12-19,2023-10-16
727e31792e149db3c23a41ea9a24d8cc,SY080,2023-12-19,AMC,2023Q3,2.67,2.66,2023-12-18,18689420238.00,18058748322.00,2024-03-21,
1fb5183f224103bd0561896fa4f6d69b,SY080,2024-03-21,BMO,2024Q4,2.15,1.98,2024-03-20,12704798847.00,12705401943.00,2024-06-21,
e751c1e27302c6f09f3852be59b1a6b7,SY080,2024-06-21,AMC,2024Q1,2.46,2.30,2024-06-20,7010277786.00,6845758386.00,2024-09-20,
d597286182411e76bfa9ebadc493fd1c,SY080,2024-09-20,AMC,2024Q2,1.41,1.52,2024-09-19,12649770755.00,12741269323.00,2024-12-19,
41a57e99ae0831e059891007b7eb03d0,SY080,2024-12-19,BMO,2024Q3,1.17,1.42,2024-12-18,1753177453.00,1710886986.00,2025-03-25,
4b5acba8c3e26525906389f01e1b300a,SY080,2025-03-25,AMC,2025Q4,1.23,0.93,2025-03-24,19025979849.00,19330901967.00,2025-06-25,
c6eb3e8b9e14c87cb742a413d09c401e,SY080,2025-06-25,AMC,2025Q1,1.65,1.86,2025-06-24,14365888965.00,14090743902.00,2025-09-24,
fb31391564f69a5ff0b3d0202239983d,SY080,2025-09-24,BMO,2025Q2,1.01,1.12,2025-09-23,5573689267.00,5572887850.00,2025-12-23,2025-10-07
0002056dcb023c58f18d6475f5dff366,SY080,2025-12-23,AMC,2025Q3,0.62,0.55,2025-12-22,12875470741.00,12980797162.00,,
f4c6fc911e3226f349fc15b1618a603b,SY081,2019-05-22,AMC,2019Q1,1.24,1.42,2019-05-21,1227806123.00,1207380197.00,2019-08-21,
b683ce8ef85c9b545427323f2f4dfa78,SY081,2019-08-21,BMO,2019Q2,1.62,1.44,2019-08-20,8038420350.00,7872934152.00,2019-11-19,
56136a56c9be72183fdc2ceffb1fb7e4,SY081,2019-11-19,AMC,2019Q3,2.14,2.14,2019-11-18,19107456877.00,18316013256.00,2020-02-21,
c60e92e28f15bde7d93d4cde05a471e5,SY081,2020-02-21,AMC,2020Q4,1.18,1.22,2020-02-20,7553180777.00,7285896423.00,2020-05-21,
180380d4e5cb1d089f60a1ac6e75153a,SY081,2020-05-21,AMC,2020Q1,1.00,1.16,2020-05-20,5148787983.00,5596394404.00,2020-08-20,
2df13d09edd12d3f3b665ad4209d3e92,SY081,2020-08-20,AMC,2020Q2,2.70,2.82,2020-08-19,8175849498.00,8295351691.00,2020-11-18,
da14e54f0b85928038f7ef64dcff52f1,SY081,2020-11-18,BMO,2020Q3,1.43,1.63,2020-11-17,4911547853.00,4849688797.00,2021-02-22,
cf13d865dfdd202183afc4065f82ddb0,SY081,2021-02-22,BMO,2021Q4,0.90,1.13,2021-02-21,1681901828.00,1742929966.00,2021-05-21,
582def614453483493b41bedd1cd5162,SY081,2021-05-21,AMC,2021Q1,1.33,1.04,2021-05-20,10054726136.00,10211687157.00,2021-08-20,
b7ac2b517b9616022915e363f79e0f7a,SY081,2021-08-20,AMC,2021Q2,1.82,1.77,2021-08-19,12655857345.00,13269551293.00,2021-11-18,
2f961cb99c5f0585c10575b24d32cc40,SY081,2021-11-18,AMC,2021Q3,2.85,2.88,2021-11-17,6407124082.00,6150010286.00,2022-02-18,
a4c70b469d65765e5f2c2e0cc12d067b,SY081,2022-02-18,BMO,2022Q4,2.79,2.68,2022-02-17,15265583243.00,15145391460.00,2022-05-20,
efb597f1e1a50bf1eb6a667d335f9689,SY081,2022-05-20,BMO,2022Q1,2.43,2.35,2022-05-19,5289127105.00,5262860349.00,2022-08-22,
0122ca94341881ac0d4ac68e304cf224,SY081,2022-08-22,BMO,2022Q2,1.06,1.27,2022-08-21,19907358548.00,19704556815.00,2022-11-18,
1027fab7949e7842dc2b5dd8fe77247c,SY081,2022-11-18,AMC,2022Q3,1.71,1.74,2022-11-17,872118034.00,806032667.00,2023-02-22,
ba1fa05387ed207c501bd9562ef42062,SY081,2023-02-22,BMO,2023Q4,2.21,2.15,2023-02-21,19056872424.00,17761649776.00,2023-05-23,
08df4919ef554f575fe51f4a3aba2baa,SY081,2023-05-23,AMC,2023Q1,1.54,1.42,2023-05-22,15307394690.00,15794611960.00,2023-08-23,
bedfad50402bf54c721ecd16caf7e10d,SY081,2023-08-23,AMC,2023Q2,1.37,1.56,2023-08-22,3082507157.00,3039654023.00,2023-11-21,
64f68d51f8c54dfd138c1135ca3a442a,SY081,2023-11-21,AMC,2023Q3,1.03,1.35,2023-11-20,12289861933.00,12171315820.00,2024-02-23,
7d1216bd8aca7d17a3186614e743600e,SY081,2024-02-23,BMO,2024Q4,0.63,0.71,2024-02-22,12687635862.00,12811329375.00,2024-05-23,
be0a1281ce73a13425275d695cce6874,SY081,2024-05-23,AMC,2024Q1,1.09,1.03,2024-05-22,5745090749.00,5401299429.00,2024-08-23,
c734295c0518ab717f1f083ee9aa0fc3,SY081,2024-08-23,BMO,2024Q2,0.97,0.83,2024-08-22,7906022649.00,7918236621.00,2024-11-21,
f5dcbdd6a91e4618c3b9f848a1ca44e4,SY081,2024-11-21,AMC,2024Q3,1.82,2.13,2024-11-20,956347778.00,934603479.00,2025-02-26,
c6cdbcf33b5f89fbd920c2d33a8d66fd,SY081,2025-02-26,BMO,2025Q4,1.09,1.26,2025-02-25,7323256177.00,7334025729.00,2025-05-28,
dee0ef40b8efbd48c3059814aba007e9,SY081,2025-05-28,AMC,2025Q1,2.57,2.79,2025-05-27,4055058043.00,4149173354.00,2025-08-27,2025-06-16
3c9ce3c4ec396a375dec02e722f69cab,SY081,2025-08-27,AMC,2025Q2,2.33,2.11,2025-08-26,19016366879.00,18765525813.00,2025-11-25,
862c7da6b8337648cf513b93ba420da1,SY081,2025-11-25,AMC,2025Q3,0.72,0.76,2025-11-24,18725149812.00,19477379847.00,,
f742165f24a5a7f8fa7658fcb8e520dd,SY082,2019-05-16,BMO,2019Q1,2.64,2.82,2019-05-15,2344059269.00,2342641750.00,2019-08-15,2019-06-10
0d85a87b37961f23d163cddf5f7647ad,SY082,2019-08-15,AMC,2019Q2,1.70,1.88,2019-08-14,14512899178.00,15320642220.00,2019-11-13,
ef03a343553a598e6383c426e082b996,SY082,2019-11-13,BMO,2019Q3,2.51,2.75,2019-11-12,18165764673.00,18549998997.00,2020-02-14,
a9b65a8219bc66d95fde412588554c90,SY082,2020-02-14,BMO,2020Q4,1.59,1.54,2020-02-13,5060748504.00,5258845400.00,2020-05-15,
0ee39c33dfd1d60154741795e167d84a,SY082,2020-05-15,AMC,2020Q1,0.60,0.57,2020-05-14,4272776436.00,4416750151.00,2020-08-14,
4b5d6abdb7fcea43ef8794cc0ab345ba,SY082,2020-08-14,AMC,2020Q2,2.57,2.80,2020-08-13,11439297198.00,11685338214.00,2020-11-12,
57a5dbb60a2566c48187e7384a0de195,SY082,2020-11-12,BMO,2020Q3,2.26,2.55,2020-11-11,9504618116.00,9587890061.00,2021-02-16,
0f640b0428b70b324f0d75dd654849ee,SY082,2021-02-16,BMO,2021Q4,2.27,2.15,2021-02-15,15946263930.00,16450072684.00,2021-05-17,
27561e650d3a5f69f494f01c62799a06,SY082,2021-05-17,AMC,2021Q1,1.90,2.01,2021-05-16,12173715831.00,11703426866.00,2021-08-16,2021-05-26
21250f437e38f5676d733afe0caf6e48,SY082,2021-08-16,AMC,2021Q2,1.08,1.42,2021-08-15,4847714525.00,5352616778.00,2021-11-12,
92dda9999bb63b1d1f2642406754c441,SY082,2021-11-12,BMO,2021Q3,1.09,1.23,2021-11-11,11522570634.00,11572745213.00,2022-02-14,
18a9599d953eb4198c2674edfb038b92,SY082,2022-02-14,AMC,2022Q4,1.60,1.80,2022-02-13,17086588175.00,17314095670.00,2022-05-16,
33dd8ee9aa4f93d30709ab176de0e5c1,SY082,2022-05-16,BMO,2022Q1,1.58,1.51,2022-05-15,7046832694.00,6512296153.00,2022-08-16,
f5d21146bf1967ae406863fdab902bcb,SY082,2022-08-16,AMC,2022Q2,1.39,1.72,2022-08-15,7731897897.00,7621101845.00,2022-11-14,
dae9cd728b0dbc837ba71929519ee833,SY082,2022-11-14,AMC,2022Q3,2.62,2.62,2022-11-13,19308175898.00,19721301864.00,2023-02-15,
0891bc4c7af7e2fbdb9958aff15ed6b0,SY082,2023-02-15,AMC,2023Q4,2.26,2.74,2023-02-14,2609381997.00,2529867356.00,2023-05-17,
040b1dd6cd5c31f59aa6072ccbb76182,SY082,2023-05-17,BMO,2023Q1,1.61,1.32,2023-05-16,4545039559.00,4309251930.00,2023-08-17,
51c2ecb318e178649944c63e7f2175ee,SY082,2023-08-17,AMC,2023Q2,2.79,2.89,2023-08-16,9283160653.00,8835737684.00,2023-11-15,
9e76890ccd45528e99858b19f5573067,SY082,2023-11-15,BMO,2023Q3,2.67,2.45,2023-11-14,11864936458.00,11912894746.00,2024-02-16,
01ae5099c93b0194d5b0a61a76f09114,SY082,2024-02-16,AMC,2024Q4,1.79,1.84,2024-02-15,5315450755.00,5449941099.00,2024-05-17,
db7365ea37b68a2442e9f773307b965d,SY082,2024-05-17,BMO,2024Q1,3.42,2.83,2024-05-16,10432599491.00,9669957710.00,2024-08-19,
f7fb8e0fba6abddebae968cceb46420b,SY082,2024-08-19,AMC,2024Q2,1.03,1.37,2024-08-18,13247358576.00,12745304299.00,2024-11-15,
0fedab083120e9c2632f1993052a86f9,SY082,2024-11-15,AMC,2024Q3,1.78,1.67,2024-11-14,11598610657.00,11579923118.00,2025-02-20,
79a9a0d5431ba9fcbbdd4a8cf188e5f0,SY082,2025-02-20,AMC,2025Q4,0.68,1.02,2025-02-19,12984238373.00,13391958413.00,2025-05-21,
ce69bf946f2612873effc9a508aa0b92,SY082,2025-05-21,AMC,2025Q1,1.73,1.69,2025-05-20,4975235301.00,5007923571.00,2025-08-21,
9bae0d00523c8f618c63005a23289f04,SY082,2025-08-21,AMC,2025Q2,1.45,1.55,2025-08-20,994029715.00,991946206.00,2025-11-19,2025-09-05
379b27e05085173d0adf83e339d1980a,SY082,2025-11-19,AMC,2025Q3,1.04,0.84,2025-11-18,16808027802.00,16501210555.00,,
faea4db6076cdcaf931f10dfb1492345,SY083,2019-04-23,BMO,2019Q1,1.11,1.11,2019-04-22,543814924.00,589520015.00,2019-07-23,
cb595f60b57c9333c198e3dd3dbccdf7,SY083,2019-07-23,BMO,2019Q2,3.06,2.97,2019-07-22,4300618774.00,4401785399.00,2019-10-21,
98d678dce333fe672a981f2d2bc796c0,SY083,2019-10-21,AMC,2019Q3,2.39,2.42,2019-10-20,2358385219.00,2328297899.00,2020-01-22,
0bc6c3ff2aa2fd86cafb50d1eb88a31a,SY083,2020-01-22,BMO,2020Q4,1.17,1.33,2020-01-21,19541214801.00,19813021277.00,2020-04-22,
ed417e5839670751f999c51fba8830a7,SY083,2020-04-22,AMC,2020Q1,1.88,1.66,2020-04-21,14169309626.00,15012353267.00,2020-07-22,
8ef6ee549e606bb19f21939cb8861cd0,SY083,2020-07-22,AMC,2020Q2,0.82,0.69,2020-07-21,6018447074.00,6125312248.00,2020-10-20,
ce39a7b262ed96d57093bd2a90dd7516,SY083,2020-10-20,BMO,2020Q3,2.32,2.42,2020-10-19,5120139932.00,5278370795.00,2021-01-21,
329cc844a5812006173e38924748baa6,SY083,2021-01-21,AMC,2021Q4,1.57,1.74,2021-01-20,14592349177.00,14540888741.00,2021-04-22,
29c555c7ae415135b2aefcea09028be5,SY083,2021-04-22,BMO,2021Q1,2.51,2.45,2021-04-21,4000256201.00,3991263776.00,2021-07-22,
05068c28417350a04389034ad666fe2e,SY083,2021-07-22,AMC,2021Q2,2.54,2.57,2021-07-21,4460645801.00,4386841148.00,2021-10-20,
6c4d415fb77919e15f974dfc2e4f8545,SY083,2021-10-20,AMC,2021Q3,0.89,0.89,2021-10-19,19249451125.00,19282692168.00,2022-01-20,
4d7a4f77e5a55c4ffe1402912b366ce4,SY083,2022-01-20,AMC,2022Q4,1.01,1.43,2022-01-19,14786870857.00,15063139917.00,2022-04-21,
8818664a5b55401234afb6b7c9c0053d,SY083,2022-04-21,AMC,2022Q1,0.35,0.55,2022-04-20,2601428301.00,2505014019.00,2022-07-22,
f3e435d26baefe33657114b89ea006ac,SY083,2022-07-22,BMO,2022Q2,2.29,2.62,2022-07-21,12610752007.00,12465855459.00,2022-10-20,
2169cd325a4472afb10649114540bf06,SY083,2022-10-20,BMO,2022Q3,1.64,1.66,2022-10-19,1136749290.00,1093791027.00,2023-01-23,
3938446cbb33022c0990307c0d89a6d6,SY083,2023-01-23,BMO,2023Q4,2.60,2.66,2023-01-22,6134950816.00,6660931560.00,2023-04-24,
c48cabc9eda06a57787e56161b78d91d,SY083,2023-04-24,AMC,2023Q1,0.69,0.72,2023-04-23,7905323944.00,7635941108.00,2023-07-25,
697700eb0a80705c548dd094a29f220b,SY083,2023-07-25,AMC,2023Q2,3.07,2.84,2023-07-24,5631780148.00,5726304492.00,2023-10-23,
762b4100e6c47a013b977af8e91f12b3,SY083,2023-10-23,AMC,2023Q3,2.15,2.58,2023-10-22,15816645871.00,15813773437.00,2024-01-24,
d0ef230daffc34154951a050fcff647f,SY083,2024-01-24,AMC,2024Q4,0.95,0.86,2024-01-23,6013504907.00,6066537697.00,2024-04-24,
f9e8b8b1b49943b9f9ed087d8d5e4bf4,SY083,2024-04-24,AMC,2024Q1,0.50,1.12,2024-04-23,7640094391.00,7787536017.00,2024-07-25,
6aa653f41dac49873c27660ccb4a0d43,SY083,2024-07-25,AMC,2024Q2,1.23,1.58,2024-07-24,18475871747.00,18070281165.00,2024-10-23,
46c42de8eb478206d2d0687e04eaa000,SY083,2024-10-23,AMC,2024Q3,2.37,2.01,2024-10-22,8793080986.00,8831420267.00,2025-01-27,
5646985a5cb3e051ab782900de34e636,SY083,2025-01-27,BMO,2025Q4,1.90,1.98,2025-01-26,1111459187.00,1095506229.00,2025-04-28,
47c206e5fde37bbaf082b05f3513ca15,SY083,2025-04-28,BMO,2025Q1,2.25,2.18,2025-04-27,12529039108.00,12600282990.00,2025-07-29,
0c808da0b266db2be64505551d4e4811,SY083,2025-07-29,AMC,2025Q2,1.67,1.36,2025-07-28,16453574371.00,17347056917.00,2025-10-27,
58fbed1ce1d081a00ce2ab5447ed5886,SY083,2025-10-27,AMC,2025Q3,1.46,1.24,2025-10-26,18542370370.00,17714834814.00,,
03763eed00e1cbe8970923e80320eeac,SY084,2019-05-20,BMO,2019Q1,2.39,2.39,2019-05-19,15450130588.00,15904575354.00,2019-08-19,
d6c75f8d816562b1c5c139e60655399a,SY084,2019-08-19,BMO,2019Q2,0.72,0.66,2019-08-18,12334451877.00,12288528973.00,2019-11-15,
b46b7a474c05f52d9b14cdd5e4797a86,SY084,2019-11-15,BMO,2019Q3,1.89,1.85,2019-11-14,2891979285.00,2766969289.00,2020-02-19,
13dedc3024f581e0f3ef8cf7967596b9,SY084,2020-02-19,AMC,2020Q4,2.71,2.28,2020-02-18,4450499907.00,4478336676.00,2020-05-19,
614fae0b327236d97b10bb4364bd19f1,SY084,2020-05-19,AMC,2020Q1,2.61,2.82,2020-05-18,14981004340.00,15465387787.00,2020-08-18,
f767c09d678d4fc1309b29758d4e4c05,SY084,2020-08-18,AMC,2020Q2,1.34,1.46,2020-08-17,18577419097.00,18568881891.00,2020-11-16,
bb29990a7cfefa53c01dfc35a98d19e3,SY084,2020-11-16,BMO,2020Q3,0.31,0.72,2020-11-15,9182139320.00,9049793764.00,2021-02-18,
eb21c16fe2a4d830e2823d0c5cc5bf20,SY084,2021-02-18,BMO,2021Q4,3.02,2.88,2021-02-17,19338707165.00,19876504954.00,2021-05-19,
092930de03f4e94fb1aa2b9a78e41f94,SY084,2021-05-19,BMO,2021Q1,2.16,2.04,2021-05-18,6220982926.00,5837015899.00,2021-08-18,
7892068b5d1efbaf69c83eda5ee7b9d4,SY084,2021-08-18,BMO,2021Q2,2.40,1.96,2021-08-17,11823503431.00,11343221096.00,2021-11-16,
01a65542e6cb323dee4f85aa357174cd,SY084,2021-11-16,AMC,2021Q3,1.47,1.67,2021-11-15,5309954139.00,5433233980.00,2022-02-16,2021-12-13
604e745468936cb0c1c4604159575236,SY084,2022-02-16,BMO,2022Q4,0.92,0.81,2022-02-15,14217034060.00,14510924210.00,2022-05-18,
f4ee4800fa347065b98adedc473f6470,SY084,2022-05-18,AMC,2022Q1,2.18,2.07,2022-05-17,2006207847.00,2014353473.00,2022-08-18,
ab3e97ecb20efe42160f6de6c4baf34f,SY084,2022-08-18,AMC,2022Q2,1.95,2.18,2022-08-17,9777293417.00,9795985442.00,2022-11-16,
40a2b899253b68bd7d07b2bf2167f98a,SY084,2022-11-16,AMC,2022Q3,0.93,0.85,2022-11-15,8757831827.00,8865570549.00,2023-02-17,2022-12-06
9e6a37eafc8a6679bdfaa46e1331683b,SY084,2023-02-17,AMC,2023Q4,1.27,1.55,2023-02-16,18878132121.00,19205474820.00,2023-05-19,
9291730d295c2d903897242dc82b85d6,SY084,2023-05-19,BMO,2023Q1,1.22,1.57,2023-05-18,2196679749.00,2088582241.00,2023-08-21,
5c5c5a8b607217155740001b3927fd2c,SY084,2023-08-21,BMO,2023Q2,2.51,2.60,2023-08-20,9724645417.00,9463858616.00,2023-11-17,
705f49d193c964cb670926896e9c41c1,SY084,2023-11-17,BMO,2023Q3,1.22,1.09,2023-11-16,2093509583.00,2086467024.00,2024-02-21,
26aa5eb0c118622c4fb4d66745ca385a,SY084,2024-02-21,AMC,2024Q4,2.29,2.28,2024-02-20,17221050702.00,17513268832.00,2024-05-21,
b76a83dba3d917536b6c1e5879bde0e8,SY084,2024-05-21,BMO,2024Q1,2.21,2.05,2024-05-20,7069335301.00,6945069021.00,2024-08-21,
2aad0ee0f8fe6fce126d2511e7821c72,SY084,2024-08-21,AMC,2024Q2,3.08,2.64,2024-08-20,17000323357.00,16652887082.00,2024-11-19,
10a80de46e71ae4420ada8c4d37ea379,SY084,2024-11-19,AMC,2024Q3,1.61,1.28,2024-11-18,2753849303.00,2704310727.00,2025-02-24,
48433fe8a69f50c0665e36b5e6208653,SY084,2025-02-24,AMC,2025Q4,2.43,2.78,2025-02-23,8123282252.00,8206475754.00,2025-05-23,
82ddfa399a18237b460d4c55094b20ee,SY084,2025-05-23,AMC,2025Q1,1.14,1.50,2025-05-22,1178656484.00,1206750143.00,2025-08-25,2025-06-06
f53f85d6ce5e32b36d5006272f38575d,SY084,2025-08-25,AMC,2025Q2,1.59,1.40,2025-08-24,7122299816.00,7058201120.00,2025-11-21,2025-09-04
c50b3d63a814f042670a51125d04365c,SY084,2025-11-21,AMC,2025Q3,1.91,1.78,2025-11-20,19843890511.00,19831133819.00,,
771be7052dd0989e0b14c4e042d17ab0,SY085,2019-04-15,BMO,2019Q1,1.62,1.50,2019-04-14,7403646146.00,7120055226.00,2019-07-16,
b3e2d6c263d06eb8ac005bf9c97329a7,SY085,2019-07-16,AMC,2019Q2,1.37,1.41,2019-07-15,12254122489.00,12781284942.00,2019-10-14,
b6b662922f18c12827db5395ed160489,SY085,2019-10-14,BMO,2019Q3,2.47,2.40,2019-10-13,10782021753.00,10974488341.00,2020-01-14,
0b917e876cb519739911e2d877b52af4,SY085,2020-01-14,AMC,2020Q4,1.82,1.58,2020-01-13,6887691296.00,6807886738.00,2020-04-15,
26e13b9c54b6e07ab09db634969a369a,SY085,2020-04-15,BMO,2020Q1,0.65,0.67,2020-04-14,14720564086.00,14666591224.00,2020-07-15,2020-04-29
22bc760202b3c1812b5dbef2c6f27bf5,SY085,2020-07-15,AMC,2020Q2,1.90,1.94,2020-07-14,6219005472.00,6375644240.00,2020-10-13,
46d418d0dc0c089dc3a04776017c8600,SY085,2020-10-13,BMO,2020Q3,1.14,1.40,2020-10-12,12159275481.00,11837604780.00,2021-01-13,
4287d665b43bc3343639c6bc65e1bbe2,SY085,2021-01-13,AMC,2021Q4,2.61,2.75,2021-01-12,16808455548.00,17636762011.00,2021-04-15,
503d2133b8999df3a5a19a73330f77cf,SY085,2021-04-15,AMC,2021Q1,1.93,1.80,2021-04-14,15810604348.00,15467599702.00,2021-07-15,
abb18195286f0d1e84c46e57175cd531,SY085,2021-07-15,AMC,2021Q2,1.00,1.12,2021-07-14,11518357203.00,11825901891.00,2021-10-13,
2de4dd68b3c30d6911a42d14edeec751,SY085,2021-10-13,AMC,2021Q3,0.85,0.87,2021-10-12,7415975367.00,7746716017.00,2022-01-12,
ee9267fc4f85882176fa489b653237ce,SY085,2022-01-12,BMO,2022Q4,0.83,0.83,2022-01-11,2532849649.00,2574143053.00,2022-04-13,
ed852b57789c862adae174cc507147ed,SY085,2022-04-13,BMO,2022Q1,1.46,1.35,2022-04-12,18748342776.00,18842169668.00,2022-07-15,2022-05-03
3d732e00695eb9cd895036155171276c,SY085,2022-07-15,AMC,2022Q2,1.15,0.89,2022-07-14,14701974255.00,14930333865.00,2022-10-13,
39fb6e6a370e7b3a87658b2823bbc8df,SY085,2022-10-13,BMO,2022Q3,1.25,1.40,2022-10-12,14871757844.00,15370111967.00,2023-01-13,
6b36cbee65b915fe8d730eb461fe90c9,SY085,2023-01-13,AMC,2023Q4,1.11,1.13,2023-01-12,16264782754.00,15739060455.00,2023-04-17,
14412b574d9c1566f8d1801d5ca843f1,SY085,2023-04-17,AMC,2023Q1,1.35,1.58,2023-04-16,1758737656.00,1688508216.00,2023-07-18,
11e2e44a23913ff268092d0d1a0f52a8,SY085,2023-07-18,BMO,2023Q2,2.06,2.11,2023-07-17,2183213890.00,2155026433.00,2023-10-16,
a8c5705e1957e19252b48ee9d7fce3ba,SY085,2023-10-16,BMO,2023Q3,1.25,0.77,2023-10-15,17396393319.00,18020198251.00,2024-01-17,
267712ba90ef74f224d9f373edadd6a3,SY085,2024-01-17,BMO,2024Q4,0.59,0.65,2024-01-16,4176441402.00,4213993020.00,2024-04-17,
07cbc6d4bbd3dea1c9f5ac3df7b14066,SY085,2024-04-17,AMC,2024Q1,3.10,2.73,2024-04-16,17209125234.00,16292907140.00,2024-07-18,
8fd60361d0118c498156cbbd5660d6ed,SY085,2024-07-18,BMO,2024Q2,2.37,2.45,2024-07-17,7768468578.00,7692638122.00,2024-10-16,
3bda39f4b111fd68a624e2766e211e6d,SY085,2024-10-16,AMC,2024Q3,0.91,0.83,2024-10-15,2053464108.00,2199261356.00,2025-01-17,
58d75054977a0ff441f1be44e457581c,SY085,2025-01-17,BMO,2025Q4,2.53,2.39,2025-01-16,4262526096.00,4232637765.00,2025-04-21,
ffbf068a9323174221457623c4713824,SY085,2025-04-21,AMC,2025Q1,0.70,0.79,2025-04-20,8559336841.00,9249309142.00,2025-07-22,
189ceb8376714f10616f96717b6133ee,SY085,2025-07-22,BMO,2025Q2,1.50,1.52,2025-07-21,8469631709.00,8571698745.00,2025-10-20,
e4a7e87718d947c33425b382bcf42f3f,SY085,2025-10-20,AMC,2025Q3,2.94,2.73,2025-10-19,14925088873.00,15065969420.00,,
2d804722a7c68c85920b5db104664227,SY086,2019-04-15,BMO,2019Q1,2.50,2.60,2019-04-14,11798818361.00,11872790862.00,2019-07-16,
d542ef6c0ed4e29ce3448432fa86e98a,SY086,2019-07-16,BMO,2019Q2,2.76,2.70,2019-07-15,5733111271.00,5550183107.00,2019-10-14,
11201252a602f92ba705d59a3fc66fac,SY086,2019-10-14,AMC,2019Q3,1.00,1.22,2019-10-13,17127589349.00,17023144397.00,2020-01-14,
1225f0c15647add61be668a409d79c9c,SY086,2020-01-14,AMC,2020Q4,0.91,0.83,2020-01-13,4295283901.00,4481933096.00,2020-04-15,
593ce3ecb564740b9f0198cdec754d3d,SY086,2020-04-15,BMO,2020Q1,1.37,1.40,2020-04-14,18213633622.00,18648953664.00,2020-07-15,
399e63e8c10c3f2ff524edfd8ca09d4d,SY086,2020-07-15,AMC,2020Q2,2.26,2.37,2020-07-14,8830302882.00,8806882570.00,2020-10-13,
a70049a4993772a6fe2a36183bfdff29,SY086,2020-10-13,BMO,2020Q3,1.27,1.41,2020-10-12,9971676291.00,10097030731.00,2021-01-13,
e5937ee1a93750620e6c698a4d3e5888,SY086,2021-01-13,AMC,2021Q4,1.33,1.17,2021-01-12,17253302326.00,16767378921.00,2021-04-15,
2de5fbcc6d6356d907ad92c45d31b980,SY086,2021-04-15,AMC,2021Q1,1.89,1.73,2021-04-14,16678119139.00,16484292570.00,2021-07-15,
2f2373e4bf26204542877d21884fada4,SY086,2021-07-15,AMC,2021Q2,0.54,0.61,2021-07-14,10206118112.00,9877495115.00,2021-10-13,
d541555f50b4e376944a6136495b6d03,SY086,2021-10-13,AMC,2021Q3,0.99,1.01,2021-10-12,14863692584.00,14762633906.00,2022-01-12,
e30577f8a35ec6d526e06bebec1441dc,SY086,2022-01-12,BMO,2022Q4,1.75,2.12,2022-01-11,13435886826.00,13296386920.00,2022-04-13,2022-02-08
20a279146f3495e9dfa837815c5621a0,SY086,2022-04-13,AMC,2022Q1,2.92,2.74,2022-04-12,9547439625.00,10031014800.00,2022-07-15,
5101bf2b2b8c8821e3666661c38593d5,SY086,2022-07-15,AMC,2022Q2,1.91,1.91,2022-07-14,14007630467.00,14197026922.00,2022-10-13,
12769f83ad2b8a2260b64dca8b119f8b,SY086,2022-10-13,AMC,2022Q3,1.91,2.05,2022-10-12,7158450818.00,7263411809.00,2023-01-13,
1199ab62727038fcd89c48f97a06e4c1,SY086,2023-01-13,BMO,2023Q4,0.97,0.85,2023-01-12,3533311377.00,3593727477.00,2023-04-17,
e6b0d979ad7e5b889aa7a9f169ac3f0f,SY086,2023-04-17,BMO,2023Q1,1.48,1.32,2023-04-16,10701354640.00,11083426954.00,2023-07-18,
a696da4d226296a948ebcb5c7689a0ec,SY086,2023-07-18,AMC,2023Q2,2.92,2.87,2023-07-17,17521460553.00,17114007638.00,2023-10-16,
26ce6eb9a7b3c4db0f7b21a3178db418,SY086,2023-10-16,BMO,2023Q3,1.79,1.49,2023-10-15,19136929251.00,18692977359.00,2024-01-17,
f35e8cdbea90505f5a2bff10b1a73c61,SY086,2024-01-17,BMO,2024Q4,0.93,0.68,2024-01-16,1945212268.00,1915935327.00,2024-04-17,
03ac8a5a8f015caf329eb6a76dca9abf,SY086,2024-04-17,BMO,2024Q1,2.47,2.56,2024-04-16,20160882959.00,19692347762.00,2024-07-18,
c61ae0f6a662923f2fe6e01c2f4b12b4,SY086,2024-07-18,AMC,2024Q2,1.44,1.13,2024-07-17,1979575723.00,1879031507.00,2024-10-16,2024-08-14
b00ade2207103af0dd818a1bcf26865e,SY086,2024-10-16,BMO,2024Q3,1.48,1.62,2024-10-15,14477168928.00,14728456711.00,2025-01-17,
73b3d4d19ccc882e657dd11e2b74b43a,SY086,2025-01-17,BMO,2025Q4,1.97,1.93,2025-01-16,10777581396.00,10879123077.00,2025-04-21,
74f51ee6cc2b618f033cbf3540078ef5,SY086,2025-04-21,AMC,2025Q1,2.84,2.75,2025-04-20,19629775632.00,19627475275.00,2025-07-22,
8a4b9782616b724cebae58742839b19c,SY086,2025-07-22,AMC,2025Q2,1.77,2.18,2025-07-21,766161804.00,807210345.00,2025-10-20,
af2cf3ef0bfb8e9ae4fb57db05d9f609,SY086,2025-10-20,BMO,2025Q3,2.42,2.57,2025-10-19,17312404702.00,17761135599.00,,
7297179eb46790f4517f3f18eb03fe03,SY087,2019-04-09,BMO,2019Q1,1.98,1.91,2019-04-08,12950211801.00,12686581678.00,2019-07-10,
321e6e9bd89304520d0c7262c678f38e,SY087,2019-07-10,AMC,2019Q2,1.85,2.08,2019-07-09,7473273305.00,7636898175.00,2019-10-08,
29a40924feea7ab45c743824906c7856,SY087,2019-10-08,BMO,2019Q3,2.56,2.59,2019-10-07,9093990907.00,9683125671.00,2020-01-08,
0e2a496225c8202b6e6e4f4c8d24edd2,SY087,2020-01-08,AMC,2020Q4,1.49,1.42,2020-01-07,12465315149.00,12025272396.00,2020-04-08,
4400b8dcd0a84543c526ae12080b4eef,SY087,2020-04-08,BMO,2020Q1,0.67,0.99,2020-04-07,19461563787.00,19727869170.00,2020-07-09,
7c4106f2cb21566001a35ea1ce5a8627,SY087,2020-07-09,BMO,2020Q2,1.51,1.30,2020-07-08,17945800345.00,18302107277.00,2020-10-07,
d2dc0abf1f1823d690ed64c1f387931a,SY087,2020-10-07,AMC,2020Q3,1.16,1.10,2020-10-06,3066936860.00,3019279330.00,2021-01-07,
f464da876aca9e23fa20703632862264,SY087,2021-01-07,BMO,2021Q4,1.03,1.18,2021-01-06,17325091356.00,17407053797.00,2021-04-09,
d301c2d63ebd9806eaf562e5f36d5145,SY087,2021-04-09,BMO,2021Q1,2.08,2.58,2021-04-08,18517849738.00,18626585770.00,2021-07-09,
dde3949ee9786aeee49d486e904e97b7,SY087,2021-07-09,AMC,2021Q2,1.94,1.42,2021-07-08,4519932283.00,4414648086.00,2021-10-07,
55a33d256a57b671f16b50991a0f6a4e,SY087,2021-10-07,AMC,2021Q3,1.91,1.73,2021-10-06,9729868749.00,9825045597.00,2022-01-06,
17eb5fb54c66c1b656ca64320ab1080b,SY087,2022-01-06,AMC,2022Q4,2.84,2.76,2022-01-05,16586446109.00,17077453058.00,2022-04-07,
d30ebcc3304226e448f91b0f112c8934,SY087,2022-04-07,BMO,2022Q1,2.30,2.53,2022-04-06,597831411.00,597059178.00,2022-07-11,
273c15392da55332b9b8a3b753c2c95d,SY087,2022-07-11,AMC,2022Q2,2.08,2.32,2022-07-10,20015607671.00,19916470065.00,2022-10-07,
dca66938ca1a3513270ac17f5daa25ee,SY087,2022-10-07,BMO,2022Q3,2.39,2.32,2022-10-06,12202045390.00,12128725367.00,2023-01-09,
00899d3676940f121ac0a4e48e6a861b,SY087,2023-01-09,AMC,2023Q4,1.52,1.36,2023-01-08,15949767109.00,16122962623.00,2023-04-11,
3f493beb4239fab5a05ea7c5543957c1,SY087,2023-04-11,AMC,2023Q1,0.95,0.94,2023-04-10,17017474573.00,16666713737.00,2023-07-12,
26ddc74a72ae766e7015d40e07d72328,SY087,2023-07-12,BMO,2023Q2,2.74,2.71,2023-07-11,6128932991.00,5908700431.00,2023-10-10,
26c50fba07a43d41eb7549b27c28036c,SY087,2023-10-10,AMC,2023Q3,0.75,1.22,2023-10-09,4561658224.00,4361336620.00,2024-01-10,
e9129a9baa4043cc95a8a36a95711026,SY087,2024-01-10,AMC,2024Q4,1.39,1.51,2024-01-09,3646724860.00,3695067584.00,2024-04-11,
1c46b6206078100d8ca55ee7b47a3a58,SY087,2024-04-11,BMO,2024Q1,0.85,0.72,2024-04-10,9804850004.00,10102672492.00,2024-07-12,
274ae3114cdd50e54eec44491a5364d0,SY087,2024-07-12,BMO,2024Q2,1.35,1.53,2024-07-11,3479891263.00,3613052211.00,2024-10-10,
26495db75da781b342f73d8d3e834e34,SY087,2024-10-10,AMC,2024Q3,1.61,1.70,2024-10-09,10907735353.00,11845317371.00,2025-01-13,
3fbafdd1da578da76b88b40424a264b1,SY087,2025-01-13,BMO,2025Q4,1.28,1.45,2025-01-12,519982909.00,520588619.00,2025-04-14,
2e424dc545a3d96f7933c69bf4fdc15f,SY087,2025-04-14,BMO,2025Q1,3.13,2.92,2025-04-13,4723655556.00,4761492916.00,2025-07-16,
4e8f24ed5526084531b4dcef272927ea,SY087,2025-07-16,AMC,2025Q2,1.99,1.83,2025-07-15,7519822615.00,7559351635.00,2025-10-14,
5ed5c355bcbc699265b72bbba7876b12,SY087,2025-10-14,AMC,2025Q3,2.17,2.47,2025-10-13,17562521757.00,18641869958.00,,
eb3acaf849af7ebbc18f05078957782a,SY088,2019-05-29,BMO,2019Q1,1.16,1.09,2019-05-28,10666109928.00,11057812082.00,2019-08-27,
c37950d9c5ea14325c97b32ababd2dae,SY088,2019-08-27,AMC,2019Q2,1.17,1.39,2019-08-26,18486892725.00,18812646883.00,2019-11-25,
5ad4af282ac9363e4006889b51e18f2b,SY088,2019-11-25,BMO,2019Q3,1.77,1.84,2019-11-24,2862124999.00,2862002608.00,2020-02-27,
660cd2b6b2fb4a5b5a17407ec96f9e8f,SY088,2020-02-27,BMO,2020Q4,1.57,1.40,2020-02-26,2408096393.00,2439109596.00,2020-05-28,2020-03-13
01a866926f8fff01ad284614e63b038e,SY088,2020-05-28,AMC,2020Q1,1.68,1.81,2020-05-27,17333330308.00,18335866039.00,2020-08-26,
b37863d672966dfcc5c8fcdf90ea2c07,SY088,2020-08-26,AMC,2020Q2,2.45,2.56,2020-08-25,7258950840.00,7188377856.00,2020-11-24,
6aae727b38c40ba26848f05ce7a682d4,SY088,2020-11-24,BMO,2020Q3,1.66,1.90,2020-11-23,16471572918.00,16451946212.00,2021-02-26,
714e8597f1a788df18f749262d11c773,SY088,2021-02-26,AMC,2021Q4,1.74,2.04,2021-02-25,4054848819.00,4193496269.00,2021-05-27,
24d6e9c02db3affb0f138daf42dcddd5,SY088,2021-05-27,BMO,2021Q1,1.07,1.17,2021-05-26,9471829934.00,9431178177.00,2021-08-26,
2b178939858cd5e8015d45826732811e,SY088,2021-08-26,AMC,2021Q2,2.29,2.30,2021-08-25,1713998233.00,1762709135.00,2021-11-24,
aca1b945c8c854df81deb0cec7807949,SY088,2021-11-24,AMC,2021Q3,2.69,2.61,2021-11-23,11478620124.00,12397492833.00,2022-02-25,
42b86cf09201791cbf701c3baee07e9b,SY088,2022-02-25,BMO,2022Q4,2.10,2.25,2022-02-24,18237183487.00,18535291368.00,2022-05-26,
48bf71154f0ad4a6279344aa952183e2,SY088,2022-05-26,BMO,2022Q1,1.48,1.76,2022-05-25,14030390992.00,14721409920.00,2022-08-26,
0b30d565369ebc4cb8a5a8163ba84c0f,SY088,2022-08-26,BMO,2022Q2,1.03,1.23,2022-08-25,14970154876.00,15466193102.00,2022-11-25,2022-09-21
36b7974fb3bacfc74cf8829ef22f5547,SY088,2022-11-25,AMC,2022Q3,3.10,2.96,2022-11-24,14204247609.00,14104040973.00,2023-02-28,
1e499d053bfdca42047c67499c259468,SY088,2023-02-28,AMC,2023Q4,2.65,2.26,2023-02-27,7627233419.00,7548396962.00,2023-05-30,
1e1b295bb849cb530dd3e75d1654b2ab,SY088,2023-05-30,AMC,2023Q1,2.54,2.32,2023-05-29,13301621916.00,13082625340.00,2023-08-29,
43c5ce7cbd12525ba485099a1c1bcd7d,SY088,2023-08-29,AMC,2023Q2,1.07,0.85,2023-08-28,16030802056.00,15954462253.00,2023-11-28,
4ff56399dbf9f17c227e8ae2a63c08fd,SY088,2023-11-28,BMO,2023Q3,2.10,2.26,2023-11-27,871384610.00,898158625.00,2024-02-29,
5ce9a8ce5339444d651733bdf0006c90,SY088,2024-02-29,AMC,2024Q4,0.51,0.68,2024-02-28,14870073449.00,14561869055.00,2024-05-30,
5cca1721c4720904011c3e9d6a013dff,SY088,2024-05-30,BMO,2024Q1,1.47,1.56,2024-05-29,8319746025.00,8306835892.00,2024-08-29,
e30dc568eea8de2be97aa7e3dbd0c661,SY088,2024-08-29,BMO,2024Q2,1.20,1.23,2024-08-28,4503310600.00,4519732256.00,2024-11-27,
a217fcc5448d36acf3a22a1a55e040a9,SY088,2024-11-27,AMC,2024Q3,0.64,0.85,2024-11-26,4628935572.00,4660112228.00,2025-03-04,
373fd1e491f1f57cc53dd4c000f39d8d,SY088,2025-03-04,AMC,2025Q4,1.37,1.74,2025-03-03,3456773036.00,3491845315.00,2025-06-03,
93e57bdd92bcbf293237dbfee0095175,SY088,2025-06-03,BMO,2025Q1,2.29,2.19,2025-06-02,16208028375.00,16553781183.00,2025-09-03,
8da51ff8b7b80ed773cfdf001a1cdfc2,SY088,2025-09-03,AMC,2025Q2,2.11,2.09,2025-09-02,6178171973.00,6107783685.00,2025-12-02,
47aaa300abc1a59564b27a375db0158b,SY088,2025-12-02,BMO,2025Q3,2.02,1.99,2025-12-01,726833920.00,725119495.00,,
0e86c5f02889c4fe803ec99c5ce2c28b,SY089,2019-04-04,BMO,2019Q1,2.98,2.85,2019-04-03,4435522990.00,4693545003.00,2019-07-05,
9a3c945971f670e72d1d46dd6ba21f8b,SY089,2019-07-05,BMO,2019Q2,1.52,1.43,2019-07-04,6139642124.00,6295050600.00,2019-10-03,
0927e0313c240ab2ced7a4a086fa7d65,SY089,2019-10-03,BMO,2019Q3,1.57,1.69,2019-10-02,16843148561.00,17582574784.00,2020-01-03,2019-10-25
11ebab4f480e9ddcf76a31c0ae9306bd,SY089,2020-01-03,AMC,2020Q4,0.70,0.76,2020-01-02,16028980838.00,16413122761.00,2020-04-03,
ed3d004fbc8d4ce3fe8b9b637571778c,SY089,2020-04-03,AMC,2020Q1,2.92,2.66,2020-04-02,10558810558.00,9862728722.00,2020-07-06,
74e7b48e76d14a009def7aab0448be04,SY089,2020-07-06,BMO,2020Q2,2.34,1.99,2020-07-05,5156013203.00,5377905347.00,2020-10-02,
cd7638fed1f046d23a83e67bbfa6ff16,SY089,2020-10-02,BMO,2020Q3,2.68,2.57,2020-10-01,8490262768.00,8423015838.00,2021-01-04,
6bec9d24fab2b4ec0b8eed6e49372f9d,SY089,2021-01-04,BMO,2021Q4,2.36,2.69,2021-01-03,4955557183.00,5040108670.00,2021-04-06,
41bdd6e7288188cd9cf630bdc0414259,SY089,2021-04-06,AMC,2021Q1,2.55,2.86,2021-04-05,14047642506.00,13273146002.00,2021-07-06,
11cf97e94178597a80793c63a8aaf646,SY089,2021-07-06,BMO,2021Q2,2.00,2.23,2021-07-05,17239196352.00,17358668691.00,2021-10-04,
b273e988802ca3ef486656672bc89e9f,SY089,2021-10-04,BMO,2021Q3,1.26,1.08,2021-10-03,6921705161.00,7006374909.00,2022-01-03,
88397ce5e36ff4dc2d35a1c5c1e119e9,SY089,2022-01-03,BMO,2022Q4,2.48,2.30,2022-01-02,12170914105.00,12403565717.00,2022-04-04,
f33b0dc5b9984a059d74e5e8accbc974,SY089,2022-04-04,AMC,2022Q1,2.47,2.62,2022-04-03,12650340591.00,12513725107.00,2022-07-06,
757d8415a6ad6516c7bff034aa52c132,SY089,2022-07-06,AMC,2022Q2,2.38,2.64,2022-07-05,5632808026.00,5906863365.00,2022-10-04,2022-07-15
a54ef15a18648d785460ab336b7bdd51,SY089,2022-10-04,BMO,2022Q3,1.88,2.07,2022-10-03,16156523174.00,15849910322.00,2023-01-04,
a372662dd0228e48acbd94247bd70a32,SY089,2023-01-04,BMO,2023Q4,1.49,1.64,2023-01-03,2002006416.00,1987936652.00,2023-04-05,
ee1d93d5ae97f7e9013eb3be322b94f7,SY089,2023-04-05,BMO,2023Q1,0.91,0.67,2023-04-04,14363035793.00,14377063897.00,2023-07-07,
d15beec160700084e349874afa05b00b,SY089,2023-07-07,BMO,2023Q2,2.54,2.49,2023-07-06,2366162292.00,2418554093.00,2023-10-05,
faa535e1318ca01fa50248b97da481b7,SY089,2023-10-05,BMO,2023Q3,2.07,2.40,2023-10-04,2111010149.00,2025052761.00,2024-01-05,2023-10-12
b54dca938ee31aab7f898f8bdba2ffdb,SY089,2024-01-05,BMO,2024Q4,1.06,1.04,2024-01-04,6468400789.00,6268202230.00,2024-04-08,2024-01-26
033fdc342dca73ca10bc57204a9e3168,SY089,2024-04-08,AMC,2024Q1,1.34,1.25,2024-04-07,4354790306.00,4366573449.00,2024-07-09,2024-04-19
6bcdb503851277036a9756fc518ee5a8,SY089,2024-07-09,AMC,2024Q2,0.37,0.58,2024-07-08,11388869204.00,11493611872.00,2024-10-07,
549e61ae81d4f0494095d7946a04b672,SY089,2024-10-07,BMO,2024Q3,2.75,2.68,2024-10-06,1958650467.00,2037268256.00,2025-01-07,
0ac27ce1cfb3d2e1826f6543494c4962,SY089,2025-01-07,BMO,2025Q4,2.87,2.69,2025-01-06,17180593672.00,17507647024.00,2025-04-09,
c03171710f65b302979a9aec44563cf3,SY089,2025-04-09,AMC,2025Q1,1.56,1.79,2025-04-08,2381056453.00,2386942277.00,2025-07-11,
649ac3055edb928709f49fea396a302e,SY089,2025-07-11,BMO,2025Q2,2.08,1.83,2025-07-10,4842051467.00,4820445220.00,2025-10-09,
f21d4446c059bea1c4e45b73dc1435c9,SY089,2025-10-09,AMC,2025Q3,1.86,1.81,2025-10-08,2297848031.00,2398135831.00,,
977093f624d53b585508bcdc7784af7f,SY090,2019-05-07,BMO,2019Q1,2.18,2.41,2019-05-06,10437255115.00,10492872347.00,2019-08-06,
0219512bbfb3138be7da0fc217469e0d,SY090,2019-08-06,BMO,2019Q2,0.81,0.62,2019-08-05,10562888706.00,10477907437.00,2019-11-04,
269991a4accc5efeeccd768bfde2af6d,SY090,2019-11-04,BMO,2019Q3,0.92,0.56,2019-11-03,19810887080.00,19978164195.00,2020-02-05,
2cb0eec23326e010b009b5dda563994e,SY090,2020-02-05,BMO,2020Q4,2.30,2.25,2020-02-04,16027350626.00,16350050612.00,2020-05-06,
921c99b203d30102740f715eb7a63a09,SY090,2020-05-06,BMO,2020Q1,2.58,2.74,2020-05-05,8179406956.00,8462652270.00,2020-08-05,
74294e706d6359fb824e6b81810b6f74,SY090,2020-08-05,AMC,2020Q2,1.73,1.94,2020-08-04,10048879076.00,10845018356.00,2020-11-03,
e8c0f44220debb81fbb7588c4abb3a0e,SY090,2020-11-03,BMO,2020Q3,2.22,2.04,2020-11-02,18790802976.00,19075719742.00,2021-02-04,
578a1760dadc03f9765218389c43d163,SY090,2021-02-04,BMO,2021Q4,1.41,1.41,2021-02-03,10109068678.00,9975892041.00,2021-05-06,
0e142a11f8fa9a88fdec50b38ec33a54,SY090,2021-05-06,BMO,2021Q1,2.58,2.93,2021-05-05,20225884252.00,19863488499.00,2021-08-05,
9d2a2c0344cafb11a2afdb91db1d298f,SY090,2021-08-05,BMO,2021Q2,2.07,2.11,2021-08-04,13117933544.00,13190254793.00,2021-11-03,
836ef927d0882317a6a7bbd801e4f04f,SY090,2021-11-03,AMC,2021Q3,2.76,2.47,2021-11-02,500374354.00,506682268.00,2022-02-03,
122bf93cd23603593aa50d5a7c3abf86,SY090,2022-02-03,BMO,2022Q4,2.08,2.07,2022-02-02,6736517876.00,6722857991.00,2022-05-05,
93b2e3f97eb95d784a41185ad7da7851,SY090,2022-05-05,AMC,2022Q1,1.47,1.73,2022-05-04,17379787578.00,17058329937.00,2022-08-05,
d08ab3e81e0eba9a68be679887143698,SY090,2022-08-05,BMO,2022Q2,2.65,2.95,2022-08-04,10199913150.00,9926226592.00,2022-11-03,
6fefb64bdd90274f87354d83718fb519,SY090,2022-11-03,BMO,2022Q3,1.48,1.23,2022-11-02,8949513635.00,9218350571.00,2023-02-06,
fb14decdc89db7a74600c12d02bca8b9,SY090,2023-02-06,AMC,2023Q4,2.53,2.31,2023-02-05,1221894198.00,1252657640.00,2023-05-08,
438453c90d42d9701ddfb8d07581bba5,SY090,2023-05-08,BMO,2023Q1,1.83,1.68,2023-05-07,12018016874.00,11519006165.00,2023-08-08,
cacc437b6624293cf62783d5158be963,SY090,2023-08-08,AMC,2023Q2,2.63,2.79,2023-08-07,7309092606.00,7134340403.00,2023-11-06,
741b723a5767e2ea6395693a88e1ecec,SY090,2023-11-06,BMO,2023Q3,1.33,1.65,2023-11-05,19547185991.00,18874000575.00,2024-02-07,
f770dac2af9dfba176bfbee59abd5695,SY090,2024-02-07,AMC,2024Q4,2.17,1.86,2024-02-06,20455629856.00,19806034947.00,2024-05-08,
d6d263ffa6254c116fec50454064c8af,SY090,2024-05-08,AMC,2024Q1,0.70,0.56,2024-05-07,3039390679.00,3166215775.00,2024-08-08,
395a4a2f005ca457cdf195b8520e0504,SY090,2024-08-08,AMC,2024Q2,1.23,1.45,2024-08-07,6926344643.00,7012507395.00,2024-11-06,
3cb0c18acd1f7b638531fcbab545b9e6,SY090,2024-11-06,BMO,2024Q3,2.60,2.67,2024-11-05,18145682050.00,17546590875.00,2025-02-10,
31f93ed192834e21a9a9078dbc7b1cbf,SY090,2025-02-10,AMC,2025Q4,2.55,2.58,2025-02-09,1857450356.00,1937790247.00,2025-05-12,
0014ac5840d8d15e1ab4c1ce97751bfd,SY090,2025-05-12,AMC,2025Q1,2.91,2.78,2025-05-11,18662283947.00,18087148411.00,2025-08-12,
73eef58eff8018a0eb4f016a13696702,SY090,2025-08-12,AMC,2025Q2,2.72,2.94,2025-08-11,10011891643.00,10071354528.00,2025-11-10,
2de5af1ed4fe7819ca62a71b5b27e3a8,SY090,2025-11-10,AMC,2025Q3,1.88,1.78,2025-11-09,14709388888.00,15083082522.00,,
bdaa9aa14fb39b1b4f5cd0165c6d3014,SY091,2019-03-29,AMC,2019Q1,2.41,2.36,2019-03-28,17360368920.00,17106534004.00,2019-06-28,
23a7b50d5df0b4aa52fed4e48a378da6,SY091,2019-06-28,AMC,2019Q2,1.89,1.62,2019-06-27,11342275728.00,10855263137.00,2019-09-27,
a8d44ae33109a628a6b92a5181bd3175,SY091,2019-09-27,AMC,2019Q3,2.63,2.34,2019-09-26,9871841532.00,10127372316.00,2019-12-27,
7a03c207b907eb9f8bdfea6f586dd2c1,SY091,2019-12-27,AMC,2019Q4,2.82,2.50,2019-12-26,2530341626.00,2469822843.00,2020-03-30,
369829b8aeed670717884611b67161f2,SY091,2020-03-30,BMO,2020Q1,1.40,1.78,2020-03-29,3483658871.00,3443121903.00,2020-06-29,
0d5aadb684ee7a33ed21ce8c713ba584,SY091,2020-06-29,AMC,2020Q2,2.30,2.50,2020-06-28,19841597921.00,19854530554.00,2020-09-28,
20c3af9d9c070520714cbfe768973de1,SY091,2020-09-28,AMC,2020Q3,0.84,1.13,2020-09-27,16187367686.00,16438976065.00,2020-12-28,
54cbaf5066755c562065a5ae59af95a5,SY091,2020-12-28,BMO,2020Q4,2.15,2.09,2020-12-27,3367270257.00,3320070820.00,2021-03-30,
4f623a94a7a7ea12496d09286a75f368,SY091,2021-03-30,BMO,2021Q1,2.01,1.87,2021-03-29,19934346147.00,19656285800.00,2021-06-29,
0976f8c611e3c833a250fcd168165669,SY091,2021-06-29,AMC,2021Q2,2.07,2.04,2021-06-28,8172817160.00,8231119414.00,2021-09-28,
cf563534e00ed649659c44060f11d838,SY091,2021-09-28,BMO,2021Q3,2.36,2.23,2021-09-27,5573525635.00,5697456060.00,2021-12-28,
5ed31fb8b97e2d62db50c9115b8cbf56,SY091,2021-12-28,BMO,2021Q4,2.21,2.18,2021-12-27,10876906435.00,10908114577.00,2022-03-29,
c73aa1b143cce93510b4595fe94fae99,SY091,2022-03-29,AMC,2022Q1,1.73,1.73,2022-03-28,7866030017.00,7988774403.00,2022-06-29,
8c4ca9ccd47a5709ba050ab83c4b515b,SY091,2022-06-29,AMC,2022Q2,0.58,0.86,2022-06-28,17046263963.00,17439043740.00,2022-09-28,
1f2c43e4949266f210da94f32ab189dd,SY091,2022-09-28,BMO,2022Q3,2.65,2.43,2022-09-27,6016581824.00,5881734102.00,2022-12-28,
7fe7d101e4911519be013f572de2b310,SY091,2022-12-28,AMC,2022Q4,0.46,0.72,2022-12-27,12146893711.00,12216048413.00,2023-03-30,
fc6c955a6722fc82095c6d356dc16589,SY091,2023-03-30,AMC,2023Q1,0.82,0.68,2023-03-29,6237050001.00,6188961651.00,2023-06-30,
2167c723e728875d0ca8783c30b853f3,SY091,2023-06-30,BMO,2023Q2,2.27,2.35,2023-06-29,4088375619.00,4048946384.00,2023-09-29,
617c9718745097d65dcf51f1bba758be,SY091,2023-09-29,AMC,2023Q3,1.46,1.77,2023-09-28,8120398389.00,8128730984.00,2023-12-29,
a55d77e557873cf1d7015fbdd31a17dd,SY091,2023-12-29,AMC,2023Q4,1.54,1.38,2023-12-28,2964630633.00,2959338050.00,2024-04-02,
023fcf188a8ec28ab467bccd05277f41,SY091,2024-04-02,BMO,2024Q1,2.24,2.53,2024-04-01,6920819784.00,7115129651.00,2024-07-02,
188b6fb823103a7d6f63a0fe922a5520,SY091,2024-07-02,BMO,2024Q2,2.46,2.61,2024-07-01,17696472936.00,16572211385.00,2024-10-01,
625399460c0c77f6eb333c2b8e8f5fd8,SY091,2024-10-01,BMO,2024Q3,1.96,1.77,2024-09-30,18692102245.00,17982914124.00,2024-12-31,
cb1a68fc459b817770aa2623aa2c9e78,SY091,2024-12-31,AMC,2024Q4,0.55,0.63,2024-12-30,4810085270.00,4728221358.00,2025-04-03,
ca0f76a6e7a1f0e9d773017896f5c620,SY091,2025-04-03,AMC,2025Q1,0.60,0.59,2025-04-02,10455119722.00,10389672405.00,2025-07-07,
7fd08ee0be36f5a98e60d8f13863623f,SY091,2025-07-07,BMO,2025Q2,1.08,0.90,2025-07-06,6016387131.00,6204025858.00,2025-10-03,
c3af5d66e98c7d2015b013c6be438363,SY091,2025-10-03,BMO,2025Q3,2.64,2.90,2025-10-02,9026964388.00,9282373398.00,,
5576b5f9549b0f459e116cf68b063bc2,SY092,2019-06-27,BMO,2019Q1,2.56,2.74,2019-06-26,4680700187.00,4716153049.00,2019-09-26,
e42ae645a47790cb655d6cc81794ecca,SY092,2019-09-26,AMC,2019Q2,1.58,1.75,2019-09-25,10248295486.00,10173363182.00,2019-12-26,
9bb020d319ca430d4e10fb3a0c976534,SY092,2019-12-26,BMO,2019Q3,1.71,1.72,2019-12-25,13054924912.00,13829881575.00,2020-03-27,
25adda0d60e8592cd6ea383039b87247,SY092,2020-03-27,BMO,2020Q4,0.99,1.06,2020-03-26,3505060064.00,3564050244.00,2020-06-26,
cbd8ae66aea31150cf871f264915c069,SY092,2020-06-26,BMO,2020Q1,2.39,1.94,2020-06-25,7629660917.00,7587913173.00,2020-09-25,
c9b492a5aac43514a439913e962d5d8a,SY092,2020-09-25,BMO,2020Q2,2.57,2.79,2020-09-24,7657477331.00,7425646512.00,2020-12-24,
284c3ae3c4cdc5583cae66fd668a9882,SY092,2020-12-24,BMO,2020Q3,2.81,2.86,2020-12-23,3889674548.00,3963315075.00,2021-03-29,
ee9a7272d30fc2b942c092d5cf8b7914,SY092,2021-03-29,AMC,2021Q4,2.01,1.95,2021-03-28,11089111486.00,10933387441.00,2021-06-28,
b1119773b299d2d01edbc06b98f5c8ad,SY092,2021-06-28,BMO,2021Q1,1.63,1.98,2021-06-27,15743733667.00,15374145814.00,2021-09-27,2021-07-14
efbd0a56f651790bc09676320d97b1f1,SY092,2021-09-27,BMO,2021Q2,1.14,1.02,2021-09-26,13637737798.00,13397360313.00,2021-12-27,
aca9308999313a87bb66a86e4c6b57af,SY092,2021-12-27,BMO,2021Q3,2.50,2.31,2021-12-26,14115689281.00,13838710126.00,2022-03-28,
ec3b9ae33974d07a4cdcb4e5ed7f8300,SY092,2022-03-28,BMO,2022Q4,2.65,2.87,2022-03-27,11537850201.00,11986135495.00,2022-06-28,
56ebc34fe579eb75ebaecf160e0ac7d6,SY092,2022-06-28,AMC,2022Q1,2.56,2.71,2022-06-27,15648547543.00,15007940216.00,2022-09-27,
84e3966af53938c75bc3c52f28c51cbd,SY092,2022-09-27,BMO,2022Q2,2.66,2.45,2022-09-26,13736367233.00,13387902426.00,2022-12-27,
80ccaf57e4b316496082443c801e3d30,SY092,2022-12-27,BMO,2022Q3,1.31,1.09,2022-12-26,6183472479.00,6014798989.00,2023-03-29,
c33e784eb24017df2d5df242c1a81ab1,SY092,2023-03-29,BMO,2023Q4,1.19,1.32,2023-03-28,9473365744.00,9792702168.00,2023-06-29,
c913cd5045961bb26091897a81aa4c7d,SY092,2023-06-29,AMC,2023Q1,2.96,2.89,2023-06-28,597271891.00,598707389.00,2023-09-28,
26ebe5381ed9399fcc563e8c466cabad,SY092,2023-09-28,AMC,2023Q2,2.87,2.64,2023-09-27,6580422377.00,6605679916.00,2023-12-28,
8ecd5e200526604630c4f5788d75cfd6,SY092,2023-12-28,BMO,2023Q3,1.83,2.04,2023-12-27,12895196658.00,13186317043.00,2024-04-01,
3eea82367b6091c3c5400d5162e11df5,SY092,2024-04-01,BMO,2024Q4,2.49,2.70,2024-03-31,18533993796.00,18373358157.00,2024-07-01,
dc47547b82720019279848390d59b033,SY092,2024-07-01,AMC,2024Q1,0.90,0.82,2024-06-30,6428520437.00,6470899361.00,2024-09-30,
2b2d058e7818fee78e0354a56812297f,SY092,2024-09-30,BMO,2024Q2,1.44,1.17,2024-09-29,14002411989.00,14754361481.00,2024-12-30,
09fe9af50970238859ad81ae087c27f1,SY092,2024-12-30,AMC,2024Q3,2.26,2.22,2024-12-29,5287564816.00,5308380454.00,2025-04-02,
3ede1cd059f5e94af28c7cb41d37c125,SY092,2025-04-02,AMC,2025Q4,3.07,2.78,2025-04-01,6394931094.00,6499359010.00,2025-07-03,
806b70c5fd5713865635a5427c0ae73d,SY092,2025-07-03,AMC,2025Q1,0.91,0.80,2025-07-02,5871437254.00,5923366839.00,2025-10-02,
a5b8ddfe6b5e690342457c5d6dd8a597,SY092,2025-10-02,AMC,2025Q2,1.28,1.36,2025-10-01,9935873148.00,9854436791.00,,
93368049bb36240105bcea1a224c00f6,SY093,2019-04-23,AMC,2019Q1,1.29,0.93,2019-04-22,13351280698.00,13280727808.00,2019-07-23,
a3923eeba28858802ffe92f9a7ae6286,SY093,2019-07-23,BMO,2019Q2,2.01,1.94,2019-07-22,14196076001.00,13791968870.00,2019-10-21,
5f725164953b7216cde542ce8a7b6e42,SY093,2019-10-21,AMC,2019Q3,1.12,1.61,2019-10-20,15265646989.00,16222896069.00,2020-01-22,
adc654452411d1b48f8868e43436c62f,SY093,2020-01-22,BMO,2020Q4,2.15,2.05,2020-01-21,17021775383.00,16727648396.00,2020-04-22,
7dcb37930efb64a92d38f30879463ab6,SY093,2020-04-22,BMO,2020Q1,1.95,1.53,2020-04-21,16090236152.00,16526429146.00,2020-07-22,
184f817e5544b30b6b1aaa375fd59f04,SY093,2020-07-22,AMC,2020Q2,2.91,2.87,2020-07-21,13897616082.00,13895345967.00,2020-10-20,
ea0ebb5f2f3ba876f5d2ddd70cce48cf,SY093,2020-10-20,BMO,2020Q3,2.40,2.19,2020-10-19,17711165024.00,18227685407.00,2021-01-21,
21dbaacc9ffe2c52e7a89da660af7443,SY093,2021-01-21,AMC,2021Q4,1.88,1.90,2021-01-20,802709912.00,790215312.00,2021-04-22,
8da55d85de1a795b6a89e8f3f1be546b,SY093,2021-04-22,BMO,2021Q1,2.69,2.45,2021-04-21,15066633075.00,15332275629.00,2021-07-22,
cc4b2274dc1f564b2718155355d200e0,SY093,2021-07-22,BMO,2021Q2,2.12,2.12,2021-07-21,17151510779.00,17743946727.00,2021-10-20,
be6b20e1a3d8818e1e0b279ab776b9bc,SY093,2021-10-20,AMC,2021Q3,0.75,1.12,2021-10-19,3196197362.00,3229027625.00,2022-01-20,
9d46e06c7ff57eb5a2228216357c5328,SY093,2022-01-20,AMC,2022Q4,2.53,2.55,2022-01-19,11629814997.00,11275353387.00,2022-04-21,
f280647d133ef6ccdce15901c571a12b,SY093,2022-04-21,AMC,2022Q1,2.68,2.38,2022-04-20,4510140139.00,4576816999.00,2022-07-22,
ad96e3fb421c4bd05071fc10c83675ed,SY093,2022-07-22,BMO,2022Q2,1.38,1.49,2022-07-21,16512471641.00,16927339988.00,2022-10-20,
06883ed118e6484f67b0b1e45f65151c,SY093,2022-10-20,BMO,2022Q3,2.37,2.34,2022-10-19,2910152667.00,2842341339.00,2023-01-23,
452972b301e84d0668f9a3ee38004723,SY093,2023-01-23,BMO,2023Q4,2.64,2.65,2023-01-22,20930937800.00,19921852108.00,2023-04-24,
4bcdd70f1899727aaf80df7783fde948,SY093,2023-04-24,AMC,2023Q1,0.99,1.28,2023-04-23,15210040926.00,14521944987.00,2023-07-25,
4e0b90180fc2598c97f4208f5bd8062a,SY093,2023-07-25,BMO,2023Q2,1.43,1.21,2023-07-24,13001549558.00,13498598921.00,2023-10-23,
1a9bad5a3ce24e034adf3b841c35a310,SY093,2023-10-23,AMC,2023Q3,0.64,0.65,2023-10-22,8636047911.00,8693971639.00,2024-01-24,2023-11-17
756546879ca6160fbdc87da05afa453a,SY093,2024-01-24,BMO,2024Q4,1.57,1.34,2024-01-23,17427435874.00,17043868546.00,2024-04-24,
487897bb4672436de66f0f8f73b487e5,SY093,2024-04-24,AMC,2024Q1,1.32,1.13,2024-04-23,5126073019.00,5140108187.00,2024-07-25,
cd56fbb1940f6321d7d84eecf917b23c,SY093,2024-07-25,BMO,2024Q2,1.41,1.30,2024-07-24,9335806218.00,9058812508.00,2024-10-23,
741df35d181f584ba26df837657468a7,SY093,2024-10-23,AMC,2024Q3,1.59,1.68,2024-10-22,9725733979.00,9698359190.00,2025-01-27,
cbf26530601e743776389f7dc312f602,SY093,2025-01-27,AMC,2025Q4,1.41,1.33,2025-01-26,8671117412.00,8651628343.00,2025-04-28,
f82a460cf69b858b33df263778c5a42b,SY093,2025-04-28,AMC,2025Q1,2.97,2.77,2025-04-27,8949402238.00,8575081509.00,2025-07-29,
1ea718867a7a0fce34c8a334176a2ea3,SY093,2025-07-29,BMO,2025Q2,2.31,2.31,2025-07-28,19198309796.00,19241564513.00,2025-10-27,
e81f1a23976b525cd4995b38070ad187,SY093,2025-10-27,BMO,2025Q3,1.34,1.26,2025-10-26,615349387.00,632000142.00,,
3620be0456f1a7e1a309580915788bcd,SY094,2019-05-22,BMO,2019Q1,1.48,1.76,2019-05-21,6096318616.00,6024387748.00,2019-08-21,
76b77869bd5b334f21f28f87fc165a06,SY094,2019-08-21,BMO,2019Q2,0.64,0.79,2019-08-20,17859803527.00,18019737330.00,2019-11-19,
87527d91d135b46e88616b1b656763bc,SY094,2019-11-19,AMC,2019Q3,2.84,2.91,2019-11-18,16832934441.00,16757237233.00,2020-02-21,
e2d014e7314711c0e0f5022ccf3a4678,SY094,2020-02-21,BMO,2020Q4,1.05,1.10,2020-02-20,17261193074.00,16693747714.00,2020-05-21,
b197e2aaa93ea3e5a8dd41429f0a3b81,SY094,2020-05-21,AMC,2020Q1,2.76,2.52,2020-05-20,1296493725.00,1364180408.00,2020-08-20,
301afb985d5a334a52be7222d0c8adf2,SY094,2020-08-20,AMC,2020Q2,0.80,0.70,2020-08-19,4474106831.00,4512635703.00,2020-11-18,
6959e67e5757f83a5ee52c3c5f97e6d1,SY094,2020-11-18,AMC,2020Q3,1.28,1.06,2020-11-17,3007520968.00,3115774435.00,2021-02-22,
0c89af4c29dfa24f2ec15b83cd4648a1,SY094,2021-02-22,AMC,2021Q4,1.35,1.35,2021-02-21,15275687957.00,16089751886.00,2021-05-21,2021-03-10
0a99b7a7d7851707b453a38bb60e7790,SY094,2021-05-21,BMO,2021Q1,2.87,2.70,2021-05-20,7570592899.00,7455226802.00,2021-08-20,
3733c6852c3a2add981ae0f272908a52,SY094,2021-08-20,BMO,2021Q2,0.91,1.33,2021-08-19,10960733259.00,11096618992.00,2021-11-18,
1209bbe17171374c6dfc9da17d545ab0,SY094,2021-11-18,BMO,2021Q3,0.83,0.67,2021-11-17,17900518635.00,17465831278.00,2022-02-18,
ddc2291524f70cd5be28089cd169fb38,SY094,2022-02-18,BMO,2022Q4,2.03,2.32,2022-02-17,815568284.00,816189616.00,2022-05-20,
d04c8a0a31df80039c2bafdab3a97475,SY094,2022-05-20,BMO,2022Q1,1.97,2.10,2022-05-19,4492283997.00,4559239698.00,2022-08-22,
d0b66486025e14f2d3e5d02f01da5be9,SY094,2022-08-22,AMC,2022Q2,2.00,2.12,2022-08-21,4103306551.00,4076883247.00,2022-11-18,2022-09-02
cf75f0aecd3d2bd5422949a093aa53ef,SY094,2022-11-18,BMO,2022Q3,1.19,1.24,2022-11-17,2444997293.00,2389543711.00,2023-02-22,
b1bfc1ad113b4b8e8ff84e9b31f2b08c,SY094,2023-02-22,BMO,2023Q4,1.04,1.35,2023-02-21,758927231.00,793617159.00,2023-05-23,
b3fbbfef663e56558d3156409a8c68b6,SY094,2023-05-23,BMO,2023Q1,2.05,2.07,2023-05-22,873620360.00,889200759.00,2023-08-23,
0583be1cffd4e374160484af076b648c,SY094,2023-08-23,AMC,2023Q2,2.46,2.59,2023-08-22,15801648658.00,16453557520.00,2023-11-21,
30620707e069efe9b34a7747bb1dfe50,SY094,2023-11-21,BMO,2023Q3,2.14,2.21,2023-11-20,10503221958.00,10230726353.00,2024-02-23,2023-12-04
a963d25c30451ebb4f27cd18252785d0,SY094,2024-02-23,AMC,2024Q4,1.99,1.71,2024-02-22,18065383332.00,17963166644.00,2024-05-23,
a174ed1935b9313aa4c95f69a3b07933,SY094,2024-05-23,BMO,2024Q1,2.60,2.39,2024-05-22,3652275103.00,3764296388.00,2024-08-23,
8f8153d3252ebf5ab6be53ef182e3037,SY094,2024-08-23,BMO,2024Q2,2.70,2.82,2024-08-22,5005955995.00,4700416116.00,2024-11-21,
8c5c8cb7c455e4d3a575a5f69e2996ff,SY094,2024-11-21,AMC,2024Q3,0.68,0.72,2024-11-20,13583917364.00,13731174857.00,2025-02-26,
1978d91dbc5e4a26d5c351df4c2f7590,SY094,2025-02-26,AMC,2025Q4,2.42,2.44,2025-02-25,4328217183.00,4439972246.00,2025-05-28,
4fb2b0d3d09c987d924be1b69b56da58,SY094,2025-05-28,AMC,2025Q1,0.56,0.56,2025-05-27,18428236224.00,18839146803.00,2025-08-27,
e8a6acafa16b6a23794dc8f9b6ae9b5e,SY094,2025-08-27,AMC,2025Q2,1.26,1.29,2025-08-26,15019427104.00,15045441510.00,2025-11-25,
fc08099165a8f1df79c17643c6322f7b,SY094,2025-11-25,AMC,2025Q3,2.15,1.94,2025-11-24,11230466148.00,11068478792.00,,
9d8b98a99443becabbb8141dd73ebe18,SY095,2019-05-29,AMC,2019Q1,0.63,0.63,2019-05-28,10820129958.00,10659035728.00,2019-08-27,
50f3cdee39753b1218e4479ee2081c2d,SY095,2019-08-27,BMO,2019Q2,2.51,2.38,2019-08-26,2305852997.00,2496619071.00,2019-11-25,
74a8fbb9327209f29c012738c46026f1,SY095,2019-11-25,BMO,2019Q3,1.15,1.45,2019-11-24,5035752064.00,5017264009.00,2020-02-27,
2b0ad6271ee9922008ad379074749746,SY095,2020-02-27,BMO,2020Q4,1.31,1.27,2020-02-26,14984702283.00,15140859162.00,2020-05-28,
01e20c31758c7a2a1d5d615c28120fc4,SY095,2020-05-28,AMC,2020Q1,2.09,2.52,2020-05-27,16769737270.00,17165975830.00,2020-08-26,
762f91ece4b618b4ef7fbb6ce42d0c9c,SY095,2020-08-26,BMO,2020Q2,2.31,2.45,2020-08-25,19669582044.00,18553159538.00,2020-11-24,
9b9a5a0a72608939ce9486cef3296b08,SY095,2020-11-24,BMO,2020Q3,0.86,0.96,2020-11-23,4867473437.00,4995123365.00,2021-02-26,
9510c7f086812a4eca9cac23372d6f74,SY095,2021-02-26,BMO,2021Q4,3.22,2.52,2021-02-25,16413137975.00,17212974092.00,2021-05-27,
c3884e8fddeb025d46dbb97169720168,SY095,2021-05-27,BMO,2021Q1,2.72,2.79,2021-05-26,13719814490.00,13449034840.00,2021-08-26,2021-06-10
9d2cef4b82342f9e01c1ff52e2582ede,SY095,2021-08-26,AMC,2021Q2,2.71,2.99,2021-08-25,7925056771.00,7889067986.00,2021-11-24,
b7f62ded317d95a5201d30e8c4aeff13,SY095,2021-11-24,BMO,2021Q3,1.95,2.23,2021-11-23,13085586592.00,13037702544.00,2022-02-25,
277bcea25979b6474a70fad109594261,SY095,2022-02-25,AMC,2022Q4,1.71,1.65,2022-02-24,9966889659.00,10183812689.00,2022-05-26,
74ec2a554a5ba0fa13cc2edd3297de2f,SY095,2022-05-26,BMO,2022Q1,0.78,0.63,2022-05-25,9605816431.00,9816074503.00,2022-08-26,
8bf83eb317690933233ce764b21f7962,SY095,2022-08-26,AMC,2022Q2,3.31,2.94,2022-08-25,14954233091.00,14645230768.00,2022-11-25,2022-09-15
9350e0f2488196326996e3cff5e636cb,SY095,2022-11-25,AMC,2022Q3,2.18,2.23,2022-11-24,1099056724.00,1053656821.00,2023-02-28,
a1b1f9731ff778ae196aeb4bcc42b4f4,SY095,2023-02-28,AMC,2023Q4,2.90,2.90,2023-02-27,15359433706.00,15583947298.00,2023-05-30,
37888288dcd2383b7f62cf214c0b9414,SY095,2023-05-30,AMC,2023Q1,2.15,2.20,2023-05-29,6981790430.00,6952639425.00,2023-08-29,
b513a2b8967e7303e004882502ebf314,SY095,2023-08-29,BMO,2023Q2,1.22,1.05,2023-08-28,3740130785.00,3733676442.00,2023-11-28,
b6ba302fbacf6b8d3f0783169629298c,SY095,2023-11-28,AMC,2023Q3,2.62,2.65,2023-11-27,14990246914.00,14236860472.00,2024-02-29,
444260c6c2eafd7c26520582e07aea9b,SY095,2024-02-29,BMO,2024Q4,1.87,2.21,2024-02-28,2901339503.00,3068156238.00,2024-05-30,2024-03-21
ad8ccbfe5b44985c09676bfc324feabc,SY095,2024-05-30,AMC,2024Q1,1.90,1.92,2024-05-29,15742547453.00,15116992080.00,2024-08-29,
376236c3c09da220b29122c3f2e5f955,SY095,2024-08-29,BMO,2024Q2,2.15,2.14,2024-08-28,2962142408.00,3027459224.00,2024-11-27,
719bc5ff8f6e44814f71668fb972112a,SY095,2024-11-27,BMO,2024Q3,2.92,2.79,2024-11-26,17848608629.00,18811247108.00,2025-03-04,
615aa7ee7c0a7616c40dfddc9d8584b3,SY095,2025-03-04,AMC,2025Q4,1.39,2.14,2025-03-03,10396429989.00,10340129394.00,2025-06-03,
0e7e5a998e8f8ea881467652cf1a3902,SY095,2025-06-03,AMC,2025Q1,1.51,1.92,2025-06-02,11361259235.00,11735929640.00,2025-09-03,
bd795a0e197a6ca9b58414a3b5cae2dd,SY095,2025-09-03,BMO,2025Q2,2.49,2.67,2025-09-02,3913318263.00,3940092049.00,2025-12-02,2025-09-30
f9d1ad5ed1bc1ea746b7e83d220f153b,SY095,2025-12-02,AMC,2025Q3,0.84,0.87,2025-12-01,4976546749.00,5087056762.00,,
0ff1c8b0ad8b198b06979ae076848e16,SY096,2019-05-13,BMO,2019Q1,0.77,0.73,2019-05-12,1105212258.00,1133311012.00,2019-08-12,
54f7592d1ee15a19b49bf1392b96ff32,SY096,2019-08-12,AMC,2019Q2,1.42,1.04,2019-08-11,16120728503.00,16076606865.00,2019-11-08,
a733fd60b67f54e7504c21522bc8e2fb,SY096,2019-11-08,BMO,2019Q3,0.39,0.54,2019-11-07,15955359780.00,16068571340.00,2020-02-11,
cbde2b108fd0e54dc55a3a16dc6ca58e,SY096,2020-02-11,BMO,2020Q4,0.95,0.78,2020-02-10,16050345634.00,16262065601.00,2020-05-12,
edc5676736ad068fa5fb893467cdedc1,SY096,2020-05-12,AMC,2020Q1,3.03,2.97,2020-05-11,11883782592.00,11857000141.00,2020-08-11,
9ececa6fb8b7d8bfb0057b6e92a0c4e4,SY096,2020-08-11,BMO,2020Q2,0.96,1.12,2020-08-10,2020182253.00,2012070138.00,2020-11-09,
5873a2535858a3b31324a48ced78fb02,SY096,2020-11-09,BMO,2020Q3,2.15,2.00,2020-11-08,15240802600.00,14704385587.00,2021-02-10,2020-11-20
d812413a47798a9d073d85f3efe72458,SY096,2021-02-10,BMO,2021Q4,2.26,2.49,2021-02-09,15682400024.00,16134508296.00,2021-05-12,
15c9595ec7be362d7cbb760a2785833d,SY096,2021-05-12,AMC,2021Q1,2.23,2.20,2021-05-11,16182888889.00,17272176920.00,2021-08-11,
4eca1f139d6af7619fe48b55644cf470,SY096,2021-08-11,BMO,2021Q2,0.64,0.60,2021-08-10,4211709348.00,4049539696.00,2021-11-09,
fd24b2596bfb3238df1cf914b760bd89,SY096,2021-11-09,AMC,2021Q3,0.61,1.16,2021-11-08,8547140871.00,8254030738.00,2022-02-09,
eeaafea3190627313175f2157e351d2b,SY096,2022-02-09,BMO,2022Q4,1.03,0.91,2022-02-08,8305112092.00,8309788000.00,2022-05-11,2022-02-28
f1f4be8161afe5380e4a0d2b2c4851fe,SY096,2022-05-11,AMC,2022Q1,1.93,1.70,2022-05-10,3060967712.00,3039698452.00,2022-08-11,
653b65511afba7e1153e575a107396cc,SY096,2022-08-11,AMC,2022Q2,0.70,0.90,2022-08-10,19649647197.00,19056651894.00,2022-11-09,
b6f40a43da850c5bbb2ad669a8cb2a38,SY096,2022-11-09,BMO,2022Q3,2.86,2.82,2022-11-08,15654092333.00,16389989898.00,2023-02-10,
bdee09b41cd82a0f1d4d704d1efc417b,SY096,2023-02-10,AMC,2023Q4,2.15,2.26,2023-02-09,9407437684.00,8912630067.00,2023-05-12,
260030afe077a3ff048493e7156e1fee,SY096,2023-05-12,AMC,2023Q1,0.70,0.64,2023-05-11,15827033042.00,15872904347.00,2023-08-14,
48fc9f9698afd12500dc8b51fd889206,SY096,2023-08-14,AMC,2023Q2,2.55,2.43,2023-08-13,14794900158.00,14038863529.00,2023-11-10,
4382029f77cff3a2860d1565740e06b8,SY096,2023-11-10,BMO,2023Q3,1.45,1.24,2023-11-09,8838823018.00,8953170353.00,2024-02-13,
2f1850cd21236b12b078d926639f0863,SY096,2024-02-13,AMC,2024Q4,1.17,1.21,2024-02-12,13279157940.00,13665429936.00,2024-05-14,
ab167bcac865f5e8aec1f389e1cd8180,SY096,2024-05-14,AMC,2024Q1,0.46,0.83,2024-05-13,5876284621.00,6057409733.00,2024-08-14,
8a53b42fea6cbb582d79b8c0fcb44740,SY096,2024-08-14,BMO,2024Q2,0.37,0.72,2024-08-13,8554849901.00,8348555470.00,2024-11-12,
fb340b32af8aa87336ece55d608cc3b5,SY096,2024-11-12,AMC,2024Q3,2.83,2.52,2024-11-11,10043265070.00,9991770624.00,2025-02-14,
6ca406fa8c483890638adb54d2276d1a,SY096,2025-02-14,BMO,2025Q4,1.74,1.59,2025-02-13,13442820101.00,14124050025.00,2025-05-16,
e38594df5e13a6f16d61c74ae38826cf,SY096,2025-05-16,BMO,2025Q1,1.82,1.93,2025-05-15,13652791149.00,12634466646.00,2025-08-18,
d4afc70b5a37aeb6673973bda0687bc9,SY096,2025-08-18,AMC,2025Q2,1.22,1.45,2025-08-17,17754672147.00,18277036933.00,2025-11-14,
b7bcd97552299a9e40b7df9885d1ea98,SY096,2025-11-14,BMO,2025Q3,2.34,2.41,2025-11-13,7535877534.00,7661864715.00,,2025-11-26
06fc6376d5908cb16c700a6544a7b274,SY097,2019-05-06,BMO,2019Q1,1.97,2.04,2019-05-05,5796520169.00,6013997981.00,2019-08-05,
0922b5c639fd739b1f19c1aeb3a2a07f,SY097,2019-08-05,AMC,2019Q2,0.72,0.85,2019-08-04,9613784908.00,9203647469.00,2019-11-01,
bd108e7d17e10096de2963d6960b4f60,SY097,2019-11-01,BMO,2019Q3,2.25,2.23,2019-10-31,16113419641.00,16951988359.00,2020-02-04,
c25481bf87d10eaafd1b6a4a2f8d4366,SY097,2020-02-04,BMO,2020Q4,1.25,1.36,2020-02-03,7826046382.00,8200383752.00,2020-05-05,
d369cb3f66cf8ffc7c7450bb9f8333f0,SY097,2020-05-05,AMC,2020Q1,2.32,2.57,2020-05-04,14181790060.00,13647227299.00,2020-08-04,
525267ea9aeab8928afe69dca89df89f,SY097,2020-08-04,AMC,2020Q2,2.83,2.76,2020-08-03,5683786704.00,5706509119.00,2020-11-02,
470b5d08d25d8ba58a8b0a0b3a313379,SY097,2020-11-02,BMO,2020Q3,2.39,2.43,2020-11-01,5016190704.00,5183286561.00,2021-02-03,
7313731c8f71894003be702cdef7b899,SY097,2021-02-03,BMO,2021Q4,2.00,1.98,2021-02-02,6408654295.00,6524979149.00,2021-05-05,
4e0eb77824b8c51ab06a15fb3a8efd41,SY097,2021-05-05,AMC,2021Q1,2.00,2.00,2021-05-04,16723290087.00,16072192230.00,2021-08-04,
83a388f10d6824e0741991e042656baa,SY097,2021-08-04,BMO,2021Q2,1.15,1.27,2021-08-03,4334016484.00,4310368952.00,2021-11-02,
11bf691e10956522a46b5e8923900cd2,SY097,2021-11-02,AMC,2021Q3,1.09,0.79,2021-11-01,19656878386.00,19126771471.00,2022-02-02,
5c42e2334b90c24f4f2fa3d2a9ffbb09,SY097,2022-02-02,AMC,2022Q4,2.32,2.58,2022-02-01,14267137858.00,14240360244.00,2022-05-04,
50f9cbecf1025c3d7a43fd319f10df0b,SY097,2022-05-04,AMC,2022Q1,0.38,0.80,2022-05-03,13803541014.00,14395726917.00,2022-08-04,
f737e0d100cf331d7fb216b80a4fad45,SY097,2022-08-04,BMO,2022Q2,0.49,0.81,2022-08-03,3583197744.00,3461625216.00,2022-11-02,
7721bca1c054e6ccd7f776ea93f1053e,SY097,2022-11-02,AMC,2022Q3,0.72,0.89,2022-11-01,9862507978.00,9288755174.00,2023-02-03,
f03a46f69812de4be5c0379ad7f99793,SY097,2023-02-03,AMC,2023Q4,1.53,1.52,2023-02-02,13080837524.00,12941073019.00,2023-05-05,
5beb1a97fb9dbe122aaf1ec3aed8007c,SY097,2023-05-05,AMC,2023Q1,1.28,1.34,2023-05-04,2956522105.00,3132253051.00,2023-08-07,
047f527a4ba39f148a6e7358ac9d3fa3,SY097,2023-08-07,BMO,2023Q2,0.70,0.99,2023-08-06,2511207242.00,2502493026.00,2023-11-03,
2f7a423b7fc552e7801196bc595d12f8,SY097,2023-11-03,AMC,2023Q3,1.89,2.06,2023-11-02,12450102537.00,12243754004.00,2024-02-06,
b5efa7b1de2fad801c4aaa4e43ae2df6,SY097,2024-02-06,BMO,2024Q4,1.65,1.31,2024-02-05,8933395049.00,8665483057.00,2024-05-07,
087bb219765b88a11f47d2f280b4e59b,SY097,2024-05-07,BMO,2024Q1,2.99,2.65,2024-05-06,562061303.00,586098609.00,2024-08-07,
95ecc5198a4ba855360f3bd00b955dba,SY097,2024-08-07,BMO,2024Q2,1.10,1.51,2024-08-06,13225344503.00,13280996132.00,2024-11-05,
60d24af1a892341f579eec97fd8d5784,SY097,2024-11-05,AMC,2024Q3,2.58,2.60,2024-11-04,4243388202.00,4315091817.00,2025-02-07,
b359d5dfa295f7df15e9ecaae6de1fb5,SY097,2025-02-07,AMC,2025Q4,1.70,1.54,2025-02-06,5710858928.00,5603984349.00,2025-05-09,
4cebbe292102efcfb83edc28704a6e7a,SY097,2025-05-09,BMO,2025Q1,2.37,2.39,2025-05-08,19291177913.00,17828032214.00,2025-08-11,
35bccb5e064f472fe50759c41bfd35af,SY097,2025-08-11,AMC,2025Q2,1.62,1.52,2025-08-10,10629202435.00,10099121368.00,2025-11-07,
cc025e7b63e2c39c074ddf3196961e68,SY097,2025-11-07,AMC,2025Q3,1.58,1.61,2025-11-06,14247795247.00,14388872613.00,,
faf7dd19fd5f39c8f294b23da1176a18,SY098,2019-05-09,BMO,2019Q1,1.73,2.13,2019-05-08,14987257862.00,14311447509.00,2019-08-08,
49d63d65fb0cbd5216e9b28b8501d20e,SY098,2019-08-08,BMO,2019Q2,2.67,2.55,2019-08-07,10611105146.00,10686108879.00,2019-11-06,
f079575e5ada12fc7cb9a66a48cdc2a9,SY098,2019-11-06,BMO,2019Q3,2.12,2.38,2019-11-05,18211606094.00,17571617938.00,2020-02-07,
70ec7a35be817b5912fe7f78588e7cde,SY098,2020-02-07,AMC,2020Q4,1.33,1.53,2020-02-06,1062730253.00,1089435276.00,2020-05-08,
3e93a48268063c50d602c6afaa38e088,SY098,2020-05-08,BMO,2020Q1,2.56,2.78,2020-05-07,13138787230.00,13094504680.00,2020-08-07,
b0fb82bfdbe4109ab06bcc29352d87e7,SY098,2020-08-07,AMC,2020Q2,2.95,2.84,2020-08-06,3153995218.00,3023029532.00,2020-11-05,
297b3a8188101dc63f27b0611af9faa2,SY098,2020-11-05,AMC,2020Q3,2.95,2.95,2020-11-04,6697421378.00,6903221184.00,2021-02-08,
5c01ec2f18f78117c4fce92d23c16bee,SY098,2021-02-08,AMC,2021Q4,0.39,0.78,2021-02-07,18189241258.00,18476412675.00,2021-05-10,
677a40a855e4ffd87d94201b05e18fdd,SY098,2021-05-10,BMO,2021Q1,0.94,0.51,2021-05-09,6416217386.00,6335038941.00,2021-08-09,
d68ffc55aabdf104348639c07fae37ba,SY098,2021-08-09,AMC,2021Q2,2.51,1.76,2021-08-08,7418164689.00,7571148272.00,2021-11-05,
64ff5d8915d6ad95b4d44adde1e7b231,SY098,2021-11-05,AMC,2021Q3,1.35,1.17,2021-11-04,2592888173.00,2551552564.00,2022-02-07,
4ca6a4ad0a92d729831920c9ee08199c,SY098,2022-02-07,AMC,2022Q4,1.28,1.61,2022-02-06,1016614422.00,971061105.00,2022-05-09,
d2046e85fdd11d8f092df4686425873d,SY098,2022-05-09,AMC,2022Q1,1.75,2.07,2022-05-08,3651495682.00,3640639326.00,2022-08-09,
d6db8a36328de57df457e2a13022a171,SY098,2022-08-09,AMC,2022Q2,2.56,2.13,2022-08-08,18526428159.00,18370965876.00,2022-11-07,
433929930ec7d9c4374b3ea84c107d55,SY098,2022-11-07,AMC,2022Q3,1.86,1.58,2022-11-06,11243754664.00,11999138678.00,2023-02-08,
0ef6656e0247392518c152a4f321a0e9,SY098,2023-02-08,AMC,2023Q4,0.92,1.01,2023-02-07,10779216846.00,10949591544.00,2023-05-10,
ba5690fc95bd6daeb6d3ecfbb9533e78,SY098,2023-05-10,BMO,2023Q1,0.90,0.94,2023-05-09,13621198262.00,13072444268.00,2023-08-10,
9bfe10027b29c9ec6db197c6e099541e,SY098,2023-08-10,BMO,2023Q2,2.74,2.89,2023-08-09,13670402816.00,13277919080.00,2023-11-08,
11c5c63831c2b2de42673636670cde83,SY098,2023-11-08,BMO,2023Q3,2.87,2.94,2023-11-07,5798843711.00,5611257905.00,2024-02-09,
344023c1db7a7e96992c97e90c863358,SY098,2024-02-09,BMO,2024Q4,1.13,1.30,2024-02-08,17640611674.00,17787648231.00,2024-05-10,
628e05b1bb5367f70eafd540ecc2ec52,SY098,2024-05-10,AMC,2024Q1,2.77,2.05,2024-05-09,9122530487.00,9281233576.00,2024-08-12,
cca331744e94a2b1367490dd8fbdc4cc,SY098,2024-08-12,AMC,2024Q2,1.89,1.76,2024-08-11,9406044981.00,9409994351.00,2024-11-08,
4ac2aa962b2280a3df25a0c8801ebca4,SY098,2024-11-08,AMC,2024Q3,2.19,2.15,2024-11-07,3587268701.00,3691931709.00,2025-02-12,
844978dc26c6e5cc52a610459ee70548,SY098,2025-02-12,AMC,2025Q4,1.82,1.70,2025-02-11,10132587016.00,9743753201.00,2025-05-14,
589088bbf20c78ac6400944d50dfc2d9,SY098,2025-05-14,BMO,2025Q1,2.76,2.76,2025-05-13,9671070334.00,9889971633.00,2025-08-14,
3ca9400b739c33e62f060d95423622d8,SY098,2025-08-14,AMC,2025Q2,2.38,2.57,2025-08-13,13884479014.00,13973317501.00,2025-11-12,
160a919591060d0a7e265ad0e6a75230,SY098,2025-11-12,BMO,2025Q3,1.77,1.70,2025-11-11,12726920365.00,12861637802.00,,
f639583d4106bd7fbe1fff304dc886c7,SY099,2019-05-10,BMO,2019Q1,2.47,2.13,2019-05-09,13862841726.00,13945254397.00,2019-08-09,
b1e3fa994a4ca831dc3faecc98ad51be,SY099,2019-08-09,BMO,2019Q2,2.84,3.00,2019-08-08,14887966524.00,14333915501.00,2019-11-07,
cc802214020d4ea8c2708f7f6c8329e8,SY099,2019-11-07,BMO,2019Q3,2.08,1.82,2019-11-06,5520721092.00,5739388145.00,2020-02-10,
9a89b97da444433ce5034b5c3b4b8303,SY099,2020-02-10,AMC,2020Q4,1.51,1.92,2020-02-09,18266771785.00,19277890639.00,2020-05-11,
d810ba55b0fc454f8d883e43b43a0fee,SY099,2020-05-11,AMC,2020Q1,0.58,0.64,2020-05-10,18199039997.00,19561771424.00,2020-08-10,
01e72f8c9871e8b4fc62f0a282b4d038,SY099,2020-08-10,BMO,2020Q2,0.99,0.91,2020-08-09,1323271996.00,1256954024.00,2020-11-06,
fde17bd1a4615d42c02b81126cf14005,SY099,2020-11-06,BMO,2020Q3,0.73,0.60,2020-11-05,9277313048.00,8995645023.00,2021-02-09,
1bd18be2e4f3db8c08a89e9f3b939aa5,SY099,2021-02-09,BMO,2021Q4,1.70,1.89,2021-02-08,18890820117.00,18246451531.00,2021-05-11,
3ab13f91859a42cac147a68fe488c3ef,SY099,2021-05-11,BMO,2021Q1,0.90,0.86,2021-05-10,10836751488.00,11031458891.00,2021-08-10,
d6583e50c3372b8e29d59ab247df788c,SY099,2021-08-10,AMC,2021Q2,1.79,2.10,2021-08-09,10258219187.00,10310302326.00,2021-11-08,
3db038afc695466d13c6db88c778f4f1,SY099,2021-11-08,AMC,2021Q3,1.79,1.30,2021-11-07,3370558121.00,3339536856.00,2022-02-08,
208f68dbbd5884d08f84900fe2e3e7ad,SY099,2022-02-08,BMO,2022Q4,1.25,1.33,2022-02-07,15005420641.00,14810097742.00,2022-05-10,
740bc46eba614152ad917d57e1cbb33d,SY099,2022-05-10,BMO,2022Q1,0.95,1.04,2022-05-09,6860241545.00,6743863506.00,2022-08-10,
8f3eb19f433e18d02ef9a28147c8f389,SY099,2022-08-10,BMO,2022Q2,1.21,0.99,2022-08-09,18083873044.00,18286100194.00,2022-11-08,
964565920c11a126d806702cd37a457f,SY099,2022-11-08,BMO,2022Q3,2.14,2.65,2022-11-07,16143434059.00,17236893143.00,2023-02-09,
4fbc0b08f46b70c63bf6053e598a2671,SY099,2023-02-09,BMO,2023Q4,1.94,2.06,2023-02-08,1035908496.00,1017929603.00,2023-05-11,
98063acbf5a0075e2685c802b8481ce0,SY099,2023-05-11,BMO,2023Q1,1.38,1.34,2023-05-10,12972655071.00,12589591339.00,2023-08-11,
92edfe63527f71f6368d86bad55a1601,SY099,2023-08-11,AMC,2023Q2,0.99,1.25,2023-08-10,970986450.00,992392308.00,2023-11-09,
a7543a980b8cbb56089aff04a2371a73,SY099,2023-11-09,AMC,2023Q3,3.18,2.97,2023-11-08,713398757.00,687723047.00,2024-02-12,
68c8a345a75947df519d82c594572f9a,SY099,2024-02-12,AMC,2024Q4,1.58,1.50,2024-02-11,13808728184.00,12912993840.00,2024-05-13,
d37fd5a8a586cfece8b1ee42c263347d,SY099,2024-05-13,BMO,2024Q1,3.02,2.93,2024-05-12,15571020345.00,15579303654.00,2024-08-13,
8bb921c999c8c40d4a6f1490008fa942,SY099,2024-08-13,BMO,2024Q2,1.23,1.29,2024-08-12,15434259374.00,15919927804.00,2024-11-11,
5ffb3e175356acde221fa8f4901e43f7,SY099,2024-11-11,AMC,2024Q3,0.37,0.52,2024-11-10,3135089167.00,3121112070.00,2025-02-13,
5dbb4a355794488c12accbc20c192d96,SY099,2025-02-13,BMO,2025Q4,0.14,0.53,2025-02-12,11569035993.00,11941597513.00,2025-05-15,
6f468e66d48e002ea78ec0791ad349c5,SY099,2025-05-15,BMO,2025Q1,1.77,1.66,2025-05-14,4226937466.00,4186940433.00,2025-08-15,
dc1753ec62265989c4a0df515f704c2e,SY099,2025-08-15,AMC,2025Q2,0.97,0.64,2025-08-14,12106535808.00,11958457487.00,2025-11-13,
0305fcb5de329af7219ef16e29a5155e,SY099,2025-11-13,AMC,2025Q3,0.73,0.73,2025-11-12,18943004152.00,19414164856.00,,
45ad8781b0454cd4f40edaf4a9ce3b7c,SY100,2019-05-07,AMC,2019Q1,0.80,1.35,2019-05-06,7251907396.00,7099317474.00,2019-08-06,
b00cb1e308e06b7d169aa211024b5c79,SY100,2019-08-06,BMO,2019Q2,1.07,1.09,2019-08-05,18545003893.00,17612830678.00,2019-11-04,2019-08-26
3ddd54f5d4d6ceda551e81197da8cf20,SY100,2019-11-04,AMC,2019Q3,2.61,2.52,2019-11-03,15162903315.00,14511309147.00,2020-02-05,
1f4015da266548c3dc9781a7a5c9b0b6,SY100,2020-02-05,BMO,2020Q4,0.94,1.12,2020-02-04,9696003063.00,9837387721.00,2020-05-06,
090be989a6d78ebe1442f862b26666cc,SY100,2020-05-06,AMC,2020Q1,0.88,0.87,2020-05-05,8393162281.00,7913122985.00,2020-08-05,
ab19ae4d1f51ea1c2a440f125543da75,SY100,2020-08-05,AMC,2020Q2,1.83,1.90,2020-08-04,3254907312.00,3271664478.00,2020-11-03,
d3ad526446a74835b343e5d03eb1f966,SY100,2020-11-03,AMC,2020Q3,0.85,0.90,2020-11-02,19538703973.00,19619985482.00,2021-02-04,
efd148682f26b464d73393a4bdf394d5,SY100,2021-02-04,BMO,2021Q4,2.47,2.80,2021-02-03,14158564092.00,14481506440.00,2021-05-06,
c60be866fd031f11420aa78fc130678b,SY100,2021-05-06,BMO,2021Q1,2.14,2.11,2021-05-05,3650603283.00,3627653947.00,2021-08-05,
5a93c8582123519fe12ec16063b4865c,SY100,2021-08-05,BMO,2021Q2,2.81,2.94,2021-08-04,6924554210.00,6793322694.00,2021-11-03,
1e5e20acf3a139afec4e269d5ecbad2d,SY100,2021-11-03,AMC,2021Q3,2.01,2.15,2021-11-02,12503459291.00,12637559767.00,2022-02-03,
b2210e38a96612b6be654af537439f19,SY100,2022-02-03,BMO,2022Q4,1.57,1.77,2022-02-02,13672330218.00,13577704293.00,2022-05-05,
6e38ef5faa148f2d5059b30309f99ae3,SY100,2022-05-05,BMO,2022Q1,0.76,1.20,2022-05-04,10756519832.00,10833888533.00,2022-08-05,
ca30126ece404e5ba9f2e6b1483c65ac,SY100,2022-08-05,AMC,2022Q2,2.12,2.06,2022-08-04,8731622263.00,8879629828.00,2022-11-03,
6a73db19a82b1f4017bf1281c9014fd3,SY100,2022-11-03,AMC,2022Q3,1.52,2.01,2022-11-02,12733377397.00,12568454961.00,2023-02-06,
23a2ef3a73c0e2dda94341205707637c,SY100,2023-02-06,AMC,2023Q4,0.64,0.94,2023-02-05,12439249545.00,12303553633.00,2023-05-08,
4d785753b3459fdd5ec4354e135c9385,SY100,2023-05-08,BMO,2023Q1,1.05,1.14,2023-05-07,8957893432.00,8990317375.00,2023-08-08,
0fff5b5f30430d71facc406c3399e877,SY100,2023-08-08,AMC,2023Q2,1.63,1.71,2023-08-07,6586650022.00,6587208849.00,2023-11-06,
d8523f3cc919e1ff10cd5cfb6640197a,SY100,2023-11-06,BMO,2023Q3,2.38,2.40,2023-11-05,1809407716.00,1820721806.00,2024-02-07,
571503ec8ac091027661a7ca8bb82e9e,SY100,2024-02-07,BMO,2024Q4,1.86,1.78,2024-02-06,12148306456.00,12537979431.00,2024-05-08,
b1408e0cf8f4efab09bbec2442ea3d4d,SY100,2024-05-08,AMC,2024Q1,2.79,2.80,2024-05-07,8918808988.00,9075834033.00,2024-08-08,
a7818276679da2daa207992d575933c3,SY100,2024-08-08,BMO,2024Q2,2.78,2.79,2024-08-07,6768967932.00,6693222486.00,2024-11-06,
c483757b0cacba059a1d7d080878aed5,SY100,2024-11-06,AMC,2024Q3,0.60,0.93,2024-11-05,7427546175.00,7051362690.00,2025-02-10,
face564cc443d1541db5f257462d93c7,SY100,2025-02-10,AMC,2025Q4,2.23,2.28,2025-02-09,6536128859.00,6688371522.00,2025-05-12,
b1a4516d3e6a78d6e8f2a0dda669c413,SY100,2025-05-12,AMC,2025Q1,1.48,1.52,2025-05-11,5979182131.00,6089701735.00,2025-08-12,
dcb9207519253aa0041b6b119b09a4d8,SY100,2025-08-12,AMC,2025Q2,2.48,2.59,2025-08-11,7081285250.00,7370502176.00,2025-11-10,
26398b4db048f3d685e973349f3b0fa2,SY100,2025-11-10,AMC,2025Q3,1.31,1.15,2025-11-09,9131039173.00,9122975719.00,,
fca8946ad9a83ae596f49a8a0f8a3429,SY101,2019-04-11,AMC,2019Q1,2.84,2.38,2019-04-10,14246647462.00,13584409953.00,2019-07-12,
7f32d7a3f67730ce595d7f81d7f92e48,SY101,2019-07-12,BMO,2019Q2,1.62,1.12,2019-07-11,1919562074.00,2047572756.00,2019-10-10,
13b5285a6aff9ddae456a45cf5bd93ba,SY101,2019-10-10,AMC,2019Q3,2.18,2.42,2019-10-09,16837113854.00,16258349810.00,2020-01-10,
1c0113064dcaafdaa61c803bf5d3bc0c,SY101,2020-01-10,AMC,2020Q4,1.36,1.64,2020-01-09,1603889645.00,1660363801.00,2020-04-13,
0492aa698a1fbdbcaada366262dc064e,SY101,2020-04-13,BMO,2020Q1,0.32,0.74,2020-04-12,6731441777.00,7042785179.00,2020-07-13,
95e3e5478b23086f6d7adf7037612b5b,SY101,2020-07-13,BMO,2020Q2,2.72,2.93,2020-07-12,659749812.00,677703048.00,2020-10-09,
529876cf6e89bf2ac04a3c3e4a4d9911,SY101,2020-10-09,BMO,2020Q3,1.76,1.76,2020-10-08,18648432785.00,19039743501.00,2021-01-11,2020-10-20
401f460f6b5cb7ec5205bbff784a4d13,SY101,2021-01-11,AMC,2021Q4,1.44,1.24,2021-01-10,16585159246.00,16911403322.00,2021-04-13,
f8e51d9d897e1977560ebf48f5fe0b0c,SY101,2021-04-13,BMO,2021Q1,1.06,1.17,2021-04-12,10433653138.00,10288517090.00,2021-07-13,
a78f69a04bf0c3a672e0425b269449e5,SY101,2021-07-13,BMO,2021Q2,2.03,2.10,2021-07-12,8261205258.00,8581563288.00,2021-10-11,2021-07-30
d5d16c8dd648eb8f67ea0b07f78d207f,SY101,2021-10-11,AMC,2021Q3,2.27,2.34,2021-10-10,13645621103.00,14099805498.00,2022-01-10,
d2fb54b5f1b82963accb4f5e698ce1c0,SY101,2022-01-10,AMC,2022Q4,2.72,2.68,2022-01-09,10572490951.00,11058990734.00,2022-04-11,
b5feab963d0d038719e8a812bbba4271,SY101,2022-04-11,AMC,2022Q1,1.60,1.41,2022-04-10,1189575908.00,1232984594.00,2022-07-13,
055b9525ec32cdc0cdc41302227cc02c,SY101,2022-07-13,BMO,2022Q2,2.30,2.22,2022-07-12,10680685058.00,10581020551.00,2022-10-11,
1b7ebe6405ba1ce2d5c51053eee3d4ae,SY101,2022-10-11,BMO,2022Q3,1.76,1.81,2022-10-10,16484056452.00,16436999754.00,2023-01-11,
b2365d190c75ca24b6693b5750909adb,SY101,2023-01-11,AMC,2023Q4,0.29,0.62,2023-01-10,12413284191.00,12061694221.00,2023-04-13,
8c5eb739ee829986357447ed2faecf65,SY101,2023-04-13,BMO,2023Q1,2.65,2.17,2023-04-12,2117452298.00,2163883516.00,2023-07-14,2023-04-24
3ca8da95bce7dda16dc47e0c11c3cb09,SY101,2023-07-14,AMC,2023Q2,2.46,2.97,2023-07-13,3338455329.00,3338810922.00,2023-10-12,
349aa61d4a64aa032d475c0e579bd0ec,SY101,2023-10-12,BMO,2023Q3,2.34,2.57,2023-10-11,12623312036.00,12234749428.00,2024-01-12,
771a3f2d281a10c3d6b84ee12ac21612,SY101,2024-01-12,BMO,2024Q4,1.77,1.96,2024-01-11,8073062959.00,8614657867.00,2024-04-15,
a836b9b928d34a686a2c843b1c9aef82,SY101,2024-04-15,BMO,2024Q1,1.32,1.30,2024-04-14,12033746867.00,12788494204.00,2024-07-16,
0b65b1788b2e09dec27adc13e62eceec,SY101,2024-07-16,BMO,2024Q2,0.33,0.51,2024-07-15,18329243779.00,18361001215.00,2024-10-14,
15e8822e16bbf085accece90484bc140,SY101,2024-10-14,BMO,2024Q3,0.72,0.51,2024-10-13,966175467.00,943258550.00,2025-01-15,
5b63d073a8f0850e840feede63dc0450,SY101,2025-01-15,BMO,2025Q4,2.54,2.49,2025-01-14,12890162081.00,12168789467.00,2025-04-16,
d5ff3b2a8b478bd109bb9385620a483a,SY101,2025-04-16,BMO,2025Q1,1.05,0.92,2025-04-15,5326903851.00,5179871622.00,2025-07-18,
cd88e2caf4cca8561e48bd3b91667450,SY101,2025-07-18,BMO,2025Q2,1.81,2.19,2025-07-17,12136336376.00,12522677986.00,2025-10-16,
38428e30cc0aa5e8b10b37571b4b0226,SY101,2025-10-16,BMO,2025Q3,1.45,1.44,2025-10-15,14137058168.00,14325707878.00,,
52e2a29b3211169da251e9adbe1aa0fc,SY102,2019-05-15,AMC,2019Q1,0.93,0.79,2019-05-14,9512637117.00,9690617465.00,2019-08-14,2019-06-07
12f0d157c7a3be17b63d4bf3bd5f72c4,SY102,2019-08-14,AMC,2019Q2,1.39,1.77,2019-08-13,4117897651.00,4164178280.00,2019-11-12,
13413f07574fa59eeac5dda584066cdb,SY102,2019-11-12,AMC,2019Q3,1.76,1.45,2019-11-11,9611669102.00,9497617149.00,2020-02-13,
cd7c8499f1173cdcd5fa6f87ce79913a,SY102,2020-02-13,BMO,2020Q4,0.55,0.58,2020-02-12,3779885536.00,3932499293.00,2020-05-14,
e7f0cc74561c6876e424a9e8237f7ae8,SY102,2020-05-14,AMC,2020Q1,3.06,2.80,2020-05-13,16557569138.00,15987029414.00,2020-08-13,
aa01d93ed5c408a177b6b73c089cf4fd,SY102,2020-08-13,AMC,2020Q2,1.58,1.72,2020-08-12,3257975984.00,3192022931.00,2020-11-11,
ec9f64eafb9c21b765bb47d8f929d64e,SY102,2020-11-11,AMC,2020Q3,2.33,2.52,2020-11-10,8813728502.00,8777996364.00,2021-02-12,
e24219db13f851ae18c09cefc3e1e2fa,SY102,2021-02-12,AMC,2021Q4,1.02,0.95,2021-02-11,17958562110.00,17900058839.00,2021-05-14,
225c7cc7bd746af4a61c67a83103ba22,SY102,2021-05-14,BMO,2021Q1,2.26,1.97,2021-05-13,19011002230.00,19842617638.00,2021-08-13,
e4d50513dc0168b787bd5a01b5a0df47,SY102,2021-08-13,BMO,2021Q2,2.02,1.81,2021-08-12,15929558104.00,15572272834.00,2021-11-11,
85a4140791103427ecbc4cbd709b29a5,SY102,2021-11-11,AMC,2021Q3,3.00,2.83,2021-11-10,8821059945.00,8639159844.00,2022-02-11,
c758ca814593d1b9c0be5ad72556eb2d,SY102,2022-02-11,BMO,2022Q4,3.06,3.00,2022-02-10,13397783163.00,13866173650.00,2022-05-13,
b10b3c1640a1590e0b85131c23c17a23,SY102,2022-05-13,BMO,2022Q1,2.09,1.74,2022-05-12,5459400034.00,5238571105.00,2022-08-15,
355bccd87efabe6503321c64a46c9037,SY102,2022-08-15,BMO,2022Q2,2.23,1.98,2022-08-14,14764049231.00,15187358304.00,2022-11-11,
6c6bf7f563888cb1d7670e038338bfbb,SY102,2022-11-11,BMO,2022Q3,2.12,1.90,2022-11-10,11942482372.00,11710935102.00,2023-02-14,
2449d6377c02c96caa4cbc21022a8c97,SY102,2023-02-14,AMC,2023Q4,1.75,1.77,2023-02-13,5638541174.00,5622202232.00,2023-05-16,
251d153eff65593b2cfa5878bd22e1a6,SY102,2023-05-16,BMO,2023Q1,1.88,1.86,2023-05-15,13982701067.00,14296301264.00,2023-08-16,
3489ac02a003a624ee9ddd3bdcf38e20,SY102,2023-08-16,BMO,2023Q2,2.73,2.44,2023-08-15,12240647657.00,12708007297.00,2023-11-14,
152cf390f5d439dc6a0cf2cc4bbf4a55,SY102,2023-11-14,AMC,2023Q3,3.00,2.94,2023-11-13,11388319452.00,10971562639.00,2024-02-15,
2f6d097d8daac41a3beaff7fc460506b,SY102,2024-02-15,AMC,2024Q4,1.78,2.02,2024-02-14,887525899.00,874341392.00,2024-05-16,
9f404a5beccc787c79de55fc173374c5,SY102,2024-05-16,AMC,2024Q1,1.69,1.86,2024-05-15,535637545.00,528662607.00,2024-08-16,
5da538d9825314a8275cdbabc8558380,SY102,2024-08-16,AMC,2024Q2,0.59,0.65,2024-08-15,13192080392.00,12805209205.00,2024-11-14,
671d45b938d236fe782318619aceca76,SY102,2024-11-14,BMO,2024Q3,0.58,0.80,2024-11-13,8614489869.00,9195160254.00,2025-02-19,
e59bf3f81e591fa681848eb5ae91ebc3,SY102,2025-02-19,AMC,2025Q4,2.19,1.83,2025-02-18,18340249215.00,17945773615.00,2025-05-20,
94d560f3b82dd1c48bbe9e4635aaf4da,SY102,2025-05-20,BMO,2025Q1,2.41,2.47,2025-05-19,18191760472.00,18079884697.00,2025-08-20,2025-05-28
7131a6f2cf267b5787d98941136ec070,SY102,2025-08-20,AMC,2025Q2,2.82,2.63,2025-08-19,6006369300.00,5815834147.00,2025-11-18,
36fa52c029370b254855efad8cf8cc3e,SY102,2025-11-18,BMO,2025Q3,2.15,2.33,2025-11-17,16651758688.00,16924038660.00,,
b9221eafa05b450eeb197bdd3a4660af,SY103,2019-04-29,BMO,2019Q1,1.05,1.13,2019-04-28,16702955096.00,17328287542.00,2019-07-29,2019-05-21
7f887428afb1ff358bf0c38a0c6d24a4,SY103,2019-07-29,BMO,2019Q2,2.36,2.38,2019-07-28,4622659795.00,4644961942.00,2019-10-25,
3fc8682f7058c9f8ff8951f752c750a8,SY103,2019-10-25,AMC,2019Q3,1.38,1.43,2019-10-24,17406193692.00,18594108886.00,2020-01-28,
bdefea73a8beb203828b6e2909707c8e,SY103,2020-01-28,BMO,2020Q4,1.41,1.84,2020-01-27,14330074216.00,14525971062.00,2020-04-28,
e7e11be56a9d21fb107a7dd947b50ee1,SY103,2020-04-28,BMO,2020Q1,1.25,1.03,2020-04-27,14923497406.00,14936737767.00,2020-07-28,2020-05-15
ecb9eee62cc9a6c4f9f6f1a84e3a5186,SY103,2020-07-28,BMO,2020Q2,2.45,2.85,2020-07-27,3440588486.00,3438439844.00,2020-10-26,
639dc1a441cf19cd24a3c49e4ba5858b,SY103,2020-10-26,BMO,2020Q3,2.84,2.86,2020-10-25,4371507565.00,4267850662.00,2021-01-27,
e8bdc4e4a024b6e67ef9e48202934aeb,SY103,2021-01-27,BMO,2021Q4,2.71,2.78,2021-01-26,3677251357.00,3507359079.00,2021-04-28,
3b264d908cb1df5675575e04e6b5e592,SY103,2021-04-28,AMC,2021Q1,2.73,2.95,2021-04-27,868418710.00,902956537.00,2021-07-28,
b37bf0c6a09fdadbf101874a15f0b7b7,SY103,2021-07-28,AMC,2021Q2,1.10,1.49,2021-07-27,567203432.00,595659414.00,2021-10-26,
8a56941b44ba368c2a150278d6f14bb4,SY103,2021-10-26,AMC,2021Q3,2.75,2.83,2021-10-25,12295369835.00,11708973364.00,2022-01-26,
7f3a353aeb805a9feced3c7bb98775f3,SY103,2022-01-26,BMO,2022Q4,2.92,2.97,2022-01-25,8548887921.00,8620535101.00,2022-04-27,
a714c449f6957e69e3b65b8ab87ae4d5,SY103,2022-04-27,AMC,2022Q1,1.98,1.74,2022-04-26,14283772873.00,14028983804.00,2022-07-28,
825765deca83f75a86d3589ef87ea42d,SY103,2022-07-28,BMO,2022Q2,3.20,2.97,2022-07-27,7488086198.00,7759006516.00,2022-10-26,
64049733a785d3a3b76c4ed5012a59ac,SY103,2022-10-26,BMO,2022Q3,2.85,2.84,2022-10-25,16154898162.00,15988983704.00,2023-01-27,
261f0f29e2dd0f2ef7d50a017b21458a,SY103,2023-01-27,BMO,2023Q4,0.99,1.22,2023-01-26,11282074662.00,12487806083.00,2023-04-28,
8c7b0bac245e8ded66140bafb6f05513,SY103,2023-04-28,BMO,2023Q1,2.37,2.26,2023-04-27,15363329339.00,15225779086.00,2023-07-31,
2ba183fe3abc4fc4dbd4b571d013a915,SY103,2023-07-31,BMO,2023Q2,2.51,2.65,2023-07-30,2627460794.00,2584190891.00,2023-10-27,
4658fa915946faf371e49cd0a156559a,SY103,2023-10-27,AMC,2023Q3,3.07,2.69,2023-10-26,3596971888.00,3692297967.00,2024-01-30,
5fa526ff27fe6b4673af7cf6022f1327,SY103,2024-01-30,AMC,2024Q4,1.56,1.50,2024-01-29,11357137773.00,11969655226.00,2024-04-30,
331203fe1930a1c36baaed021063bde6,SY103,2024-04-30,BMO,2024Q1,1.32,1.33,2024-04-29,16359789014.00,16171868014.00,2024-07-31,
dd9ce741df5e1b552ff45cd59c1bea43,SY103,2024-07-31,AMC,2024Q2,1.62,1.19,2024-07-30,11029819975.00,11035893773.00,2024-10-29,
c480c2fcaa13c53ab7d03bcc3dbcf2b7,SY103,2024-10-29,AMC,2024Q3,2.21,2.19,2024-10-28,4700605490.00,4760333656.00,2025-01-31,
fb997ce5920d2dbb5951c0423d9e7c48,SY103,2025-01-31,BMO,2025Q4,0.60,0.64,2025-01-30,18132290381.00,17768760192.00,2025-05-02,
099d32c11d18debfa588dbca12b681f9,SY103,2025-05-02,AMC,2025Q1,1.84,1.73,2025-05-01,13165419326.00,12913084678.00,2025-08-04,
0f14aa2acc234fdcb59f2f47f4aa6e8f,SY103,2025-08-04,BMO,2025Q2,0.83,0.74,2025-08-03,17184785802.00,17225207395.00,2025-10-31,
a638f92e03740cab8230f8a2ec7cc1ea,SY103,2025-10-31,BMO,2025Q3,1.42,1.50,2025-10-30,4261079057.00,4104296998.00,,
b3b13c4a0d1a61157d370e1e9a619a3d,SY104,2019-04-23,BMO,2019Q1,0.65,0.53,2019-04-22,9552771566.00,9782001690.00,2019-07-23,
5ee5672a5872a68c47b700faca0de4bc,SY104,2019-07-23,AMC,2019Q2,1.42,1.47,2019-07-22,4081866853.00,4106358601.00,2019-10-21,2019-08-05
18d78781cd0cdb977ec597ff08922c0b,SY104,2019-10-21,AMC,2019Q3,0.65,0.63,2019-10-20,12623470492.00,12908337197.00,2020-01-22,
5beac4979d9eb8e2d861e55a2d5fc796,SY104,2020-01-22,AMC,2020Q4,0.65,0.61,2020-01-21,13864694451.00,14289694490.00,2020-04-22,
a155c7509d13136fae86799630c6417e,SY104,2020-04-22,AMC,2020Q1,1.26,1.16,2020-04-21,13520830551.00,13625512241.00,2020-07-22,
a94a2786adfa00be5aa39b9ebdd3de1f,SY104,2020-07-22,AMC,2020Q2,1.23,1.41,2020-07-21,16868581921.00,16110321777.00,2020-10-20,2020-08-13
dc0e254b6cd8fd6d6867b52ebe3f9ad0,SY104,2020-10-20,AMC,2020Q3,2.47,2.54,2020-10-19,17721668412.00,17828559965.00,2021-01-21,
a8e319d6d792e1edd18108a5fc8649ab,SY104,2021-01-21,BMO,2021Q4,1.20,1.02,2021-01-20,1446203703.00,1515095431.00,2021-04-22,2021-01-29
174469a8376053b5a3c3e1401682128f,SY104,2021-04-22,AMC,2021Q1,2.62,2.87,2021-04-21,12414658789.00,12374568795.00,2021-07-22,
6024d0fa3118631da784e9c5906c008b,SY104,2021-07-22,BMO,2021Q2,1.14,0.82,2021-07-21,17730385718.00,17474139265.00,2021-10-20,
49e294b6231eb978ab04c1ab4b7dd351,SY104,2021-10-20,BMO,2021Q3,2.81,2.71,2021-10-19,19269044566.00,19478109558.00,2022-01-20,
778ee7db5cb6d8dd657bfc1fd3ff820a,SY104,2022-01-20,AMC,2022Q4,0.78,1.10,2022-01-19,9250205763.00,9213530149.00,2022-04-21,
582dda9a3d6cc9e034209738c5019df3,SY104,2022-04-21,AMC,2022Q1,2.33,2.68,2022-04-20,7592593242.00,7559830966.00,2022-07-22,
97eaba3cd0e9c32b6e3006bae678e10c,SY104,2022-07-22,BMO,2022Q2,1.51,1.66,2022-07-21,15816388018.00,14932550469.00,2022-10-20,
2b439acc7b5927606f83aaf063b1939a,SY104,2022-10-20,BMO,2022Q3,0.88,0.93,2022-10-19,15218737976.00,14769742603.00,2023-01-23,
55905e4dd8bc4a66e2702db60b280678,SY104,2023-01-23,BMO,2023Q4,2.62,2.44,2023-01-22,1675526467.00,1590943577.00,2023-04-24,
85e83e6a3021692b61f80cdbdd016260,SY104,2023-04-24,AMC,2023Q1,0.30,0.61,2023-04-23,20226429382.00,19737828320.00,2023-07-25,
7be284d4c1532b7e20db1906849354a7,SY104,2023-07-25,BMO,2023Q2,0.27,0.70,2023-07-24,1333531773.00,1322458084.00,2023-10-23,
b64b0380783a3817373afd7658bf3083,SY104,2023-10-23,BMO,2023Q3,2.65,2.85,2023-10-22,13381468042.00,13332569038.00,2024-01-24,
54b3e7cc18e8c2272a25617295af4e7c,SY104,2024-01-24,AMC,2024Q4,1.23,1.33,2024-01-23,10176649260.00,9986056527.00,2024-04-24,
0610ec74ea89694feb9ed1dc5898c633,SY104,2024-04-24,AMC,2024Q1,1.14,1.17,2024-04-23,5423202447.00,5202491760.00,2024-07-25,
8dbb9bd8078175746334b2511a983e99,SY104,2024-07-25,BMO,2024Q2,3.10,2.93,2024-07-24,1111990080.00,1118308624.00,2024-10-23,
34810f50f47f78e6390adce5c5958b14,SY104,2024-10-23,BMO,2024Q3,1.61,1.73,2024-10-22,13175765823.00,12549298844.00,2025-01-27,
adcabe7d48465c766a0ace44c00ba42e,SY104,2025-01-27,AMC,2025Q4,1.41,1.97,2025-01-26,9534717868.00,9888274855.00,2025-04-28,
440eeb91b3357a7f64b1c7e4a053996e,SY104,2025-04-28,AMC,2025Q1,1.68,2.25,2025-04-27,18374698635.00,18151986012.00,2025-07-29,
55f1db49d47e3d0be49c7036f75d44b7,SY104,2025-07-29,BMO,2025Q2,1.70,1.46,2025-07-28,17440922151.00,16881096793.00,2025-10-27,
e96e566fd09ea8bdb33f06c1eec88e65,SY104,2025-10-27,AMC,2025Q3,2.65,2.51,2025-10-26,2254665945.00,2190745849.00,,
f9033bcff4cabfbae7286362d92694bc,SY105,2019-04-02,AMC,2019Q1,2.52,2.35,2019-04-01,11564325632.00,11317438835.00,2019-07-02,
3e8068d16ef6d99684853a4986eb8f97,SY105,2019-07-02,AMC,2019Q2,1.74,1.31,2019-07-01,6299656285.00,6720978575.00,2019-10-01,
d4b8a520753a830f5b628c473b939469,SY105,2019-10-01,AMC,2019Q3,2.22,2.04,2019-09-30,17210402349.00,16688747992.00,2019-12-31,
99c3ffa6c53911dd788af36f17c3e7f4,SY105,2019-12-31,AMC,2019Q4,2.51,2.72,2019-12-30,14299170839.00,14997291552.00,2020-04-01,
bf33b8ab9c8e19ea0ec65e27642f283e,SY105,2020-04-01,AMC,2020Q1,1.08,0.87,2020-03-31,10352350779.00,9948861228.00,2020-07-01,
36504631ab88ef18113ed5c35056eef4,SY105,2020-07-01,BMO,2020Q2,2.60,2.53,2020-06-30,20423966225.00,19273728501.00,2020-09-30,2020-07-16
c8c1ed73976fefc1354d16975180baae,SY105,2020-09-30,BMO,2020Q3,2.10,2.49,2020-09-29,9849709616.00,10407665398.00,2020-12-30,
9be3718186800e2c296c249df54d10e0,SY105,2020-12-30,BMO,2020Q4,1.28,1.52,2020-12-29,2567207167.00,2462694258.00,2021-04-01,
8df6dc458b927133af73c499f298badf,SY105,2021-04-01,BMO,2021Q1,2.30,2.39,2021-03-31,18405618765.00,18911811478.00,2021-07-01,
c8fda6e5212cf5cddd7bfacc7fb4515a,SY105,2021-07-01,BMO,2021Q2,2.52,2.49,2021-06-30,5053894472.00,5160876224.00,2021-09-30,
12490951aecf4549773165add1d1befe,SY105,2021-09-30,AMC,2021Q3,2.08,2.54,2021-09-29,11165226871.00,11136848262.00,2021-12-30,
e7ecd52161515ec4397f89d85700de14,SY105,2021-12-30,BMO,2021Q4,1.86,1.74,2021-12-29,11967951903.00,11728078178.00,2022-03-31,
fad9ab0954b12e740ded1463ce198ff5,SY105,2022-03-31,AMC,2022Q1,1.14,1.00,2022-03-30,7859599213.00,8312270994.00,2022-07-01,
1d854162ddcf864f53bd2847891db53f,SY105,2022-07-01,BMO,2022Q2,0.61,0.62,2022-06-30,8174923026.00,8095444539.00,2022-09-30,
86b9722819adac2e0a9ebcccf2842444,SY105,2022-09-30,AMC,2022Q3,1.21,1.33,2022-09-29,1938562205.00,2018682577.00,2022-12-30,
9921af42aed08b6d28c052ad5c8b1792,SY105,2022-12-30,AMC,2022Q4,1.05,0.81,2022-12-29,19141170545.00,19670910697.00,2023-04-03,
af1a7a57a107338eb1f1d84507a294c9,SY105,2023-04-03,BMO,2023Q1,2.43,2.60,2023-04-02,12804775744.00,11943544555.00,2023-07-05,
7e7666d26081c7135796af85235e0d06,SY105,2023-07-05,AMC,2023Q2,3.01,2.90,2023-07-04,11634975100.00,11367333443.00,2023-10-03,
ecb389828c384122108762bbab0f44de,SY105,2023-10-03,AMC,2023Q3,2.62,2.66,2023-10-02,15713328405.00,15533508786.00,2024-01-03,
4bffa6e76913eb35bf69f2c547401496,SY105,2024-01-03,AMC,2024Q4,1.17,1.13,2024-01-02,4912647434.00,4707110662.00,2024-04-04,2024-01-12
f7f10ca93cb3d4380b10e6fdd4bfa630,SY105,2024-04-04,AMC,2024Q1,2.91,2.58,2024-04-03,4353333848.00,4327514221.00,2024-07-05,
8bf88693943ab32519a6cf1c9a1ff6d5,SY105,2024-07-05,BMO,2024Q2,1.98,1.88,2024-07-04,1617881279.00,1655680693.00,2024-10-03,
364e4d14271004c51117db8a9883e509,SY105,2024-10-03,BMO,2024Q3,1.07,1.14,2024-10-02,7708654165.00,7739732254.00,2025-01-03,
9b647c08adbc7b6f6a4a7b304b1d919b,SY105,2025-01-03,AMC,2025Q4,0.91,0.81,2025-01-02,18926719705.00,18546758418.00,2025-04-07,
9aa503042c76a2a4e0327447ecab0db0,SY105,2025-04-07,BMO,2025Q1,2.36,2.54,2025-04-06,2852551465.00,2862015683.00,2025-07-09,
199377b66b7e9f2d2149dc6e8e48e513,SY105,2025-07-09,BMO,2025Q2,1.88,2.08,2025-07-08,11628558980.00,11580574284.00,2025-10-07,
9242e7920c421d1977690fac263b3aea,SY105,2025-10-07,BMO,2025Q3,1.22,1.29,2025-10-06,9282057317.00,9563806413.00,,
f2819be5198998dcc0f080c0383e20a7,SY106,2019-05-30,BMO,2019Q1,1.05,0.68,2019-05-29,2734141172.00,2914832095.00,2019-08-28,
fa4a6a507cb245e650616348c72afe52,SY106,2019-08-28,AMC,2019Q2,1.48,1.62,2019-08-27,5356717167.00,5892692827.00,2019-11-26,
a0c95bf87e473ef80b5853d31fcb0496,SY106,2019-11-26,BMO,2019Q3,2.00,2.01,2019-11-25,16575638702.00,17084142964.00,2020-02-28,
6d3dcbc79320341e570a839aed67b9c9,SY106,2020-02-28,BMO,2020Q4,2.27,2.47,2020-02-27,4432644879.00,4617867791.00,2020-05-29,
7e25bf24fe5a024441da1bc505d40a44,SY106,2020-05-29,AMC,2020Q1,1.21,1.25,2020-05-28,13277743482.00,13264476536.00,2020-08-27,
758f545f06c8565fd624e1f7f1d52f20,SY106,2020-08-27,BMO,2020Q2,2.33,2.41,2020-08-26,13801159077.00,14054394253.00,2020-11-25,
9a53e3b57fa226de650cff4ac4db52f2,SY106,2020-11-25,AMC,2020Q3,1.47,1.64,2020-11-24,14162676324.00,14761292044.00,2021-03-01,
4859e156e4b82402874bf13c070ba2f0,SY106,2021-03-01,BMO,2021Q4,1.84,1.70,2021-02-28,8375129969.00,8276854303.00,2021-05-28,
7f4c02fa8d896bebdc6e8020bc6db00a,SY106,2021-05-28,AMC,2021Q1,2.84,2.66,2021-05-27,6358886877.00,6499019360.00,2021-08-27,
f8c3c9b982c9bfe6e4ce4d64df9c5c00,SY106,2021-08-27,BMO,2021Q2,1.83,1.60,2021-08-26,2800243077.00,2849900403.00,2021-11-26,
463e4eb1da8ca71a420b97d42377d083,SY106,2021-11-26,AMC,2021Q3,2.33,2.16,2021-11-25,639163776.00,651287447.00,2022-02-28,
9b6a1e1d636b7bb8234a2f2e7c232c6b,SY106,2022-02-28,BMO,2022Q4,2.28,2.26,2022-02-27,8726935899.00,8817019708.00,2022-05-27,
ab6d1a0232920bc27a945a2a27c65278,SY106,2022-05-27,BMO,2022Q1,1.33,0.96,2022-05-26,3965817328.00,3936821860.00,2022-08-29,
edbb36593bd0ea01d9b8fa511d8a6ed8,SY106,2022-08-29,AMC,2022Q2,2.52,2.67,2022-08-28,11634824444.00,11622157996.00,2022-11-28,
fc5dff307cac14217bea170c8e26316e,SY106,2022-11-28,AMC,2022Q3,1.06,1.06,2022-11-27,5629628930.00,5581223090.00,2023-03-01,
4f45dd8ebc69df20ead1fe35db0fffdc,SY106,2023-03-01,BMO,2023Q4,2.32,2.11,2023-02-28,16922060280.00,17901843419.00,2023-05-31,
3b42d7de4e063395ae98e7ec5108ad89,SY106,2023-05-31,AMC,2023Q1,0.77,1.35,2023-05-30,14784936490.00,15400831490.00,2023-08-30,
6ef1aa1c81c1d5215f89fc44470497b6,SY106,2023-08-30,AMC,2023Q2,0.76,0.63,2023-08-29,19875923436.00,19157505131.00,2023-11-29,
b7c7215f4d170335ca6f460832f6761d,SY106,2023-11-29,BMO,2023Q3,0.81,0.55,2023-11-28,1867315104.00,1844763327.00,2024-03-01,
84ce786eb974992bf93556b8fd7d5db3,SY106,2024-03-01,AMC,2024Q4,2.56,2.65,2024-02-29,16775128812.00,17678908078.00,2024-05-31,
36284d999cece0190619c906f23e3ae5,SY106,2024-05-31,BMO,2024Q1,0.48,0.57,2024-05-30,13630816661.00,13552731511.00,2024-08-30,2024-06-11
ff7847a35d3855909803eb5c6e62e4ad,SY106,2024-08-30,AMC,2024Q2,0.76,0.90,2024-08-29,8360290092.00,8455962054.00,2024-11-29,
143288109c75138836fd2b1e3612e8f0,SY106,2024-11-29,BMO,2024Q3,2.54,2.63,2024-11-28,7222391456.00,6954746998.00,2025-03-05,
5f9fd225d2347146d88b566e3f59d597,SY106,2025-03-05,BMO,2025Q4,1.94,1.65,2025-03-04,6719553255.00,6670359251.00,2025-06-04,
383e55565eed31fae04adb7e88787542,SY106,2025-06-04,BMO,2025Q1,1.31,1.10,2025-06-03,16251869110.00,16026013035.00,2025-09-04,2025-07-02
371618fe34df655e635e24c900042313,SY106,2025-09-04,BMO,2025Q2,3.04,2.80,2025-09-03,15699596215.00,15445326967.00,2025-12-03,
11796e8c64bf19fdf828b91423a99784,SY106,2025-12-03,AMC,2025Q3,2.81,2.38,2025-12-02,17961765903.00,17373072220.00,,
0cb778c8677f9bf7c4cb056b551c65d9,SY107,2019-04-01,BMO,2019Q1,3.14,2.73,2019-03-31,2846828643.00,2861525921.00,2019-07-01,
09a2df6c26fbcc792bcd38f55767abf3,SY107,2019-07-01,AMC,2019Q2,2.66,2.82,2019-06-30,8620096126.00,8638525410.00,2019-09-30,
538f14f237900860c7ef4d4fbe99705a,SY107,2019-09-30,AMC,2019Q3,0.32,0.77,2019-09-29,14797816636.00,14302180707.00,2019-12-30,
321d8fe80882992d9cdc7177faeb5dc9,SY107,2019-12-30,BMO,2019Q4,2.06,2.14,2019-12-29,19677012349.00,19063187356.00,2020-03-31,
84b67078fc63a20ec45ca12815341faa,SY107,2020-03-31,AMC,2020Q1,2.85,2.88,2020-03-30,11818900203.00,12319302641.00,2020-06-30,
1af4f8e9eab57be176784c9b3bc0a76f,SY107,2020-06-30,AMC,2020Q2,2.99,2.88,2020-06-29,4655206388.00,4620344546.00,2020-09-29,
52f938f84b487545e20a4e44c92b3bfa,SY107,2020-09-29,BMO,2020Q3,1.31,1.43,2020-09-28,3646615668.00,3494460567.00,2020-12-29,
069fe8a3333a9ded626bc1c7deaf7747,SY107,2020-12-29,AMC,2020Q4,1.14,1.47,2020-12-28,8830659383.00,8696582289.00,2021-03-31,
a69d1e246bff0681e33180739ddb2791,SY107,2021-03-31,BMO,2021Q1,0.44,0.51,2021-03-30,2239928499.00,2177377602.00,2021-06-30,
8e3d101c5ae379e9ee3a1d12fee4fa74,SY107,2021-06-30,AMC,2021Q2,2.10,1.91,2021-06-29,13317342269.00,13665299336.00,2021-09-29,
a4d136d316d230ba1c69d37b5ecf119c,SY107,2021-09-29,BMO,2021Q3,1.82,1.87,2021-09-28,13360839002.00,13583249411.00,2021-12-29,
fdfa7fd497940928aefd8cfa7db1ca90,SY107,2021-12-29,BMO,2021Q4,1.11,1.06,2021-12-28,12194756719.00,12413411143.00,2022-03-30,
50323cd43c590092f6d256dc2e530406,SY107,2022-03-30,AMC,2022Q1,1.77,1.75,2022-03-29,6639042445.00,6668391872.00,2022-06-30,
ebca90947d7d05b14546cf1072b95b84,SY107,2022-06-30,AMC,2022Q2,2.13,2.20,2022-06-29,3615959202.00,3619018897.00,2022-09-29,
446cd8aab591f95fd29025d2cce95722,SY107,2022-09-29,AMC,2022Q3,2.70,2.65,2022-09-28,2762592996.00,2679168510.00,2022-12-29,
2bac6609b84b988a22d93c5397892e8f,SY107,2022-12-29,BMO,2022Q4,1.21,1.13,2022-12-28,2149953569.00,2120819284.00,2023-03-31,
2234a93799d40d85fc547bb69e39bcb8,SY107,2023-03-31,AMC,2023Q1,2.73,2.55,2023-03-30,5165731686.00,4991126457.00,2023-07-03,
4cb59c2b8860166a3306742e00f57607,SY107,2023-07-03,AMC,2023Q2,1.29,1.15,2023-07-02,13751581428.00,13782067424.00,2023-10-02,2023-07-20
b950fdbc5d76146b6447770ff23fe584,SY107,2023-10-02,BMO,2023Q3,0.01,0.51,2023-10-01,6693890419.00,6688965070.00,2024-01-02,2023-10-18
52483b7b661da67a11f022d2404edbad,SY107,2024-01-02,AMC,2024Q4,2.34,2.68,2024-01-01,16523939798.00,17571704333.00,2024-04-03,
9deb75d4be01d6ab5f0d4556335fd264,SY107,2024-04-03,BMO,2024Q1,1.60,1.77,2024-04-02,4297742774.00,4225772145.00,2024-07-03,
af7180f1e9d7ce82f43aa5548704ff55,SY107,2024-07-03,BMO,2024Q2,0.58,0.57,2024-07-02,16837249190.00,16187791446.00,2024-10-02,
3d3ccb04e503091389ac5ece8fabf6cc,SY107,2024-10-02,AMC,2024Q3,1.21,1.41,2024-10-01,10476701473.00,11012876134.00,2025-01-02,
faee4e290ecb2138a3d2b1fc436f076d,SY107,2025-01-02,AMC,2025Q4,2.77,2.76,2025-01-01,5416733757.00,5314123868.00,2025-04-04,
69c7c0b76e07c6d9795884351153c8ef,SY107,2025-04-04,BMO,2025Q1,2.79,2.38,2025-04-03,10754994155.00,10217438138.00,2025-07-08,
0d918249aa35b6eb2b08e82fc50b8471,SY107,2025-07-08,BMO,2025Q2,1.20,1.24,2025-07-07,16258932409.00,17806019186.00,2025-10-06,
1547d91632b0d206706cf52681e28862,SY107,2025-10-06,AMC,2025Q3,0.58,0.76,2025-10-05,14327676282.00,14295404013.00,,
df4cdf40863194fc749e85e4a9070bcf,SY108,2019-04-10,AMC,2019Q1,1.46,1.50,2019-04-09,8835285734.00,8777813847.00,2019-07-11,
69d44f99ae66907c77b40c9c16fd76b6,SY108,2019-07-11,AMC,2019Q2,1.78,1.79,2019-07-10,4035300147.00,4103415763.00,2019-10-09,
6d0adc41fdc6a6e4a2cab3fd16a026d1,SY108,2019-10-09,AMC,2019Q3,1.28,0.99,2019-10-08,12113496993.00,12553311267.00,2020-01-09,
a464388e93e57506769cb9c6a334f3b2,SY108,2020-01-09,BMO,2020Q4,0.89,0.80,2020-01-08,7049112676.00,7022058343.00,2020-04-09,
c6952ea06148fbe2be2542fe943c4b03,SY108,2020-04-09,AMC,2020Q1,2.85,2.64,2020-04-08,6588145832.00,6428326424.00,2020-07-10,
d9d29e1afa099809e4d47e79f268cc8f,SY108,2020-07-10,AMC,2020Q2,0.65,0.74,2020-07-09,5349457910.00,5209431400.00,2020-10-08,
e9bbfafd2b5d69c009faa5587647566c,SY108,2020-10-08,BMO,2020Q3,0.93,1.20,2020-10-07,7984309174.00,7728284597.00,2021-01-08,
1d06a90a041ed5644ef821b4c966c87e,SY108,2021-01-08,AMC,2021Q4,2.38,2.40,2021-01-07,2388680824.00,2477449435.00,2021-04-12,
65947f1bb984dcc1877591fe4afe063f,SY108,2021-04-12,BMO,2021Q1,3.02,2.77,2021-04-11,2970036755.00,2884643323.00,2021-07-12,
a27da7d93afe658050256dd8532a6abe,SY108,2021-07-12,BMO,2021Q2,0.13,0.71,2021-07-11,4117180660.00,4249933316.00,2021-10-08,
162ce48cc767f75f4060feb420e875f9,SY108,2021-10-08,BMO,2021Q3,2.77,2.52,2021-10-07,3223656138.00,3222388269.00,2022-01-07,
10ce2f38c5ea53c183a91c9930a6f8c2,SY108,2022-01-07,AMC,2022Q4,0.62,0.60,2022-01-06,4368959061.00,4423086226.00,2022-04-08,
a5ad9f4e2cba4a4280830936c3e6af81,SY108,2022-04-08,AMC,2022Q1,0.94,0.89,2022-04-07,10142593155.00,10897862988.00,2022-07-12,
6dd96b9bf3bc73edefe94cd0559f21fc,SY108,2022-07-12,BMO,2022Q2,2.07,2.57,2022-07-11,10443948612.00,10432294005.00,2022-10-10,
d83bcb2693cc94a4c8817d00902764f7,SY108,2022-10-10,BMO,2022Q3,1.15,0.96,2022-10-09,7772400201.00,8435352447.00,2023-01-10,
fbe164c81108b77136e0d244b7b47286,SY108,2023-01-10,AMC,2023Q4,0.94,1.06,2023-01-09,4025537337.00,4228258280.00,2023-04-12,
82404dbf39896d996f1dfde50cd067f3,SY108,2023-04-12,AMC,2023Q1,2.65,2.81,2023-04-11,18686013515.00,18507047329.00,2023-07-13,
ef5dd63a2851bd959416bbd47b404f75,SY108,2023-07-13,BMO,2023Q2,2.08,2.22,2023-07-12,18473807798.00,18020733851.00,2023-10-11,
191c38f456268a8279f77163a93a942f,SY108,2023-10-11,BMO,2023Q3,2.77,2.88,2023-10-10,12981896331.00,12768940509.00,2024-01-11,2023-10-24
056042fc856f4c84886d48578a9d9208,SY108,2024-01-11,BMO,2024Q4,0.56,0.59,2024-01-10,15726315682.00,15274175292.00,2024-04-12,2024-01-23
834dcddf90b42dd6d83fe3860ff87a29,SY108,2024-04-12,BMO,2024Q1,2.25,2.21,2024-04-11,16483529963.00,16601424505.00,2024-07-15,
700d165274681765b798d8c471964660,SY108,2024-07-15,BMO,2024Q2,1.06,0.97,2024-07-14,19926195488.00,19442384563.00,2024-10-11,
cad8a86e73148b4b4932309b961bc241,SY108,2024-10-11,BMO,2024Q3,2.26,2.45,2024-10-10,2999847355.00,2983283578.00,2025-01-14,
d26692993345c8459c7be148b756b538,SY108,2025-01-14,AMC,2025Q4,1.67,1.02,2025-01-13,6348211315.00,6162126947.00,2025-04-15,
e5dc4d0a72fd84a916557c445183e433,SY108,2025-04-15,BMO,2025Q1,2.31,2.86,2025-04-14,5776706053.00,5589013822.00,2025-07-17,
654256ed1630030695b35988683eb78a,SY108,2025-07-17,BMO,2025Q2,2.27,2.56,2025-07-16,17044061969.00,16871542262.00,2025-10-15,
9b70bab3bd724802c6ad8bc049f29d9d,SY108,2025-10-15,AMC,2025Q3,0.95,1.06,2025-10-14,14162912021.00,14767983921.00,,
9061383d0087124e3224a3ed60d2fdc0,SY109,2019-04-10,BMO,2019Q1,1.58,1.51,2019-04-09,15520998013.00,14856884602.00,2019-07-11,
db228c3870bb93d7311e9f2f8377c541,SY109,2019-07-11,BMO,2019Q2,1.63,1.58,2019-07-10,9083820474.00,9210144563.00,2019-10-09,
405216cbd6f4e253f31505c796169131,SY109,2019-10-09,AMC,2019Q3,1.27,1.01,2019-10-08,20855007680.00,19564019906.00,2020-01-09,2019-10-17
8816ddb6a2f6da6755086ba858aea5bc,SY109,2020-01-09,BMO,2020Q4,2.95,2.86,2020-01-08,4781460537.00,4998035827.00,2020-04-09,
f00c53fd1c6d44707edd128c43b44cc2,SY109,2020-04-09,AMC,2020Q1,2.83,2.75,2020-04-08,17122406013.00,16681764513.00,2020-07-10,
78d497bb7a81fda73ddc620f4cd136f6,SY109,2020-07-10,AMC,2020Q2,2.68,2.44,2020-07-09,17085686692.00,17230209435.00,2020-10-08,
e52964a62663280ca126de761c860309,SY109,2020-10-08,AMC,2020Q3,2.96,2.98,2020-10-07,12191801227.00,12478449506.00,2021-01-08,
c18a570db6aa8cbc6d582bbd3cf7d104,SY109,2021-01-08,BMO,2021Q4,1.98,2.05,2021-01-07,14556755077.00,14781083159.00,2021-04-12,
3e7dc273ac09a7360938d5610999a0e9,SY109,2021-04-12,BMO,2021Q1,2.11,2.37,2021-04-11,8938578953.00,9027421625.00,2021-07-12,
ed3f3e409bcf7e63f861ed51bd269374,SY109,2021-07-12,BMO,2021Q2,1.81,1.98,2021-07-11,6386193585.00,6384903857.00,2021-10-08,
ca7ead34094c962a71c4a45ffa0e8b32,SY109,2021-10-08,BMO,2021Q3,0.54,0.90,2021-10-07,13759999131.00,13658875084.00,2022-01-07,
3e737324e0995dcec929935beaf61925,SY109,2022-01-07,BMO,2022Q4,0.87,0.89,2022-01-06,7510433213.00,8077796983.00,2022-04-08,
ed6702662285c431df5e03c31275a279,SY109,2022-04-08,AMC,2022Q1,2.43,2.48,2022-04-07,10357465821.00,10363031349.00,2022-07-12,
c710f68a811d10ed541710e1468aa0fd,SY109,2022-07-12,AMC,2022Q2,0.60,0.59,2022-07-11,2142970662.00,2066869676.00,2022-10-10,
04aa370f6c1dcea084e04bfd952eed01,SY109,2022-10-10,BMO,2022Q3,0.50,0.88,2022-10-09,4617641713.00,4678390412.00,2023-01-10,
dfdb7279373f4c55b96d80edd0ab8598,SY109,2023-01-10,AMC,2023Q4,2.63,2.56,2023-01-09,6165210586.00,6199692178.00,2023-04-12,
76753eaede769db6cfa3c6f042ebb4bc,SY109,2023-04-12,BMO,2023Q1,1.23,1.48,2023-04-11,5671736994.00,5740289853.00,2023-07-13,
2ee2e7d139ca1bdc4b4bfec32fea28a0,SY109,2023-07-13,AMC,2023Q2,1.31,1.30,2023-07-12,14065780022.00,13483235559.00,2023-10-11,
ec12d26e079495859c94ddf11bd1fd2d,SY109,2023-10-11,AMC,2023Q3,0.46,0.65,2023-10-10,2064343072.00,1996956962.00,2024-01-11,
8ad3474c4e4802af78ee57ed6399362d,SY109,2024-01-11,AMC,2024Q4,3.00,2.96,2024-01-10,8584588128.00,8495441278.00,2024-04-12,
51a05a83a46c088329eafe2f1b2eb39c,SY109,2024-04-12,AMC,2024Q1,1.18,1.03,2024-04-11,12376141085.00,11595060015.00,2024-07-15,
34edc064d0e415a7f860cbd22455e5e0,SY109,2024-07-15,AMC,2024Q2,2.02,1.98,2024-07-14,11947610890.00,12196185724.00,2024-10-11,
db7f51cd88d914646ec2945b527317cf,SY109,2024-10-11,AMC,2024Q3,2.95,2.86,2024-10-10,1961838826.00,1931021239.00,2025-01-14,
0cbf0aa0efb926b8157696aaeac49ce6,SY109,2025-01-14,BMO,2025Q4,0.67,0.92,2025-01-13,12821923559.00,13758248143.00,2025-04-15,
73135c420df346673ac74ea931873fd6,SY109,2025-04-15,AMC,2025Q1,1.21,1.12,2025-04-14,2142690364.00,2162614394.00,2025-07-17,
d46841bebd9343d02910708d82e2f18a,SY109,2025-07-17,AMC,2025Q2,0.84,0.60,2025-07-16,6085989436.00,5932539524.00,2025-10-15,
57dda6a8b0fa5e12f11f3134b8ff4883,SY109,2025-10-15,AMC,2025Q3,2.86,2.82,2025-10-14,16554000893.00,15453927366.00,,
5f30f425f485f80ec846963eb1ed202a,SY110,2019-04-03,AMC,2019Q1,1.62,1.66,2019-04-02,1830219812.00,1822316701.00,2019-07-03,
5f7ea281afa68aace1ac05ec4d111de5,SY110,2019-07-03,AMC,2019Q2,1.78,1.52,2019-07-02,18130235415.00,17577301212.00,2019-10-02,
aa899c0089a90df732bfb7c7f7392df2,SY110,2019-10-02,BMO,2019Q3,0.13,0.55,2019-10-01,19318423865.00,19195871958.00,2020-01-02,
a84f3790f373d002ff2a0d1c1915e5f0,SY110,2020-01-02,AMC,2020Q4,2.02,2.04,2020-01-01,4090452889.00,4062592331.00,2020-04-02,
0c1153fffd2d3ffdadb5b71220291ffd,SY110,2020-04-02,AMC,2020Q1,2.08,1.78,2020-04-01,15291770819.00,15224547213.00,2020-07-02,
920dcdd2548e80c0459da26df251e136,SY110,2020-07-02,BMO,2020Q2,2.30,2.23,2020-07-01,16148686903.00,16657013837.00,2020-10-01,
5d89f36a817a747ba5d92bbe08bce8e3,SY110,2020-10-01,BMO,2020Q3,0.47,0.64,2020-09-30,14777502280.00,15288423351.00,2020-12-31,
8a7ee183aa478273b407e6e9ae72aa4f,SY110,2020-12-31,AMC,2020Q4,2.58,2.29,2020-12-30,4861633223.00,4955812459.00,2021-04-05,
f62291c5561eee0066cbf081e0d3ed0e,SY110,2021-04-05,BMO,2021Q1,2.06,1.46,2021-04-04,9342973631.00,9089466560.00,2021-07-02,
8f4f32b7d21c4aa2c755df988c6f789f,SY110,2021-07-02,BMO,2021Q2,1.65,1.55,2021-07-01,8752412515.00,8451587145.00,2021-10-01,
b5064665a1546e80d12b1f155cf80fe2,SY110,2021-10-01,BMO,2021Q3,1.06,1.07,2021-09-30,11812952688.00,12178752439.00,2021-12-31,
2327c2c2607835d858c5e644b02767a4,SY110,2021-12-31,AMC,2021Q4,2.08,1.81,2021-12-30,12017824281.00,12286071516.00,2022-04-01,
c5d7e9b8b9aff4f40e34c1fd9794b11a,SY110,2022-04-01,AMC,2022Q1,1.46,1.45,2022-03-31,2942966563.00,2888924196.00,2022-07-05,2022-04-08
1dfb96e4762c7e57c3100cdfecf1827b,SY110,2022-07-05,BMO,2022Q2,1.49,1.86,2022-07-04,8579244132.00,8800200461.00,2022-10-03,2022-07-18
57b53f69543ede665262fde1953f75f7,SY110,2022-10-03,AMC,2022Q3,2.62,2.62,2022-10-02,11912076473.00,11842173337.00,2023-01-03,
e4a30f78a08101e99a9e747c429141bf,SY110,2023-01-03,BMO,2023Q4,0.61,0.67,2023-01-02,2632001331.00,2619392533.00,2023-04-04,
65990a106d13981e6d65d22e46d14132,SY110,2023-04-04,AMC,2023Q1,1.60,1.64,2023-04-03,12955917813.00,12618816078.00,2023-07-06,
630349bd845a553c9362f099d8640235,SY110,2023-07-06,BMO,2023Q2,0.84,0.93,2023-07-05,19958336604.00,19786206824.00,2023-10-04,2023-07-26
c3428bd9d2610be401b1e54e3851292c,SY110,2023-10-04,AMC,2023Q3,1.69,1.33,2023-10-03,16381281647.00,16731550689.00,2024-01-04,
6b60215107591cb5543eeeed510f4a74,SY110,2024-01-04,AMC,2024Q4,1.40,1.59,2024-01-03,5393603663.00,5302220687.00,2024-04-05,
82e677d092c3932f7b0d7800a2477f8f,SY110,2024-04-05,BMO,2024Q1,1.86,1.65,2024-04-04,18097983081.00,17663487237.00,2024-07-08,
5879c3292a4905426c0bb55e546a327d,SY110,2024-07-08,AMC,2024Q2,1.07,1.48,2024-07-07,15438109402.00,15545009032.00,2024-10-04,
2642ea9601c94adc00b9057959c954fe,SY110,2024-10-04,AMC,2024Q3,1.13,0.95,2024-10-03,16307779249.00,15962376151.00,2025-01-06,
3f20ae62a188f9e82a290d6f7afa0006,SY110,2025-01-06,AMC,2025Q4,1.71,1.30,2025-01-05,8194606803.00,7730416689.00,2025-04-08,
43780ec8ec41b7bf6a85c61d499b2ea5,SY110,2025-04-08,AMC,2025Q1,3.16,2.76,2025-04-07,14684359217.00,14344045463.00,2025-07-10,
799dfc5a76c736a589c49da26e4aaf17,SY110,2025-07-10,AMC,2025Q2,1.46,1.56,2025-07-09,18861560497.00,18275241866.00,2025-10-08,
876a4f36fa333b3198a8dbe1fc23c3d8,SY110,2025-10-08,BMO,2025Q3,1.27,1.64,2025-10-07,7778931399.00,7662185281.00,,
e57cd15e69c799b9cb12c699be71f280,SY111,2019-06-06,BMO,2019Q1,1.45,1.49,2019-06-05,10472304298.00,10912979204.00,2019-09-05,
4835c4f02fb41e32ba79349fd1a40286,SY111,2019-09-05,BMO,2019Q2,1.61,1.20,2019-09-04,13372354669.00,13276827529.00,2019-12-04,
8d081f8cf2ebdbf747a26acc26eb5805,SY111,2019-12-04,AMC,2019Q3,1.75,1.56,2019-12-03,15746091090.00,15526316436.00,2020-03-06,
0659baf8571d069e58d4d18a2ef99816,SY111,2020-03-06,BMO,2020Q4,1.97,1.87,2020-03-05,8051778595.00,7616169604.00,2020-06-05,
4f3cc60f8d930f231e00b672fff64b15,SY111,2020-06-05,BMO,2020Q1,2.23,2.34,2020-06-04,19629631936.00,19586965337.00,2020-09-03,2020-06-15
c326c9d4e9b39f5f9cc8cf115af84e1e,SY111,2020-09-03,BMO,2020Q2,0.58,0.88,2020-09-02,18902934104.00,18951163619.00,2020-12-03,
d4898b3d4b028cb53371cd73963be817,SY111,2020-12-03,BMO,2020Q3,0.27,0.53,2020-12-02,13283235973.00,13042028295.00,2021-03-08,
5277f5324cc3454116a4995922461ef8,SY111,2021-03-08,BMO,2021Q4,0.88,0.61,2021-03-07,20562201353.00,19857177369.00,2021-06-07,
50a4c541d2164e25a4db4c05f34d958b,SY111,2021-06-07,AMC,2021Q1,0.96,1.22,2021-06-06,2765927474.00,2699946621.00,2021-09-03,
7b6337dc9b896417db3973466a32afa8,SY111,2021-09-03,BMO,2021Q2,1.71,1.82,2021-09-02,11435072278.00,11277109418.00,2021-12-03,
773bb2a1d886ce6b91020dc776655bbf,SY111,2021-12-03,BMO,2021Q3,3.14,2.91,2021-12-02,11014273334.00,11079056421.00,2022-03-07,
e42ce662e27bf0f2b772a61168c3f459,SY111,2022-03-07,BMO,2022Q4,1.15,1.45,2022-03-06,4030072326.00,4185984937.00,2022-06-06,2022-03-28
70e89ff968583e233b029a5dd295b3cd,SY111,2022-06-06,BMO,2022Q1,0.86,1.03,2022-06-05,7149583704.00,7213038906.00,2022-09-06,
0f51d164fa203c842ce46fd66fee7ede,SY111,2022-09-06,AMC,2022Q2,1.76,1.89,2022-09-05,18476060041.00,19888802454.00,2022-12-05,
a77bd19393a9ca28ab868bb6aa44d8b6,SY111,2022-12-05,AMC,2022Q3,1.14,0.99,2022-12-04,8718822731.00,8684395312.00,2023-03-08,
1b186ab1699c5a7374016539317c02ec,SY111,2023-03-08,AMC,2023Q4,2.85,2.87,2023-03-07,10400654487.00,10243684656.00,2023-06-07,
c1da3d4e2e06d80a88a45745e64a85b2,SY111,2023-06-07,AMC,2023Q1,2.58,2.47,2023-06-06,15874832063.00,16331607622.00,2023-09-07,
c9b28a2cbdfae36b7835631023bf078c,SY111,2023-09-07,AMC,2023Q2,0.86,0.68,2023-09-06,11857340249.00,12242663653.00,2023-12-06,
0e2d569616482d62502b7dacc641a2da,SY111,2023-12-06,AMC,2023Q3,2.32,2.56,2023-12-05,10223703286.00,10547007652.00,2024-03-08,
a79a2d242ebd7b059977ffe75138f98a,SY111,2024-03-08,AMC,2024Q4,2.46,2.16,2024-03-07,7819075733.00,7960364067.00,2024-06-07,
f1fc8d4cf76896729c4333c071d9472b,SY111,2024-06-07,BMO,2024Q1,2.77,2.54,2024-06-06,1990474793.00,1891209494.00,2024-09-09,
71a0cc017b3f8bb949e53ca8d694e50a,SY111,2024-09-09,AMC,2024Q2,0.98,1.13,2024-09-08,16062293096.00,16341687047.00,2024-12-06,
b8bf18a5c42b45568f2a3cab4c1392f3,SY111,2024-12-06,BMO,2024Q3,1.80,1.66,2024-12-05,19483419379.00,19009125195.00,2025-03-12,
337886c9b917631eaf1fe40e6e75e8b6,SY111,2025-03-12,BMO,2025Q4,2.60,2.71,2025-03-11,16813908857.00,16886127573.00,2025-06-11,
4872f7fc506d2ff5000cf65735ab483a,SY111,2025-06-11,BMO,2025Q1,2.44,2.11,2025-06-10,1356286593.00,1431064398.00,2025-09-11,
a47d2386c5c0655705f212fea53151f0,SY111,2025-09-11,BMO,2025Q2,0.54,0.73,2025-09-10,5393486986.00,5501738209.00,2025-12-10,
5def44a0277b7d792b92b0f6d18f6092,SY111,2025-12-10,BMO,2025Q3,2.27,2.07,2025-12-09,2268148334.00,2239514175.00,,
55fed5b64919555bf2b8e385a5bccd35,SY112,2019-06-13,AMC,2019Q1,2.58,2.89,2019-06-12,3987730524.00,4173925885.00,2019-09-12,
9263a6e81f62bde42fd6846034af046e,SY112,2019-09-12,BMO,2019Q2,0.29,0.53,2019-09-11,14930321587.00,15367031154.00,2019-12-11,
61f07e50476717ce933eaa9f79be9df3,SY112,2019-12-11,BMO,2019Q3,2.50,2.49,2019-12-10,16850038352.00,17449823430.00,2020-03-13,
035229d078cb09109b5b5d02927626c8,SY112,2020-03-13,AMC,2020Q4,1.05,1.17,2020-03-12,2836284451.00,2906131424.00,2020-06-12,
3bfb792f894e1a9ac2f8e3787a275413,SY112,2020-06-12,AMC,2020Q1,2.00,2.44,2020-06-11,11796452861.00,12200178659.00,2020-09-11,2020-06-22
84e52502e71209a5651cdebcdc8d6e6c,SY112,2020-09-11,BMO,2020Q2,1.97,2.13,2020-09-10,1793932337.00,1832273979.00,2020-12-10,
bed3a2d66a1529ab02dce6f0886e9ef4,SY112,2020-12-10,AMC,2020Q3,2.66,2.91,2020-12-09,7098624613.00,7308355581.00,2021-03-15,
1c4b11573893c75c3d9c949f1b031878,SY112,2021-03-15,BMO,2021Q4,2.32,2.09,2021-03-14,14742500989.00,14821699926.00,2021-06-14,
371c16de049a71160f253600b18c6bda,SY112,2021-06-14,AMC,2021Q1,1.87,1.43,2021-06-13,9527506552.00,9661886956.00,2021-09-13,
88e42fe3fd3b0ab182c7976750485cf9,SY112,2021-09-13,BMO,2021Q2,1.57,1.66,2021-09-12,2028903480.00,2064707074.00,2021-12-10,
2c5dbe3bb23cb8b955ffbad8d7a47108,SY112,2021-12-10,BMO,2021Q3,0.29,0.53,2021-12-09,13088223413.00,13301385158.00,2022-03-14,
37eefa9a2e3ad97142c10815ece58919,SY112,2022-03-14,BMO,2022Q4,1.16,1.23,2022-03-13,4259797981.00,4020717685.00,2022-06-13,
672bb2afb2801fdfeecd7d9b2479ea92,SY112,2022-06-13,AMC,2022Q1,1.80,1.65,2022-06-12,988716626.00,1030480002.00,2022-09-13,
5942e1689242f1749f5d681c0602db4c,SY112,2022-09-13,AMC,2022Q2,1.30,1.33,2022-09-12,18007844412.00,18924459992.00,2022-12-12,
69435c5704a22a20af223a042a86d83e,SY112,2022-12-12,BMO,2022Q3,2.02,1.52,2022-12-11,10339085759.00,10599190397.00,2023-03-15,
669edd25a22f79f0bea2991f325870e5,SY112,2023-03-15,AMC,2023Q4,1.04,1.46,2023-03-14,19367987636.00,19280249244.00,2023-06-14,
967d5ae156aa8de0bf0963054499a864,SY112,2023-06-14,BMO,2023Q1,2.89,2.91,2023-06-13,4531871600.00,4679402212.00,2023-09-14,
45a6bcafd6499a7ad55bf5547b379910,SY112,2023-09-14,BMO,2023Q2,0.85,0.70,2023-09-13,19991378684.00,19947404201.00,2023-12-13,
554aeee33885e5314ee608a8af5911da,SY112,2023-12-13,AMC,2023Q3,0.50,0.64,2023-12-12,12805039396.00,12432386742.00,2024-03-15,
3b5fadb8ee8f6b5999e113a9f1b481e4,SY112,2024-03-15,AMC,2024Q4,1.09,0.75,2024-03-14,18845812847.00,18688351977.00,2024-06-14,
726db77dcca87344a11bcd260bf2742d,SY112,2024-06-14,BMO,2024Q1,1.80,1.87,2024-06-13,8497124249.00,8101039256.00,2024-09-16,
923d461a027503cc43618e13ac3da4cc,SY112,2024-09-16,AMC,2024Q2,2.55,2.79,2024-09-15,4845318860.00,4785439920.00,2024-12-13,2024-10-09
b66564c0a2fed7461c09bf002e8eb055,SY112,2024-12-13,AMC,2024Q3,0.49,0.68,2024-12-12,8134969192.00,8690852328.00,2025-03-19,
b76da186cf9e2ed610e44a0617f1842b,SY112,2025-03-19,BMO,2025Q4,1.63,1.78,2025-03-18,18357119296.00,17503935604.00,2025-06-18,
4ac9ba6fcc09c76d9d9535d8be40c342,SY112,2025-06-18,AMC,2025Q1,1.17,1.79,2025-06-17,3218017235.00,3324503851.00,2025-09-18,
7182be284b6ae010999b8a0d729ae953,SY112,2025-09-18,BMO,2025Q2,1.03,1.36,2025-09-17,18145751791.00,18470581371.00,2025-12-17,
851493df76e1337190382503796b995a,SY112,2025-12-17,BMO,2025Q3,0.69,0.76,2025-12-16,9146486962.00,9382522773.00,,
32914ff3ae2b9c0227ec7b752af48af7,SY113,2019-05-28,BMO,2019Q1,1.52,1.35,2019-05-27,5379242558.00,5721126326.00,2019-08-26,
2e863c7d00f5903803278e8e0d355534,SY113,2019-08-26,BMO,2019Q2,2.51,2.69,2019-08-25,12798643740.00,13277717836.00,2019-11-22,
47d7331b866831a1f9322c8840daf695,SY113,2019-11-22,AMC,2019Q3,0.67,0.66,2019-11-21,8082880223.00,7813666607.00,2020-02-26,
547c3380a2950db66856389f7555731f,SY113,2020-02-26,BMO,2020Q4,2.39,2.37,2020-02-25,10623875204.00,10295561162.00,2020-05-27,
7adb03622a1dbf5bb2046c99fe8991d5,SY113,2020-05-27,AMC,2020Q1,2.76,2.68,2020-05-26,11689365660.00,11936511569.00,2020-08-25,
1723b9c3ab46678bfb3231bb3af06baf,SY113,2020-08-25,BMO,2020Q2,1.32,0.86,2020-08-24,16795117278.00,16815677463.00,2020-11-23,
0dd17e8f2c096a2a8687eb0f675320ff,SY113,2020-11-23,BMO,2020Q3,2.39,2.41,2020-11-22,4756919514.00,4740917174.00,2021-02-25,
17496b726f6eae13b920cc77fb914fd5,SY113,2021-02-25,AMC,2021Q4,1.78,1.80,2021-02-24,5663514677.00,5542118894.00,2021-05-26,
56bd4768045aa25667c0f2991ec0e1ae,SY113,2021-05-26,AMC,2021Q1,1.81,1.90,2021-05-25,14077719655.00,14247134211.00,2021-08-25,
f62902c9ef4d6e247786fea9e9e81c28,SY113,2021-08-25,AMC,2021Q2,1.09,1.20,2021-08-24,9627980326.00,9187860292.00,2021-11-23,
20d062946c3b03bd6f916af5924f7d2a,SY113,2021-11-23,AMC,2021Q3,1.70,1.87,2021-11-22,5104881697.00,5194898048.00,2022-02-24,
7b0df8fe0df1887493780418e2a3e8c2,SY113,2022-02-24,AMC,2022Q4,2.70,2.41,2022-02-23,792998988.00,798771530.00,2022-05-25,
d194bce851b7aa70842c0aee531cf273,SY113,2022-05-25,BMO,2022Q1,0.52,0.63,2022-05-24,9402517829.00,8884305821.00,2022-08-25,
318cd993d358d43fdaf3d21a6710158d,SY113,2022-08-25,BMO,2022Q2,3.02,2.92,2022-08-24,12784711441.00,12827985023.00,2022-11-23,
36fcb98383709ca136e8fcbec74c3311,SY113,2022-11-23,AMC,2022Q3,2.71,2.68,2022-11-22,2353130068.00,2381873018.00,2023-02-27,
5b4f20dc44642669554b54b796a014f8,SY113,2023-02-27,BMO,2023Q4,1.94,1.79,2023-02-26,9329999696.00,9437761111.00,2023-05-26,
1c3fdc6cf166e982557d8c04363317ca,SY113,2023-05-26,BMO,2023Q1,2.02,2.04,2023-05-25,8045312329.00,8327189375.00,2023-08-28,
e028111eab5c757f84aa61043b663ec2,SY113,2023-08-28,BMO,2023Q2,3.13,2.94,2023-08-27,17391775388.00,16654905888.00,2023-11-27,2023-09-08
f680e4ec8d81a973f2c24fa296a8269f,SY113,2023-11-27,AMC,2023Q3,1.11,1.09,2023-11-26,2441271380.00,2432095778.00,2024-02-28,
1a623e802d9cc05a4130335e229d59e6,SY113,2024-02-28,AMC,2024Q4,2.84,2.96,2024-02-27,3027730257.00,3071018008.00,2024-05-29,
aa72199bd60ba4db7034f8b14eb9958d,SY113,2024-05-29,AMC,2024Q1,1.16,1.21,2024-05-28,17395694586.00,17583576893.00,2024-08-28,
ea517d1a265ceb6f8671afcf6bd29e71,SY113,2024-08-28,BMO,2024Q2,1.45,1.24,2024-08-27,11107416848.00,10913929319.00,2024-11-26,
aa29dce62647c217d2e680467a9554ec,SY113,2024-11-26,AMC,2024Q3,1.90,1.79,2024-11-25,11030715592.00,10574459290.00,2025-03-03,
c2e2207c6841388720e0f4ac7f62aaa4,SY113,2025-03-03,AMC,2025Q4,1.61,1.39,2025-03-02,6805540071.00,6890994769.00,2025-06-02,
5990c923a15e970e3b1fdc594fd89258,SY113,2025-06-02,AMC,2025Q1,0.99,0.94,2025-06-01,2981746011.00,2907583510.00,2025-09-02,2025-06-13
f5dad54e4c1e39d6904595385959a080,SY113,2025-09-02,BMO,2025Q2,1.19,1.03,2025-09-01,15466836780.00,15295764403.00,2025-12-01,
61e0e2f740a638e748ecbca3fb52c802,SY113,2025-12-01,BMO,2025Q3,1.81,1.99,2025-11-30,13435541122.00,12832304620.00,,
92287b26c9116af110799be5ccde8206,SY114,2019-06-07,BMO,2019Q1,1.77,2.03,2019-06-06,17770502034.00,17323203005.00,2019-09-06,
b3212a26569ec5a7f516d69ba2916eba,SY114,2019-09-06,AMC,2019Q2,1.02,1.07,2019-09-05,3670684669.00,3820756915.00,2019-12-05,
8d59ee1627a4334875f60a2e2ec39461,SY114,2019-12-05,BMO,2019Q3,0.83,0.68,2019-12-04,14514813833.00,14772053040.00,2020-03-09,
14fef2836a07a4d0d986b4bd9e8dbdc7,SY114,2020-03-09,BMO,2020Q4,2.89,2.96,2020-03-08,2992814374.00,3007322990.00,2020-06-08,
07c6eb23168a56b82dfa82ac4f4ddf71,SY114,2020-06-08,BMO,2020Q1,0.55,0.76,2020-06-07,9922926612.00,10643748151.00,2020-09-04,
ea4a1436c4b9f88528d2542ffb6c27ea,SY114,2020-09-04,BMO,2020Q2,0.72,1.03,2020-09-03,18252125379.00,17924233985.00,2020-12-04,
efc0d1fcfb591c6c649f0eb3a9aa843c,SY114,2020-12-04,BMO,2020Q3,1.69,1.95,2020-12-03,6586930423.00,6567297009.00,2021-03-09,
796a78d9d246008f7c3df29c108b17c1,SY114,2021-03-09,AMC,2021Q4,1.65,1.87,2021-03-08,8883045907.00,8491822578.00,2021-06-08,
26bb2266714087464aa294db2a0a4295,SY114,2021-06-08,BMO,2021Q1,1.74,1.81,2021-06-07,6453812480.00,6500875490.00,2021-09-07,
0a2bdf22b370e2254c93bfd9cf5af416,SY114,2021-09-07,BMO,2021Q2,0.98,1.35,2021-09-06,6067945774.00,6202582507.00,2021-12-06,
d79c1e6fbd99078f0c1630e8943a24a5,SY114,2021-12-06,AMC,2021Q3,0.50,1.04,2021-12-05,11417049082.00,11527983243.00,2022-03-08,2021-12-21
b9559cd3414515a3383ed0bb39f3df57,SY114,2022-03-08,BMO,2022Q4,2.79,2.76,2022-03-07,3759200116.00,3673713039.00,2022-06-07,
2e9308d8762f2e55594aa4682d40fdaa,SY114,2022-06-07,AMC,2022Q1,1.62,1.67,2022-06-06,12708488636.00,13609079608.00,2022-09-07,
dc640a382d49d11670097341c703cbc5,SY114,2022-09-07,BMO,2022Q2,0.78,0.69,2022-09-06,4256011991.00,4012966344.00,2022-12-06,
1109386a64faec702a1f6e45cbfd31e5,SY114,2022-12-06,AMC,2022Q3,2.78,2.72,2022-12-05,4143661096.00,4164125068.00,2023-03-09,
962215fbea25997fe9198fe5ca32c0ab,SY114,2023-03-09,BMO,2023Q4,2.73,2.41,2023-03-08,10073058546.00,10550731368.00,2023-06-08,
228a5503f10e9df81c4812a6910c58ed,SY114,2023-06-08,BMO,2023Q1,2.56,2.48,2023-06-07,17046095931.00,17605447379.00,2023-09-08,
4e505913b32836e7f8d9ea90f6c95fa6,SY114,2023-09-08,BMO,2023Q2,2.17,2.39,2023-09-07,8313066597.00,8670538872.00,2023-12-07,
e39b43c2c0026b322d5e49ccc77b459a,SY114,2023-12-07,BMO,2023Q3,2.30,2.59,2023-12-06,17508349609.00,16888233393.00,2024-03-11,
e273178cacc24439a9ba8976eb07090e,SY114,2024-03-11,BMO,2024Q4,0.68,0.63,2024-03-10,14647136501.00,15160572365.00,2024-06-10,
feff25c8bf81de96f2a7fd82c04b004f,SY114,2024-06-10,AMC,2024Q1,1.80,1.81,2024-06-09,18888501555.00,18798073378.00,2024-09-10,
4b3db32e4ffdaab8ccf7a29fc6b36d1a,SY114,2024-09-10,AMC,2024Q2,2.21,1.96,2024-09-09,1991103588.00,2151250247.00,2024-12-09,
cd322fc6124be540b57777c126e63e58,SY114,2024-12-09,AMC,2024Q3,2.62,2.53,2024-12-08,5531203498.00,5906411065.00,2025-03-13,
92bb5e3dca7ffb9491d79c758129a678,SY114,2025-03-13,BMO,2025Q4,1.89,2.03,2025-03-12,17293782863.00,18026995602.00,2025-06-12,
acc8b6f6d9ce05d8c40ed6b446fb14a0,SY114,2025-06-12,AMC,2025Q1,3.05,2.94,2025-06-11,9864590415.00,9646222274.00,2025-09-12,
e00e9b397e796c4afbe7da6df5092fbc,SY114,2025-09-12,BMO,2025Q2,2.40,2.53,2025-09-11,19379966663.00,19094640344.00,2025-12-11,2025-10-01
0baf5c7a333e278253c4dbc57538de64,SY114,2025-12-11,BMO,2025Q3,0.76,0.75,2025-12-10,2645032263.00,2671679157.00,,
c6fffdace1349be0267f68099fefd079,SY115,2019-05-20,AMC,2019Q1,0.36,0.73,2019-05-19,16146255462.00,16783885411.00,2019-08-19,
883e884f09fafe26a1b92d8eb64cce56,SY115,2019-08-19,BMO,2019Q2,1.91,1.69,2019-08-18,19609560744.00,18301768486.00,2019-11-15,
37846f30c3451f72f0382903eda130ed,SY115,2019-11-15,AMC,2019Q3,1.66,1.67,2019-11-14,2492839793.00,2595228433.00,2020-02-19,
500d5efba7a04f563efb64332d6278f0,SY115,2020-02-19,AMC,2020Q4,1.72,1.61,2020-02-18,5320221295.00,5616360702.00,2020-05-19,
aece0e5b5a1f891fcd0fd7bcf0472434,SY115,2020-05-19,BMO,2020Q1,1.14,1.03,2020-05-18,6924878926.00,7216223179.00,2020-08-18,
0ddcd32974b4706db829e6165763d558,SY115,2020-08-18,BMO,2020Q2,0.89,1.08,2020-08-17,3478266005.00,3428832633.00,2020-11-16,
19354b55bba6b242b667f0183ac84d88,SY115,2020-11-16,AMC,2020Q3,1.23,1.74,2020-11-15,7940389938.00,7786041093.00,2021-02-18,
f412f696e64f4a1cc5f4cf032180b3b3,SY115,2021-02-18,AMC,2021Q4,2.74,2.93,2021-02-17,17699174976.00,18535568192.00,2021-05-19,
3f37da0981045f25098ddfb584775204,SY115,2021-05-19,BMO,2021Q1,2.39,2.68,2021-05-18,4783146805.00,4660991503.00,2021-08-18,
e966da1ead51006d0e14602f2c0a05d0,SY115,2021-08-18,BMO,2021Q2,1.77,1.95,2021-08-17,16286137931.00,16800626194.00,2021-11-16,
fce872082125173c3334d8d290d65e33,SY115,2021-11-16,BMO,2021Q3,1.32,1.49,2021-11-15,5866182150.00,5775276303.00,2022-02-16,
47696bc48abe87330a4829fd7834300c,SY115,2022-02-16,AMC,2022Q4,2.85,2.57,2022-02-15,18943605262.00,18797185417.00,2022-05-18,
bd1dfb84d534cbcae668248189b816f2,SY115,2022-05-18,BMO,2022Q1,1.36,1.24,2022-05-17,1127006541.00,1154268721.00,2022-08-18,2022-06-09
2b881ae1bed24176d3a846f58bd3fba9,SY115,2022-08-18,BMO,2022Q2,2.85,2.80,2022-08-17,19530754787.00,19373339305.00,2022-11-16,
f30e8d538f3305ff95e38faf97d3cd65,SY115,2022-11-16,AMC,2022Q3,2.66,2.64,2022-11-15,3201118747.00,3065346060.00,2023-02-17,2022-11-23
b4ad6a34b2f9279107cf27821d3adecc,SY115,2023-02-17,BMO,2023Q4,1.47,1.70,2023-02-16,6779812915.00,7057962807.00,2023-05-19,
e5e196447774ac5402b6567bdf970e7d,SY115,2023-05-19,BMO,2023Q1,1.54,1.79,2023-05-18,2994251951.00,3120956024.00,2023-08-21,
4b7790225f4d12c3fca2ec2a2a636404,SY115,2023-08-21,BMO,2023Q2,2.70,2.66,2023-08-20,12257488042.00,12280921680.00,2023-11-17,
e0443224755013223f0471e12916b1df,SY115,2023-11-17,AMC,2023Q3,2.81,2.44,2023-11-16,8745759294.00,8708129095.00,2024-02-21,2023-12-07
37bb2bbea075747b2d7804dc32fd3255,SY115,2024-02-21,BMO,2024Q4,2.55,2.22,2024-02-20,2001372039.00,2099477556.00,2024-05-21,
62ee7e1219667cafbbc056da573be3d3,SY115,2024-05-21,BMO,2024Q1,2.03,1.99,2024-05-20,7842141079.00,7599150176.00,2024-08-21,
afb0eda5d858152cc2a992563b2b677f,SY115,2024-08-21,BMO,2024Q2,2.42,2.28,2024-08-20,4808510592.00,4640181760.00,2024-11-19,
0d29662316e656007e9e97a4c9a27078,SY115,2024-11-19,BMO,2024Q3,2.55,2.74,2024-11-18,15664159751.00,15708480855.00,2025-02-24,
bb6282cf4ee4f2b2c1e70fcec7ad6739,SY115,2025-02-24,AMC,2025Q4,2.28,2.13,2025-02-23,18572479944.00,18905749771.00,2025-05-23,2025-03-20
24c035c03e29dcb9689f785c921d761e,SY115,2025-05-23,BMO,2025Q1,0.41,0.51,2025-05-22,9202370688.00,8828613019.00,2025-08-25,
2bb5c82202a36ac30ce02e290228ba7f,SY115,2025-08-25,AMC,2025Q2,0.88,0.83,2025-08-24,16695192867.00,16330513819.00,2025-11-21,
98e6982f5205f6240c9edb640260c096,SY115,2025-11-21,AMC,2025Q3,0.64,0.65,2025-11-20,18811838322.00,18652403309.00,,
6b5f4555b6145ca6c79f530d0d11a9af,SY116,2019-04-22,AMC,2019Q1,0.93,1.10,2019-04-21,3591512694.00,3382002318.00,2019-07-22,
38ad6b1079a21e995d879028aa5ef2cc,SY116,2019-07-22,AMC,2019Q2,1.79,1.96,2019-07-21,6880160435.00,6638240363.00,2019-10-18,
7c6559ae83945cc86a71077577657f1e,SY116,2019-10-18,BMO,2019Q3,0.61,0.58,2019-10-17,7137936447.00,7116501658.00,2020-01-21,
320a01cf3c0351d3dcdcdc4fbe5b01b2,SY116,2020-01-21,BMO,2020Q4,1.12,0.85,2020-01-20,4056036561.00,4085188298.00,2020-04-21,
6c55397e912ab08b4257b2b4621dbcf3,SY116,2020-04-21,BMO,2020Q1,2.06,2.14,2020-04-20,4611126804.00,4685056931.00,2020-07-21,
4ababc670b7e0104191be4dd74944981,SY116,2020-07-21,AMC,2020Q2,1.34,1.07,2020-07-20,5216172020.00,4985818741.00,2020-10-19,
398af3a26751c7beee91872c0f410d65,SY116,2020-10-19,BMO,2020Q3,2.01,1.82,2020-10-18,1682923883.00,1739380589.00,2021-01-20,
ce6f87d44d6fa6757b9f36832ccd6e2e,SY116,2021-01-20,AMC,2021Q4,1.82,1.61,2021-01-19,11133756834.00,10919406834.00,2021-04-21,
2f51e3ce15de1fc97dc39a4ba19ad4c4,SY116,2021-04-21,BMO,2021Q1,0.89,1.01,2021-04-20,14708324705.00,15407408652.00,2021-07-21,
9259637f4d37b94646260c8a0ec7f446,SY116,2021-07-21,BMO,2021Q2,1.20,1.14,2021-07-20,9450646055.00,10056686927.00,2021-10-19,
49fc9bb941f6d822219308e89872ba8c,SY116,2021-10-19,BMO,2021Q3,0.53,0.63,2021-10-18,13485904409.00,13175713692.00,2022-01-19,
d2e2f1e618f0cbde33a380109b97d382,SY116,2022-01-19,AMC,2022Q4,1.90,1.98,2022-01-18,13496749465.00,13985172227.00,2022-04-20,
feb11573fb9f2ff829e5185cbd5febe0,SY116,2022-04-20,AMC,2022Q1,0.95,0.85,2022-04-19,10292709842.00,9987166629.00,2022-07-21,
d48f34ae3b640389aaf7c9393287c4a4,SY116,2022-07-21,AMC,2022Q2,1.52,1.55,2022-07-20,6811938171.00,6739271421.00,2022-10-19,
4adf19796d9d47c27c9da00c9c18e0ee,SY116,2022-10-19,AMC,2022Q3,1.52,1.76,2022-10-18,5761655915.00,6247263787.00,2023-01-20,
a2be43927a965ceeddbb2f4e5ce6818f,SY116,2023-01-20,AMC,2023Q4,2.59,2.85,2023-01-19,18606912349.00,19679546854.00,2023-04-21,
b452fd9ca0ed35a2fb9eb4cdb5df66c9,SY116,2023-04-21,BMO,2023Q1,3.20,2.75,2023-04-20,7336789500.00,7580377962.00,2023-07-24,
d73f689f1a8764adcefc3a306748d3d1,SY116,2023-07-24,AMC,2023Q2,1.00,0.87,2023-07-23,12549436056.00,12277363315.00,2023-10-20,
5c79248155718b1a25af404e64d5e88e,SY116,2023-10-20,BMO,2023Q3,2.59,2.60,2023-10-19,12287042507.00,12194293696.00,2024-01-23,
8edecbffdf87eb6f093c47aae4ee5b24,SY116,2024-01-23,BMO,2024Q4,1.60,1.78,2024-01-22,17077265703.00,17362761741.00,2024-04-23,
7598c16673798ea0d3a35cb73cc29d16,SY116,2024-04-23,BMO,2024Q1,0.45,0.63,2024-04-22,4352305149.00,4159903809.00,2024-07-24,
66709c0922a1a5c274d1df1197dfc3b3,SY116,2024-07-24,BMO,2024Q2,2.26,2.32,2024-07-23,12594518085.00,11943243153.00,2024-10-22,2024-08-05
fa036f582a2637dbaa7336e73c5d6d49,SY116,2024-10-22,BMO,2024Q3,1.73,1.81,2024-10-21,1422962378.00,1479897781.00,2025-01-24,
5253ccecef8a13d7c1c4e7f7b0944b80,SY116,2025-01-24,BMO,2025Q4,0.62,0.54,2025-01-23,6600592257.00,6867238366.00,2025-04-25,
c6103fe13bdd26644e9a8d1a5f71e697,SY116,2025-04-25,BMO,2025Q1,2.18,2.10,2025-04-24,15117512074.00,14886184922.00,2025-07-28,
6cef5387c69e07a284af7b350ef12a9c,SY116,2025-07-28,AMC,2025Q2,3.08,2.95,2025-07-27,3380947619.00,3253959084.00,2025-10-24,
d81673944d1f97a3910ed1748d96d774,SY116,2025-10-24,BMO,2025Q3,2.49,2.68,2025-10-23,703559640.00,702878973.00,,
8ab6eadf72fdb4522763c2ad5567cbb0,SY117,2019-06-26,AMC,2019Q1,2.04,2.31,2019-06-25,6686565435.00,6486627735.00,2019-09-25,
9c9513a22065868c658b52460655f057,SY117,2019-09-25,AMC,2019Q2,1.50,1.19,2019-09-24,11111576031.00,10670404172.00,2019-12-24,
41800a884fb847656a8cf23d41497261,SY117,2019-12-24,BMO,2019Q3,1.83,1.28,2019-12-23,12005486299.00,11913448696.00,2020-03-26,
c9def6fe9d52e1d3ca15185afdff55a3,SY117,2020-03-26,BMO,2020Q4,0.44,0.77,2020-03-25,14580578900.00,14337629632.00,2020-06-25,
ebf200f75f64a80deba36ea3422e5bd6,SY117,2020-06-25,BMO,2020Q1,2.79,2.96,2020-06-24,14598430011.00,15136896058.00,2020-09-24,
65ce7d9c0c648e6c2b416876536a61e1,SY117,2020-09-24,BMO,2020Q2,2.14,1.76,2020-09-23,11353773963.00,11153849918.00,2020-12-23,
079eccaedf06c5836eb364c2150d8cc9,SY117,2020-12-23,BMO,2020Q3,2.42,2.76,2020-12-22,8358178004.00,8039624226.00,2021-03-26,
ab91ba16166347895b6881ec90501230,SY117,2021-03-26,BMO,2021Q4,0.19,0.51,2021-03-25,11744326584.00,11384071288.00,2021-06-25,
3d9a33a6e0b08919fe208e0909412342,SY117,2021-06-25,AMC,2021Q1,0.73,0.55,2021-06-24,16035381863.00,16213508424.00,2021-09-24,
425d228fe84f282b9ab77e9075c6b70b,SY117,2021-09-24,AMC,2021Q2,2.51,2.83,2021-09-23,9210072648.00,9641362817.00,2021-12-23,
a39f41a65f2678e61dd1c5992fb27690,SY117,2021-12-23,AMC,2021Q3,1.03,0.89,2021-12-22,2730287294.00,2602099007.00,2022-03-25,
650c5ed117faea4471fa0905621349e4,SY117,2022-03-25,BMO,2022Q4,1.31,1.67,2022-03-24,3433312181.00,3487231841.00,2022-06-27,
94a602dfbc04cc7da3899e6f1f108008,SY117,2022-06-27,AMC,2022Q1,2.09,1.97,2022-06-26,13865231160.00,13714990558.00,2022-09-26,
8bee6a85821419030c366bc504c8e1e3,SY117,2022-09-26,AMC,2022Q2,2.05,2.05,2022-09-25,8437323188.00,8549418449.00,2022-12-23,
61eb4837691c50b7dfa41e538badc738,SY117,2022-12-23,AMC,2022Q3,1.57,1.53,2022-12-22,12873352016.00,12733550671.00,2023-03-28,
7fda9f46878ca8697260df650ce5a2ab,SY117,2023-03-28,BMO,2023Q4,1.36,1.27,2023-03-27,8946360231.00,9115805883.00,2023-06-28,
db9db6941fb3bbb5d61a4f9b6b265698,SY117,2023-06-28,AMC,2023Q1,2.56,2.72,2023-06-27,6313039885.00,6449845984.00,2023-09-27,
3f662bae44dbf4e0346461b8176d720b,SY117,2023-09-27,BMO,2023Q2,1.96,1.77,2023-09-26,13096137566.00,13264344697.00,2023-12-27,
8be33a118ad6b769eceb7332425176d9,SY117,2023-12-27,BMO,2023Q3,1.96,1.69,2023-12-26,17888480868.00,18568295591.00,2024-03-28,2024-01-09
2b47f7be3429214ea5b631fbe8240665,SY117,2024-03-28,AMC,2024Q4,2.87,2.76,2024-03-27,8107170149.00,8168327236.00,2024-06-28,
a28a17e063decd639232f163b2dee2f2,SY117,2024-06-28,AMC,2024Q1,2.91,2.90,2024-06-27,3627879270.00,3639650933.00,2024-09-27,
816c1b7fe3e56f6a3e36e204c1f3b1f6,SY117,2024-09-27,AMC,2024Q2,0.56,0.55,2024-09-26,3328770950.00,3337667261.00,2024-12-27,
f3883ba43ed71e29c6115b6900fe85ea,SY117,2024-12-27,BMO,2024Q3,2.44,2.75,2024-12-26,17512124068.00,17905873732.00,2025-04-01,
dee33a0190362f89da1127796c81b898,SY117,2025-04-01,AMC,2025Q4,2.51,2.76,2025-03-31,16624753074.00,16483729511.00,2025-07-02,
47244fc137968c3d08998d804f4f3cd3,SY117,2025-07-02,BMO,2025Q1,2.78,2.81,2025-07-01,799650788.00,775352797.00,2025-10-01,
fda09769677d6cfeb10212737df2464d,SY117,2025-10-01,AMC,2025Q2,0.60,0.77,2025-09-30,3454617461.00,3417362531.00,2025-12-31,2025-10-09
0620b5b5781933621f2539a2dc74abe5,SY118,2019-04-09,BMO,2019Q1,0.91,1.19,2019-04-08,4952799367.00,5011481468.00,2019-07-10,
3eca813d6bea03a8bc7afacb0321857a,SY118,2019-07-10,AMC,2019Q2,2.23,2.01,2019-07-09,18722694812.00,19145763463.00,2019-10-08,
f2f9b580e66957ee7bd08b8cc992cbe5,SY118,2019-10-08,AMC,2019Q3,1.60,1.71,2019-10-07,1145812958.00,1163547674.00,2020-01-08,
b179b61d6df181bd5d2249906abfe730,SY118,2020-01-08,AMC,2020Q4,2.56,2.23,2020-01-07,11561081404.00,11373351158.00,2020-04-08,
86e0d66237ddb4c1b28886159144c671,SY118,2020-04-08,AMC,2020Q1,1.88,1.97,2020-04-07,18989172636.00,18452716513.00,2020-07-09,2020-04-29
9669c16dd5991be10546ca5f38d73f2d,SY118,2020-07-09,BMO,2020Q2,2.81,2.51,2020-07-08,13216032568.00,14008921895.00,2020-10-07,
97f251bdf32dbccc457fb33256f9ac2e,SY118,2020-10-07,AMC,2020Q3,2.43,2.20,2020-10-06,7484226911.00,7091815265.00,2021-01-07,
e44b41bfab312bde1f98a65786a43eaa,SY118,2021-01-07,BMO,2021Q4,2.17,1.77,2021-01-06,1509692543.00,1433805521.00,2021-04-09,
969564bb78eff1c59b5ae39f1968604a,SY118,2021-04-09,BMO,2021Q1,2.01,1.82,2021-04-08,14583988315.00,14362699903.00,2021-07-09,
cb85ccc0913567529cb2102ad952dfcc,SY118,2021-07-09,AMC,2021Q2,1.34,0.98,2021-07-08,3122161125.00,3333329036.00,2021-10-07,
2796c956fe6ec78919b0c380b93a5fa2,SY118,2021-10-07,BMO,2021Q3,1.49,1.89,2021-10-06,3174936460.00,3095289303.00,2022-01-06,
f9647954be4753f23e9c2b6a4ecff19a,SY118,2022-01-06,AMC,2022Q4,2.04,2.02,2022-01-05,1929176866.00,1984760130.00,2022-04-07,
6d3ce915f6fc7f23e4861041b872c197,SY118,2022-04-07,AMC,2022Q1,2.13,2.17,2022-04-06,5248274223.00,5356986326.00,2022-07-11,
4d0b584e6eaea5f0ba424344ec1fc876,SY118,2022-07-11,BMO,2022Q2,0.89,1.04,2022-07-10,7339288208.00,7756129260.00,2022-10-07,
91932933ffb39cbf26e872bff5ae460d,SY118,2022-10-07,AMC,2022Q3,1.78,2.32,2022-10-06,8915057799.00,8996977550.00,2023-01-09,
f5eb576ae6046151395af85539d42ce1,SY118,2023-01-09,BMO,2023Q4,1.67,1.99,2023-01-08,18757623584.00,18605294943.00,2023-04-11,
973936f7e649ea0883e9a28f2616a2b1,SY118,2023-04-11,BMO,2023Q1,2.48,2.68,2023-04-10,16278572399.00,16226356353.00,2023-07-12,
3e0884abd508112be9e8f0c717027874,SY118,2023-07-12,AMC,2023Q2,2.24,2.28,2023-07-11,16404680048.00,15912486352.00,2023-10-10,
6791805eb880dbc7f7b2d1160fe475ec,SY118,2023-10-10,BMO,2023Q3,1.01,0.97,2023-10-09,8499985700.00,8813806298.00,2024-01-10,
8f0abc79075e9d6141912ee867051568,SY118,2024-01-10,BMO,2024Q4,2.28,1.90,2024-01-09,5492644423.00,5491381095.00,2024-04-11,
38a6858b7b24fcfe7b86d98eb24f1594,SY118,2024-04-11,BMO,2024Q1,1.94,1.53,2024-04-10,4877792487.00,4797080013.00,2024-07-12,
2e92462d79e7c862ad183063f10ad3bd,SY118,2024-07-12,BMO,2024Q2,2.04,2.13,2024-07-11,3052589820.00,3030102711.00,2024-10-10,
85c5b8e55e5ed00464a6b041719e2ee7,SY118,2024-10-10,AMC,2024Q3,0.89,0.68,2024-10-09,19670958635.00,18768675108.00,2025-01-13,
503f39296daae093c19424da2807bd5a,SY118,2025-01-13,BMO,2025Q4,2.40,2.85,2025-01-12,9518876767.00,9390672353.00,2025-04-14,
9ba03157a163e8d7f36623123e037e5e,SY118,2025-04-14,AMC,2025Q1,2.45,2.31,2025-04-13,4876457242.00,4757471443.00,2025-07-16,2025-04-29
b00e349bdcdba2c17d5c50ef3bd49298,SY118,2025-07-16,AMC,2025Q2,1.77,1.39,2025-07-15,11937837682.00,12131623898.00,2025-10-14,
a6848091620626ffa944c0fa1d7f365c,SY118,2025-10-14,AMC,2025Q3,0.74,0.75,2025-10-13,4302230650.00,4401739670.00,,
21d8709a14cbede006b21f9c73f31403,SY119,2019-05-02,BMO,2019Q1,2.53,2.24,2019-05-01,8786548883.00,8796784787.00,2019-08-01,
4499573ba31ff7a71ecfe8dfba586ac4,SY119,2019-08-01,BMO,2019Q2,1.06,1.49,2019-07-31,12584678040.00,12517330800.00,2019-10-30,
fbba643f214e14c63c65554b03ec208f,SY119,2019-10-30,AMC,2019Q3,2.55,2.50,2019-10-29,4935990869.00,5049672218.00,2020-01-31,
a59941552600c6459758aca3f55014df,SY119,2020-01-31,BMO,2020Q4,2.67,2.62,2020-01-30,12448069957.00,12257036614.00,2020-05-01,
025abba804ce5a963d65506738eb427c,SY119,2020-05-01,BMO,2020Q1,1.58,1.88,2020-04-30,10559858873.00,11059327483.00,2020-07-31,
5494d8ace37fa105b355fe4b28c6e7ac,SY119,2020-07-31,BMO,2020Q2,1.47,1.85,2020-07-30,15475322468.00,15684433134.00,2020-10-29,
4a1062d39d657e8ecffedf3c8aa29450,SY119,2020-10-29,AMC,2020Q3,1.61,1.74,2020-10-28,2799761492.00,2776783882.00,2021-02-01,
8748ce87e28787f73416603488265937,SY119,2021-02-01,AMC,2021Q4,0.45,0.62,2021-01-31,6704222491.00,6698771976.00,2021-05-03,
bf06b3a3a10a3f2057bc3fb4f120c099,SY119,2021-05-03,AMC,2021Q1,2.99,2.97,2021-05-02,4742014579.00,4713928035.00,2021-08-02,
f178159cc98f925d61badc4bc472c7f4,SY119,2021-08-02,AMC,2021Q2,1.90,1.79,2021-08-01,19994350929.00,19163083424.00,2021-10-29,
4678fd8d938416fe603578c81a4e451c,SY119,2021-10-29,BMO,2021Q3,2.18,2.38,2021-10-28,3836860976.00,3598358789.00,2022-01-31,2021-11-16
a2df8e8103a7de5a1d6fbc5d0b94433e,SY119,2022-01-31,AMC,2022Q4,0.90,1.05,2022-01-30,15453585626.00,16500819971.00,2022-05-02,
387a4ba6d0317ca70c9044d58e7d7122,SY119,2022-05-02,BMO,2022Q1,2.53,2.65,2022-05-01,19192851795.00,19411561196.00,2022-08-02,
459bde561f792bd3ef6f92d15bb03d7b,SY119,2022-08-02,BMO,2022Q2,1.70,2.00,2022-08-01,6966199328.00,6692304109.00,2022-10-31,
758140dee515b4b5eeb9574b5df4c897,SY119,2022-10-31,AMC,2022Q3,2.31,2.87,2022-10-30,1256698242.00,1289151298.00,2023-02-01,
2371a90a50e52a95fd7a965d864f42f2,SY119,2023-02-01,BMO,2023Q4,0.45,0.91,2023-01-31,17153804365.00,17419414265.00,2023-05-03,
c491d62aaedeabfce63de1977c93f767,SY119,2023-05-03,AMC,2023Q1,2.78,2.65,2023-05-02,16483422123.00,16021053427.00,2023-08-03,
00ab78910a1b046b5ce148508108128c,SY119,2023-08-03,BMO,2023Q2,1.96,1.75,2023-08-02,15465115570.00,15359349911.00,2023-11-01,
c8fdff0d5b3c740ff6159c09b3523234,SY119,2023-11-01,AMC,2023Q3,1.71,2.03,2023-10-31,11220870575.00,11529099480.00,2024-02-02,
c03bad43b5bf48a8f947ef9f2b8e16aa,SY119,2024-02-02,BMO,2024Q4,1.97,2.27,2024-02-01,6248111122.00,6369256425.00,2024-05-03,
c42329af5d543b02e26e1808dfa62459,SY119,2024-05-03,AMC,2024Q1,0.38,0.59,2024-05-02,6339158771.00,6332105082.00,2024-08-05,
cc4aebc47011069769e7aee22865053e,SY119,2024-08-05,BMO,2024Q2,1.69,1.60,2024-08-04,1314941285.00,1336291380.00,2024-11-01,
2f355b1e009e43e35d7b0240469d782c,SY119,2024-11-01,BMO,2024Q3,2.43,2.12,2024-10-31,18355053373.00,18385437784.00,2025-02-05,
2055e142fe27cd58a9b6f7c1b7a65acf,SY119,2025-02-05,AMC,2025Q4,2.12,2.23,2025-02-04,10959576581.00,11800506895.00,2025-05-07,
930e4c8efa3d755343834589ed43db23,SY119,2025-05-07,AMC,2025Q1,2.79,2.83,2025-05-06,9274351348.00,8966252725.00,2025-08-07,
7cf4c51f90604cc7025ae4b7bc2a14f7,SY119,2025-08-07,BMO,2025Q2,1.27,0.67,2025-08-06,15188773948.00,15171194469.00,2025-11-05,
4162f492d8ed12b3bb3a7f92080a2388,SY119,2025-11-05,BMO,2025Q3,1.83,1.58,2025-11-04,8744877666.00,8751327269.00,,
